OF_id,fornecedor,data_emissao,prazo_entrega,data_entrega_real,valor,categoria,dias_prazo,dias_para_vencer,dias_entrega_real,valor_log,atraso,taxa_atraso_fornecedor,total_of_fornecedor,valor_medio_fornecedor
1,Fornecedor_3,2023-02-07,2023-02-21,2023-02-19,17848.33,Medicamentos,14,-1194,12,9.789721251489324,0,0.24444444444444444,45,23814.126444444442
2,Fornecedor_1,2023-08-24,2023-09-02,2023-09-01,45541.23,Equipamentos,9,-1001,8,10.726395306359112,0,0.39215686274509803,51,26938.735098039215
3,Fornecedor_18,2023-03-14,2023-03-27,2023-04-01,19628.34,Tecnologia,13,-1160,18,9.884780664698143,1,0.3409090909090909,44,23445.405000000002
4,Fornecedor_5,2023-09-13,2023-10-06,2023-10-09,34143.04,Insumos,23,-967,26,10.438343325609697,1,0.41304347826086957,46,26724.331521739132
5,Fornecedor_1,2023-07-23,2023-08-07,2023-08-06,42949.85,Medicamentos,15,-1027,14,10.66781171767059,0,0.39215686274509803,51,26938.735098039215
6,Fornecedor_19,2023-05-14,2023-05-22,2023-05-21,34779.53,Equipamentos,8,-1104,7,10.456813026435066,0,0.3793103448275862,58,30085.888275862068
7,Fornecedor_1,2023-12-02,2023-12-21,2023-12-21,9905.22,Insumos,19,-891,19,9.200918121663939,0,0.39215686274509803,51,26938.735098039215
8,Fornecedor_20,2023-05-25,2023-06-10,2023-06-08,37613.1,Equipamentos,16,-1085,14,10.535134259083058,0,0.3220338983050847,59,21740.94559322034
9,Fornecedor_9,2023-05-10,2023-05-24,2023-05-25,3615.62,Insumos,14,-1102,15,8.193295166991442,1,0.22727272727272727,44,26572.065454545453
10,Fornecedor_8,2023-03-13,2023-03-28,2023-03-26,38728.83,Equipamentos,15,-1159,13,10.564365383136913,0,0.3269230769230769,52,28221.404230769233
11,Fornecedor_17,2023-08-26,2023-09-02,2023-09-02,40950.44,Insumos,7,-1001,7,10.620142253498113,0,0.37037037037037035,54,25592.20962962963
12,Fornecedor_6,2023-10-09,2023-10-25,2023-10-24,6188.12,Insumos,16,-948,15,8.730548190790365,0,0.28888888888888886,45,26625.86022222222
13,Fornecedor_14,2023-06-28,2023-07-19,2023-07-18,44995.0,Insumos,21,-1046,20,10.714328875912717,0,0.3404255319148936,47,27536.185319148935
14,Fornecedor_5,2023-10-04,2023-10-22,2023-10-21,34496.86,Equipamentos,18,-951,17,10.448652572110067,0,0.41304347826086957,46,26724.331521739132
15,Fornecedor_8,2023-09-12,2023-09-27,2023-09-27,31083.03,Equipamentos,15,-976,15,10.34444946145542,0,0.3269230769230769,52,28221.404230769233
16,Fornecedor_10,2023-12-24,2024-01-01,2024-01-06,48648.6,Insumos,8,-880,13,10.792398865586517,1,0.34545454545454546,55,25275.839636363635
17,Fornecedor_20,2023-09-10,2023-09-26,2023-09-28,33537.94,Equipamentos,16,-977,18,10.420462430822921,1,0.3220338983050847,59,21740.94559322034
18,Fornecedor_5,2023-06-06,2023-06-21,2023-06-26,19489.54,Equipamentos,15,-1074,20,9.87768449863395,1,0.41304347826086957,46,26724.331521739132
19,Fornecedor_11,2023-02-20,2023-02-27,2023-02-27,24402.36,Medicamentos,7,-1188,7,10.102476106718875,0,0.125,48,25942.747083333335
20,Fornecedor_20,2023-03-10,2023-03-27,2023-03-25,10122.28,Insumos,17,-1160,15,9.222593001000876,0,0.3220338983050847,59,21740.94559322034
21,Fornecedor_12,2023-08-04,2023-08-19,2023-08-19,17527.0,Tecnologia,15,-1015,15,9.771554881275302,0,0.20512820512820512,39,27436.36
22,Fornecedor_19,2023-08-30,2023-09-22,2023-09-27,46523.89,Tecnologia,23,-981,28,10.747742717187398,1,0.3793103448275862,58,30085.888275862068
23,Fornecedor_13,2023-12-19,2024-01-01,2023-12-31,31704.56,Equipamentos,13,-880,12,10.364247338807353,0,0.2786885245901639,61,27560.733770491803
24,Fornecedor_17,2023-03-28,2023-04-02,2023-04-06,13350.54,Tecnologia,5,-1154,9,9.49938701298067,1,0.37037037037037035,54,25592.20962962963
25,Fornecedor_13,2023-05-22,2023-06-09,2023-06-13,35235.89,Equipamentos,18,-1086,22,10.4698488241693,1,0.2786885245901639,61,27560.733770491803
26,Fornecedor_3,2023-01-08,2023-01-31,2023-01-31,15708.09,Insumos,23,-1215,23,9.66199480468335,0,0.24444444444444444,45,23814.126444444442
27,Fornecedor_1,2023-11-16,2023-11-27,2023-11-27,33306.52,Medicamentos,11,-915,11,10.413538476299546,0,0.39215686274509803,51,26938.735098039215
28,Fornecedor_4,2023-11-14,2023-11-30,2023-12-02,17799.01,Medicamentos,16,-912,18,9.786954298077772,1,0.32,50,24059.582799999996
29,Fornecedor_15,2023-01-23,2023-02-16,2023-02-17,8699.97,Equipamentos,24,-1199,25,9.071189792680526,1,0.34615384615384615,52,27936.5375
30,Fornecedor_1,2023-11-10,2023-11-27,2023-11-25,46758.13,Equipamentos,17,-915,15,10.752764809767067,0,0.39215686274509803,51,26938.735098039215
31,Fornecedor_18,2023-01-02,2023-01-11,2023-01-16,14390.22,Tecnologia,9,-1235,14,9.574373577385684,1,0.3409090909090909,44,23445.405000000002
32,Fornecedor_7,2023-11-13,2023-12-01,2023-11-30,31683.82,Equipamentos,18,-911,17,10.36359298081991,0,0.3269230769230769,52,26954.52903846154
33,Fornecedor_19,2023-07-29,2023-08-11,2023-08-12,47092.11,Medicamentos,13,-1023,14,10.759881984802826,1,0.3793103448275862,58,30085.888275862068
34,Fornecedor_11,2023-09-22,2023-09-30,2023-09-30,27559.57,Equipamentos,8,-973,8,10.224141407061763,0,0.125,48,25942.747083333335
35,Fornecedor_3,2023-08-05,2023-08-15,2023-08-14,13526.48,Equipamentos,10,-1019,9,9.512478451046013,0,0.24444444444444444,45,23814.126444444442
36,Fornecedor_5,2023-05-22,2023-05-29,2023-06-02,32224.73,Equipamentos,7,-1097,11,10.380520480770357,1,0.41304347826086957,46,26724.331521739132
37,Fornecedor_18,2023-04-26,2023-05-01,2023-04-30,39358.44,Equipamentos,5,-1125,4,10.5804911234227,0,0.3409090909090909,44,23445.405000000002
38,Fornecedor_17,2023-05-02,2023-05-14,2023-05-14,31060.26,Medicamentos,12,-1112,12,10.343716662525077,0,0.37037037037037035,54,25592.20962962963
39,Fornecedor_17,2023-01-31,2023-02-13,2023-02-19,40350.7,Medicamentos,13,-1202,19,10.605388804161276,1,0.37037037037037035,54,25592.20962962963
40,Fornecedor_20,2023-03-13,2023-03-19,2023-03-18,2570.78,Equipamentos,6,-1168,5,7.852353545151617,0,0.3220338983050847,59,21740.94559322034
41,Fornecedor_3,2023-02-19,2023-02-28,2023-02-26,31717.74,Insumos,9,-1187,7,10.364662952387313,0,0.24444444444444444,45,23814.126444444442
42,Fornecedor_6,2023-11-10,2023-11-21,2023-11-20,19754.11,Medicamentos,11,-921,10,9.891167471040568,0,0.28888888888888886,45,26625.86022222222
43,Fornecedor_10,2023-01-04,2023-01-10,2023-01-10,13974.19,Tecnologia,6,-1236,6,9.545038893637498,0,0.34545454545454546,55,25275.839636363635
44,Fornecedor_14,2023-10-08,2023-10-22,2023-10-24,14010.12,Medicamentos,14,-951,16,9.547606579033719,1,0.3404255319148936,47,27536.185319148935
45,Fornecedor_13,2023-02-13,2023-02-21,2023-02-27,26921.55,Tecnologia,8,-1194,14,10.200719504383965,1,0.2786885245901639,61,27560.733770491803
46,Fornecedor_8,2023-03-18,2023-04-06,2023-04-12,25397.33,Insumos,19,-1150,25,10.142438702813635,1,0.3269230769230769,52,28221.404230769233
47,Fornecedor_5,2023-01-27,2023-02-04,2023-02-02,31722.24,Insumos,8,-1211,6,10.364804814290347,0,0.41304347826086957,46,26724.331521739132
48,Fornecedor_8,2023-11-05,2023-11-29,2023-11-27,11513.08,Insumos,24,-913,22,9.351325913274845,0,0.3269230769230769,52,28221.404230769233
49,Fornecedor_10,2023-12-03,2023-12-21,2023-12-22,27698.28,Tecnologia,18,-891,19,10.229161699057828,1,0.34545454545454546,55,25275.839636363635
50,Fornecedor_19,2023-04-20,2023-05-14,2023-05-13,32252.78,Insumos,24,-1112,23,10.381390524657771,0,0.3793103448275862,58,30085.888275862068
51,Fornecedor_14,2023-10-25,2023-11-03,2023-11-01,36706.76,Equipamentos,9,-939,7,10.51074345583319,0,0.3404255319148936,47,27536.185319148935
52,Fornecedor_18,2023-01-16,2023-02-05,2023-02-10,36708.48,Equipamentos,20,-1210,25,10.510790311312919,1,0.3409090909090909,44,23445.405000000002
53,Fornecedor_14,2023-03-06,2023-03-22,2023-03-21,25212.41,Insumos,16,-1165,15,10.135131274818857,0,0.3404255319148936,47,27536.185319148935
54,Fornecedor_6,2023-07-16,2023-07-25,2023-07-28,21030.21,Equipamentos,9,-1040,12,9.95376280389368,1,0.28888888888888886,45,26625.86022222222
55,Fornecedor_15,2023-01-26,2023-02-12,2023-02-10,5349.73,Medicamentos,17,-1203,15,8.58498827917992,0,0.34615384615384615,52,27936.5375
56,Fornecedor_11,2023-08-15,2023-08-26,2023-08-26,20976.82,Tecnologia,11,-1008,11,9.951220968067156,0,0.125,48,25942.747083333335
57,Fornecedor_10,2023-10-10,2023-11-03,2023-11-07,26763.06,Tecnologia,24,-939,28,10.194815221717562,1,0.34545454545454546,55,25275.839636363635
58,Fornecedor_2,2023-06-03,2023-06-24,2023-06-24,12588.52,Medicamentos,21,-1071,21,9.440620000815171,0,0.23255813953488372,43,24466.852790697674
59,Fornecedor_4,2023-04-15,2023-05-05,2023-05-04,18058.07,Tecnologia,20,-1121,19,9.801403330628451,0,0.32,50,24059.582799999996
60,Fornecedor_8,2023-01-23,2023-02-01,2023-01-31,7098.91,Tecnologia,9,-1214,8,8.867837386892727,0,0.3269230769230769,52,28221.404230769233
61,Fornecedor_8,2023-09-23,2023-10-08,2023-10-06,46893.62,Tecnologia,15,-965,13,10.75565823570091,0,0.3269230769230769,52,28221.404230769233
62,Fornecedor_10,2023-07-15,2023-07-26,2023-07-24,48697.64,Equipamentos,11,-1039,9,10.793406382602711,0,0.34545454545454546,55,25275.839636363635
63,Fornecedor_14,2023-05-07,2023-05-16,2023-05-22,36765.42,Equipamentos,9,-1110,15,10.512340207575457,1,0.3404255319148936,47,27536.185319148935
64,Fornecedor_1,2023-10-07,2023-10-15,2023-10-19,28498.68,Insumos,8,-958,12,10.257648138123532,1,0.39215686274509803,51,26938.735098039215
65,Fornecedor_17,2023-12-23,2023-12-28,2023-12-30,29507.56,Tecnologia,5,-884,7,10.292435669728413,1,0.37037037037037035,54,25592.20962962963
66,Fornecedor_14,2023-06-05,2023-06-16,2023-06-14,22194.23,Medicamentos,11,-1079,9,10.007632679908744,0,0.3404255319148936,47,27536.185319148935
67,Fornecedor_14,2023-11-10,2023-12-03,2023-12-03,47769.19,Insumos,23,-909,23,10.774157083767767,0,0.3404255319148936,47,27536.185319148935
68,Fornecedor_20,2023-03-25,2023-04-08,2023-04-12,19234.35,Tecnologia,14,-1148,18,9.86450501101773,1,0.3220338983050847,59,21740.94559322034
69,Fornecedor_3,2023-06-16,2023-07-09,2023-07-09,36756.07,Equipamentos,23,-1056,23,10.512085867090521,0,0.24444444444444444,45,23814.126444444442
70,Fornecedor_2,2023-05-17,2023-06-07,2023-06-06,44149.89,Insumos,21,-1088,20,10.695368364379322,0,0.23255813953488372,43,24466.852790697674
71,Fornecedor_12,2023-10-16,2023-10-31,2023-10-30,20991.12,Medicamentos,15,-942,14,9.951902408190891,0,0.20512820512820512,39,27436.36
72,Fornecedor_13,2023-09-24,2023-10-16,2023-10-16,12164.96,Insumos,22,-957,22,9.406397167023856,0,0.2786885245901639,61,27560.733770491803
73,Fornecedor_2,2023-10-07,2023-10-30,2023-11-05,33005.0,Equipamentos,23,-943,29,10.404444642103513,1,0.23255813953488372,43,24466.852790697674
74,Fornecedor_17,2023-05-24,2023-05-29,2023-05-28,35932.34,Medicamentos,5,-1097,4,10.489420834317663,0,0.37037037037037035,54,25592.20962962963
75,Fornecedor_6,2023-08-28,2023-09-08,2023-09-14,39504.96,Equipamentos,11,-995,17,10.584206825583003,1,0.28888888888888886,45,26625.86022222222
76,Fornecedor_19,2023-03-29,2023-04-16,2023-04-15,20004.72,Medicamentos,18,-1140,17,9.903773511645925,0,0.3793103448275862,58,30085.888275862068
77,Fornecedor_4,2023-10-09,2023-10-14,2023-10-12,41038.1,Tecnologia,5,-959,3,10.622280549779628,0,0.32,50,24059.582799999996
78,Fornecedor_2,2023-09-01,2023-09-06,2023-09-04,43987.89,Tecnologia,5,-997,3,10.691692381016907,0,0.23255813953488372,43,24466.852790697674
79,Fornecedor_12,2023-12-15,2024-01-07,2024-01-07,45622.79,Equipamentos,23,-874,23,10.72818456998517,0,0.20512820512820512,39,27436.36
80,Fornecedor_19,2023-03-16,2023-03-22,2023-03-21,25968.37,Medicamentos,6,-1165,5,10.164673045602438,0,0.3793103448275862,58,30085.888275862068
81,Fornecedor_4,2023-07-10,2023-07-20,2023-07-18,21377.6,Tecnologia,10,-1045,8,9.97014570067636,0,0.32,50,24059.582799999996
82,Fornecedor_9,2023-10-30,2023-11-17,2023-11-17,2172.04,Tecnologia,18,-925,18,7.683882387818256,0,0.22727272727272727,44,26572.065454545453
83,Fornecedor_13,2023-08-05,2023-08-18,2023-08-17,6861.65,Medicamentos,13,-1016,12,8.833848943502403,0,0.2786885245901639,61,27560.733770491803
84,Fornecedor_6,2023-06-01,2023-06-24,2023-06-22,24442.4,Tecnologia,23,-1071,21,10.104115519812716,0,0.28888888888888886,45,26625.86022222222
85,Fornecedor_9,2023-07-03,2023-07-26,2023-07-28,25517.1,Tecnologia,23,-1039,25,10.147143283276424,1,0.22727272727272727,44,26572.065454545453
86,Fornecedor_16,2023-11-18,2023-11-29,2023-11-29,12674.39,Equipamentos,11,-913,11,9.44741759721679,0,0.2545454545454545,55,23819.375818181816
87,Fornecedor_11,2023-11-30,2023-12-22,2023-12-27,40067.1,Tecnologia,22,-890,27,10.598335785485753,1,0.125,48,25942.747083333335
88,Fornecedor_10,2023-09-17,2023-10-10,2023-10-10,11608.93,Tecnologia,23,-963,23,9.359616045388663,0,0.34545454545454546,55,25275.839636363635
89,Fornecedor_11,2023-09-11,2023-09-22,2023-09-20,38313.12,Insumos,11,-981,9,10.553573775634549,0,0.125,48,25942.747083333335
90,Fornecedor_20,2023-09-20,2023-09-29,2023-10-03,23046.39,Equipamentos,9,-974,13,10.045307809909435,1,0.3220338983050847,59,21740.94559322034
91,Fornecedor_15,2023-02-22,2023-03-04,2023-03-06,49928.48,Equipamentos,10,-1183,12,10.81836688886001,1,0.34615384615384615,52,27936.5375
92,Fornecedor_8,2023-01-03,2023-01-10,2023-01-08,26607.19,Equipamentos,7,-1236,5,10.188974342116776,0,0.3269230769230769,52,28221.404230769233
93,Fornecedor_6,2023-03-18,2023-04-11,2023-04-11,9258.94,Insumos,24,-1145,24,9.133452848137592,0,0.28888888888888886,45,26625.86022222222
94,Fornecedor_13,2023-05-30,2023-06-08,2023-06-11,25124.93,Medicamentos,9,-1087,12,10.131655659601714,1,0.2786885245901639,61,27560.733770491803
95,Fornecedor_2,2023-07-23,2023-08-14,2023-08-13,30896.38,Tecnologia,22,-1020,21,10.338426669646978,0,0.23255813953488372,43,24466.852790697674
96,Fornecedor_4,2023-09-21,2023-10-09,2023-10-08,43755.72,Tecnologia,18,-964,17,10.686400479990489,0,0.32,50,24059.582799999996
97,Fornecedor_15,2023-03-19,2023-04-03,2023-04-03,12969.0,Insumos,15,-1153,15,9.47039427731049,0,0.34615384615384615,52,27936.5375
98,Fornecedor_2,2023-07-20,2023-08-13,2023-08-19,17473.15,Insumos,24,-1021,30,9.76847792500341,1,0.23255813953488372,43,24466.852790697674
99,Fornecedor_14,2023-03-17,2023-04-08,2023-04-14,44782.04,Medicamentos,22,-1148,28,10.709584775298252,1,0.3404255319148936,47,27536.185319148935
100,Fornecedor_1,2023-11-29,2023-12-04,2023-12-06,22521.38,Equipamentos,5,-908,7,10.022264760506074,1,0.39215686274509803,51,26938.735098039215
101,Fornecedor_7,2023-02-13,2023-02-26,2023-02-26,39838.89,Tecnologia,13,-1189,13,10.592623950650546,0,0.3269230769230769,52,26954.52903846154
102,Fornecedor_6,2023-01-21,2023-02-03,2023-02-01,27544.71,Insumos,13,-1212,11,10.223602085577525,0,0.28888888888888886,45,26625.86022222222
103,Fornecedor_14,2023-01-31,2023-02-19,2023-02-17,36442.41,Tecnologia,19,-1196,17,10.503515925480883,0,0.3404255319148936,47,27536.185319148935
104,Fornecedor_1,2023-02-06,2023-02-15,2023-02-17,41684.9,Equipamentos,9,-1200,11,10.637918221111823,1,0.39215686274509803,51,26938.735098039215
105,Fornecedor_9,2023-12-26,2024-01-18,2024-01-16,22087.85,Equipamentos,23,-863,21,10.002828235303461,0,0.22727272727272727,44,26572.065454545453
106,Fornecedor_16,2023-09-21,2023-10-03,2023-10-01,42312.35,Tecnologia,12,-970,10,10.65285791807915,0,0.2545454545454545,55,23819.375818181816
107,Fornecedor_20,2023-10-29,2023-11-13,2023-11-12,29408.42,Tecnologia,15,-929,14,10.289070310170304,0,0.3220338983050847,59,21740.94559322034
108,Fornecedor_9,2023-02-27,2023-03-17,2023-03-16,17326.29,Medicamentos,18,-1170,17,9.760037994255418,0,0.22727272727272727,44,26572.065454545453
109,Fornecedor_17,2023-08-29,2023-09-14,2023-09-15,8251.62,Equipamentos,16,-989,17,9.018286004669795,1,0.37037037037037035,54,25592.20962962963
110,Fornecedor_6,2023-07-30,2023-08-14,2023-08-12,38952.19,Tecnologia,15,-1020,13,10.570115947816912,0,0.28888888888888886,45,26625.86022222222
111,Fornecedor_7,2023-04-07,2023-04-22,2023-04-26,9251.58,Insumos,15,-1134,19,9.132657710534739,1,0.3269230769230769,52,26954.52903846154
112,Fornecedor_17,2023-09-27,2023-10-17,2023-10-20,48142.7,Medicamentos,20,-956,23,10.78194556754433,1,0.37037037037037035,54,25592.20962962963
113,Fornecedor_17,2023-01-11,2023-01-20,2023-01-18,3257.6,Tecnologia,9,-1226,7,8.089052934268855,0,0.37037037037037035,54,25592.20962962963
114,Fornecedor_12,2023-10-07,2023-10-23,2023-10-28,26992.96,Tecnologia,16,-950,21,10.203368416257357,1,0.20512820512820512,39,27436.36
115,Fornecedor_15,2023-12-04,2023-12-22,2023-12-27,14101.19,Equipamentos,18,-890,23,9.554085383454426,1,0.34615384615384615,52,27936.5375
116,Fornecedor_19,2023-06-02,2023-06-13,2023-06-13,29694.94,Equipamentos,11,-1082,11,10.298765615109748,0,0.3793103448275862,58,30085.888275862068
117,Fornecedor_17,2023-07-22,2023-07-29,2023-07-27,31488.79,Equipamentos,7,-1036,5,10.357418645289092,0,0.37037037037037035,54,25592.20962962963
118,Fornecedor_4,2023-05-29,2023-06-06,2023-06-04,43311.6,Medicamentos,8,-1089,6,10.676198864731903,0,0.32,50,24059.582799999996
119,Fornecedor_17,2023-05-21,2023-06-05,2023-06-05,35422.53,Tecnologia,15,-1090,15,10.475131567579334,0,0.37037037037037035,54,25592.20962962963
120,Fornecedor_6,2023-07-13,2023-07-22,2023-07-21,36640.21,Equipamentos,9,-1043,8,10.508928842260254,0,0.28888888888888886,45,26625.86022222222
121,Fornecedor_1,2023-04-05,2023-04-13,2023-04-11,8155.09,Insumos,8,-1143,6,9.006520166454454,0,0.39215686274509803,51,26938.735098039215
122,Fornecedor_4,2023-03-02,2023-03-12,2023-03-18,49178.28,Tecnologia,10,-1175,16,10.803227675565415,1,0.32,50,24059.582799999996
123,Fornecedor_1,2023-06-02,2023-06-25,2023-06-25,2165.43,Insumos,23,-1070,23,7.680835930480273,0,0.39215686274509803,51,26938.735098039215
124,Fornecedor_4,2023-12-05,2023-12-16,2023-12-16,13183.58,Insumos,11,-896,11,9.486803243900049,0,0.32,50,24059.582799999996
125,Fornecedor_19,2023-12-20,2024-01-07,2024-01-06,32142.17,Equipamentos,18,-874,17,10.377955265417208,0,0.3793103448275862,58,30085.888275862068
126,Fornecedor_2,2023-05-11,2023-05-30,2023-05-28,10828.51,Equipamentos,19,-1096,17,9.290030094280791,0,0.23255813953488372,43,24466.852790697674
127,Fornecedor_3,2023-08-09,2023-08-28,2023-08-27,8164.59,Insumos,19,-1006,18,9.007684262438788,0,0.24444444444444444,45,23814.126444444442
128,Fornecedor_15,2023-04-14,2023-04-28,2023-04-28,32417.68,Insumos,14,-1128,14,10.386490078853114,0,0.34615384615384615,52,27936.5375
129,Fornecedor_14,2023-12-21,2024-01-01,2024-01-07,44243.96,Medicamentos,11,-880,17,10.697496745644086,1,0.3404255319148936,47,27536.185319148935
130,Fornecedor_17,2023-09-24,2023-10-15,2023-10-19,12955.96,Equipamentos,21,-958,25,9.469388374489679,1,0.37037037037037035,54,25592.20962962963
131,Fornecedor_1,2023-07-02,2023-07-10,2023-07-11,7745.01,Medicamentos,8,-1055,9,8.954933151062761,1,0.39215686274509803,51,26938.735098039215
132,Fornecedor_4,2023-12-19,2023-12-31,2023-12-31,46426.27,Medicamentos,12,-881,12,10.745642281094462,0,0.32,50,24059.582799999996
133,Fornecedor_10,2023-12-05,2023-12-16,2023-12-14,8686.46,Insumos,11,-896,9,9.069635885545901,0,0.34545454545454546,55,25275.839636363635
134,Fornecedor_11,2023-07-18,2023-07-23,2023-07-22,14589.46,Medicamentos,5,-1042,4,9.58812316946396,0,0.125,48,25942.747083333335
135,Fornecedor_18,2023-07-14,2023-08-06,2023-08-05,4706.05,Equipamentos,23,-1028,22,8.456816663821886,0,0.3409090909090909,44,23445.405000000002
136,Fornecedor_13,2023-11-24,2023-12-08,2023-12-07,11124.18,Medicamentos,14,-904,13,9.31696628667883,0,0.2786885245901639,61,27560.733770491803
137,Fornecedor_11,2023-06-26,2023-07-10,2023-07-09,20345.45,Tecnologia,14,-1055,13,9.920661728478615,0,0.125,48,25942.747083333335
138,Fornecedor_11,2023-02-24,2023-03-04,2023-03-02,32062.94,Equipamentos,8,-1183,6,10.375487313185301,0,0.125,48,25942.747083333335
139,Fornecedor_18,2023-01-16,2023-02-08,2023-02-08,14287.93,Medicamentos,23,-1207,23,9.567240390583711,0,0.3409090909090909,44,23445.405000000002
140,Fornecedor_2,2023-06-20,2023-07-10,2023-07-15,17103.09,Tecnologia,20,-1055,25,9.747072895178016,1,0.23255813953488372,43,24466.852790697674
141,Fornecedor_9,2023-01-21,2023-01-27,2023-01-27,43150.42,Insumos,6,-1219,6,10.672470604428966,0,0.22727272727272727,44,26572.065454545453
142,Fornecedor_19,2023-04-29,2023-05-11,2023-05-10,40532.05,Medicamentos,12,-1115,11,10.609872969690084,0,0.3793103448275862,58,30085.888275862068
143,Fornecedor_11,2023-10-06,2023-10-19,2023-10-19,11053.02,Tecnologia,13,-954,13,9.310549441691373,0,0.125,48,25942.747083333335
144,Fornecedor_7,2023-04-25,2023-05-07,2023-05-07,19497.13,Insumos,12,-1119,12,9.878073842517487,0,0.3269230769230769,52,26954.52903846154
145,Fornecedor_13,2023-04-08,2023-05-02,2023-05-05,27096.26,Equipamentos,24,-1124,27,10.207187894745063,1,0.2786885245901639,61,27560.733770491803
146,Fornecedor_16,2023-07-01,2023-07-07,2023-07-06,23665.37,Equipamentos,6,-1058,5,10.071810332065509,0,0.2545454545454545,55,23819.375818181816
147,Fornecedor_20,2023-12-07,2023-12-19,2023-12-18,14239.21,Equipamentos,12,-893,11,9.56382493204824,0,0.3220338983050847,59,21740.94559322034
148,Fornecedor_11,2023-01-11,2023-01-19,2023-01-23,2120.36,Equipamentos,8,-1227,12,7.659812671420802,1,0.125,48,25942.747083333335
149,Fornecedor_12,2023-04-07,2023-04-19,2023-04-17,44181.94,Tecnologia,12,-1137,10,10.696094020708419,0,0.20512820512820512,39,27436.36
150,Fornecedor_13,2023-07-03,2023-07-17,2023-07-16,22328.48,Equipamentos,14,-1048,13,10.013663057505285,0,0.2786885245901639,61,27560.733770491803
151,Fornecedor_8,2023-11-14,2023-12-08,2023-12-08,7955.99,Tecnologia,24,-904,24,8.981806066621687,0,0.3269230769230769,52,28221.404230769233
152,Fornecedor_19,2023-02-26,2023-03-11,2023-03-09,17369.92,Tecnologia,13,-1176,11,9.762552822714541,0,0.3793103448275862,58,30085.888275862068
153,Fornecedor_12,2023-08-06,2023-08-18,2023-08-16,26004.48,Insumos,12,-1016,10,10.166062564025674,0,0.20512820512820512,39,27436.36
154,Fornecedor_11,2023-08-20,2023-08-29,2023-08-29,2282.29,Medicamentos,9,-1005,9,7.733372664305885,0,0.125,48,25942.747083333335
155,Fornecedor_10,2023-04-07,2023-04-25,2023-04-29,29780.87,Tecnologia,18,-1131,22,10.301655098087908,1,0.34545454545454546,55,25275.839636363635
156,Fornecedor_16,2023-01-26,2023-02-09,2023-02-07,17740.28,Insumos,14,-1206,12,9.783649406586461,0,0.2545454545454545,55,23819.375818181816
157,Fornecedor_16,2023-05-22,2023-06-11,2023-06-11,31815.16,Equipamentos,20,-1084,20,10.36772961579115,0,0.2545454545454545,55,23819.375818181816
158,Fornecedor_13,2023-08-01,2023-08-20,2023-08-20,11558.04,Insumos,19,-1014,19,9.355223093795244,0,0.2786885245901639,61,27560.733770491803
159,Fornecedor_17,2023-04-27,2023-05-02,2023-04-30,10716.22,Medicamentos,5,-1124,3,9.279607072635171,0,0.37037037037037035,54,25592.20962962963
160,Fornecedor_10,2023-10-27,2023-11-20,2023-11-19,20862.08,Insumos,24,-922,23,9.945736368662137,0,0.34545454545454546,55,25275.839636363635
161,Fornecedor_19,2023-05-15,2023-06-08,2023-06-12,2976.63,Equipamentos,24,-1087,28,7.998882961065603,1,0.3793103448275862,58,30085.888275862068
162,Fornecedor_17,2023-07-25,2023-07-31,2023-07-30,25483.75,Tecnologia,6,-1034,5,10.14583551303405,0,0.37037037037037035,54,25592.20962962963
163,Fornecedor_12,2023-07-04,2023-07-17,2023-07-21,24201.39,Insumos,13,-1048,17,10.094206667598876,1,0.20512820512820512,39,27436.36
164,Fornecedor_10,2023-01-25,2023-02-13,2023-02-14,32982.69,Tecnologia,19,-1202,20,10.403768475846329,1,0.34545454545454546,55,25275.839636363635
165,Fornecedor_7,2023-05-18,2023-06-02,2023-06-02,23136.22,Insumos,15,-1093,15,10.049197855241808,0,0.3269230769230769,52,26954.52903846154
166,Fornecedor_5,2023-07-19,2023-08-08,2023-08-08,13658.17,Equipamentos,20,-1026,20,9.522166369931737,0,0.41304347826086957,46,26724.331521739132
167,Fornecedor_13,2023-11-06,2023-11-29,2023-11-28,13299.7,Tecnologia,23,-913,22,9.4955719444038,0,0.2786885245901639,61,27560.733770491803
168,Fornecedor_17,2023-11-22,2023-11-30,2023-12-03,15391.45,Equipamentos,8,-912,11,9.641632408444861,1,0.37037037037037035,54,25592.20962962963
169,Fornecedor_5,2023-12-24,2024-01-01,2024-01-04,37791.87,Insumos,8,-880,11,10.539875739477248,1,0.41304347826086957,46,26724.331521739132
170,Fornecedor_6,2023-09-06,2023-09-18,2023-09-16,44966.61,Insumos,12,-985,10,10.713697731810287,0,0.28888888888888886,45,26625.86022222222
171,Fornecedor_6,2023-01-22,2023-02-06,2023-02-05,46741.48,Insumos,15,-1209,14,10.752408666163207,0,0.28888888888888886,45,26625.86022222222
172,Fornecedor_6,2023-10-24,2023-11-08,2023-11-07,2233.86,Equipamentos,15,-934,14,7.711933865264685,0,0.28888888888888886,45,26625.86022222222
173,Fornecedor_2,2023-03-19,2023-04-01,2023-04-01,38402.59,Equipamentos,13,-1155,13,10.555906223789274,0,0.23255813953488372,43,24466.852790697674
174,Fornecedor_19,2023-08-08,2023-08-25,2023-08-24,19603.14,Medicamentos,17,-1009,16,9.883496047403654,0,0.3793103448275862,58,30085.888275862068
175,Fornecedor_5,2023-06-27,2023-07-20,2023-07-26,13650.14,Tecnologia,23,-1045,29,9.521578313609314,1,0.41304347826086957,46,26724.331521739132
176,Fornecedor_18,2023-10-31,2023-11-12,2023-11-14,34590.26,Insumos,12,-930,14,10.451356327980701,1,0.3409090909090909,44,23445.405000000002
177,Fornecedor_19,2023-02-15,2023-02-28,2023-02-26,32486.0,Insumos,13,-1187,11,10.38859528829649,0,0.3793103448275862,58,30085.888275862068
178,Fornecedor_8,2023-12-10,2023-12-29,2023-12-28,38162.24,Medicamentos,19,-883,18,10.549628027618319,0,0.3269230769230769,52,28221.404230769233
179,Fornecedor_7,2023-05-25,2023-06-01,2023-05-31,21857.16,Tecnologia,7,-1094,6,9.992329586184209,0,0.3269230769230769,52,26954.52903846154
180,Fornecedor_10,2023-08-23,2023-08-31,2023-09-01,26191.18,Tecnologia,8,-1003,9,10.17321617191473,1,0.34545454545454546,55,25275.839636363635
181,Fornecedor_8,2023-02-15,2023-03-08,2023-03-07,40690.51,Insumos,21,-1179,20,10.613774750162182,0,0.3269230769230769,52,28221.404230769233
182,Fornecedor_16,2023-11-19,2023-12-04,2023-12-03,27039.65,Equipamentos,15,-908,14,10.20509656832952,0,0.2545454545454545,55,23819.375818181816
183,Fornecedor_16,2023-10-30,2023-11-08,2023-11-08,14876.62,Insumos,9,-934,9,9.607613349357761,0,0.2545454545454545,55,23819.375818181816
184,Fornecedor_14,2023-03-05,2023-03-26,2023-03-24,42405.34,Equipamentos,21,-1161,19,10.655053158343694,0,0.3404255319148936,47,27536.185319148935
185,Fornecedor_12,2023-11-28,2023-12-18,2023-12-18,43213.36,Equipamentos,20,-894,20,10.673928126404507,0,0.20512820512820512,39,27436.36
186,Fornecedor_3,2023-02-05,2023-02-20,2023-02-20,4420.51,Equipamentos,15,-1195,15,8.394236545689134,0,0.24444444444444444,45,23814.126444444442
187,Fornecedor_4,2023-02-03,2023-02-10,2023-02-13,45299.65,Medicamentos,7,-1205,10,10.721076660154054,1,0.32,50,24059.582799999996
188,Fornecedor_7,2023-05-11,2023-05-29,2023-05-31,32358.16,Tecnologia,18,-1097,20,10.384652412862708,1,0.3269230769230769,52,26954.52903846154
189,Fornecedor_6,2023-03-25,2023-04-14,2023-04-20,44142.1,Tecnologia,20,-1142,26,10.695191908427558,1,0.28888888888888886,45,26625.86022222222
190,Fornecedor_8,2023-02-18,2023-03-03,2023-03-04,32803.96,Medicamentos,13,-1184,14,10.398335002451912,1,0.3269230769230769,52,28221.404230769233
191,Fornecedor_17,2023-11-07,2023-11-15,2023-11-16,11298.25,Tecnologia,8,-927,9,9.33249163081632,1,0.37037037037037035,54,25592.20962962963
192,Fornecedor_15,2023-10-16,2023-11-06,2023-11-05,48662.68,Medicamentos,21,-936,20,10.792688240276142,0,0.34615384615384615,52,27936.5375
193,Fornecedor_13,2023-09-11,2023-10-01,2023-09-30,28045.59,Medicamentos,20,-972,19,10.241622334933327,0,0.2786885245901639,61,27560.733770491803
194,Fornecedor_9,2023-06-06,2023-06-25,2023-06-23,17864.23,Equipamentos,19,-1070,17,9.790611644709928,0,0.22727272727272727,44,26572.065454545453
195,Fornecedor_11,2023-02-25,2023-03-19,2023-03-18,15000.56,Insumos,22,-1168,21,9.615909474676721,0,0.125,48,25942.747083333335
196,Fornecedor_11,2023-07-30,2023-08-19,2023-08-19,37752.03,Medicamentos,20,-1015,20,10.538821016356778,0,0.125,48,25942.747083333335
197,Fornecedor_16,2023-10-15,2023-10-23,2023-10-21,26850.32,Equipamentos,8,-950,6,10.198070260739772,0,0.2545454545454545,55,23819.375818181816
198,Fornecedor_10,2023-01-29,2023-02-12,2023-02-12,9788.96,Medicamentos,14,-1203,14,9.189112649714371,0,0.34545454545454546,55,25275.839636363635
199,Fornecedor_7,2023-08-11,2023-08-30,2023-08-29,45478.8,Insumos,19,-1004,18,10.725023550317424,0,0.3269230769230769,52,26954.52903846154
200,Fornecedor_15,2023-11-27,2023-12-04,2023-12-07,47946.82,Insumos,7,-908,10,10.777868615253038,1,0.34615384615384615,52,27936.5375
201,Fornecedor_8,2023-05-17,2023-06-03,2023-06-06,14196.76,Equipamentos,17,-1092,20,9.560839484667195,1,0.3269230769230769,52,28221.404230769233
202,Fornecedor_4,2023-04-20,2023-04-25,2023-04-30,29438.5,Insumos,5,-1131,10,10.290092589002937,1,0.32,50,24059.582799999996
203,Fornecedor_8,2023-04-10,2023-04-16,2023-04-14,10293.25,Equipamentos,6,-1140,4,9.23934076590964,0,0.3269230769230769,52,28221.404230769233
204,Fornecedor_20,2023-02-02,2023-02-09,2023-02-15,15714.39,Insumos,7,-1206,13,9.6623957659775,1,0.3220338983050847,59,21740.94559322034
205,Fornecedor_19,2023-01-09,2023-01-27,2023-01-27,45458.11,Medicamentos,18,-1219,18,10.724568519564208,0,0.3793103448275862,58,30085.888275862068
206,Fornecedor_16,2023-03-26,2023-04-11,2023-04-14,29687.81,Tecnologia,16,-1145,19,10.29852548611925,1,0.2545454545454545,55,23819.375818181816
207,Fornecedor_19,2023-02-20,2023-03-16,2023-03-17,29332.36,Equipamentos,24,-1171,25,10.28648071388273,1,0.3793103448275862,58,30085.888275862068
208,Fornecedor_16,2023-03-21,2023-04-06,2023-04-04,45295.28,Insumos,16,-1150,14,10.720980188893861,0,0.2545454545454545,55,23819.375818181816
209,Fornecedor_8,2023-06-19,2023-07-03,2023-07-02,6683.97,Tecnologia,14,-1062,13,8.807617001867037,0,0.3269230769230769,52,28221.404230769233
210,Fornecedor_10,2023-11-17,2023-12-07,2023-12-07,39658.12,Medicamentos,20,-905,20,10.58807621322449,0,0.34545454545454546,55,25275.839636363635
211,Fornecedor_16,2023-04-19,2023-05-07,2023-05-07,20160.98,Tecnologia,18,-1119,18,9.911553931648312,0,0.2545454545454545,55,23819.375818181816
212,Fornecedor_18,2023-07-31,2023-08-13,2023-08-11,22535.14,Tecnologia,13,-1021,11,10.022875521819483,0,0.3409090909090909,44,23445.405000000002
213,Fornecedor_14,2023-01-25,2023-02-05,2023-02-03,43411.58,Equipamentos,11,-1210,9,10.678504539837848,0,0.3404255319148936,47,27536.185319148935
214,Fornecedor_20,2023-04-24,2023-05-14,2023-05-15,31089.69,Equipamentos,20,-1112,21,10.344663696437918,1,0.3220338983050847,59,21740.94559322034
215,Fornecedor_6,2023-10-04,2023-10-18,2023-10-19,21466.75,Medicamentos,14,-955,15,9.974307087989487,1,0.28888888888888886,45,26625.86022222222
216,Fornecedor_14,2023-02-14,2023-03-05,2023-03-04,17308.92,Insumos,19,-1182,18,9.759035026553567,0,0.3404255319148936,47,27536.185319148935
217,Fornecedor_11,2023-09-29,2023-10-22,2023-10-21,30267.62,Insumos,23,-951,22,10.317866811283757,0,0.125,48,25942.747083333335
218,Fornecedor_13,2023-06-08,2023-06-14,2023-06-18,29901.81,Equipamentos,6,-1081,10,10.305707734896052,1,0.2786885245901639,61,27560.733770491803
219,Fornecedor_13,2023-10-03,2023-10-14,2023-10-14,24030.46,Insumos,11,-959,11,10.087119084271459,0,0.2786885245901639,61,27560.733770491803
220,Fornecedor_19,2023-09-09,2023-09-25,2023-09-23,18157.91,Insumos,16,-978,14,9.806916628327459,0,0.3793103448275862,58,30085.888275862068
221,Fornecedor_12,2023-06-04,2023-06-23,2023-06-27,37058.45,Insumos,19,-1072,23,10.52027865893052,1,0.20512820512820512,39,27436.36
222,Fornecedor_11,2023-08-24,2023-09-07,2023-09-05,9493.98,Equipamentos,14,-996,12,9.158518516872393,0,0.125,48,25942.747083333335
223,Fornecedor_17,2023-03-28,2023-04-12,2023-04-11,7527.35,Tecnologia,15,-1144,14,8.9264311732769,0,0.37037037037037035,54,25592.20962962963
224,Fornecedor_8,2023-08-16,2023-08-24,2023-08-27,48289.89,Medicamentos,8,-1010,11,10.784998209014587,1,0.3269230769230769,52,28221.404230769233
225,Fornecedor_19,2023-02-23,2023-03-17,2023-03-16,2149.34,Tecnologia,22,-1170,21,7.673381248153854,0,0.3793103448275862,58,30085.888275862068
226,Fornecedor_2,2023-09-01,2023-09-21,2023-09-20,10002.65,Insumos,20,-982,19,9.210705305379888,0,0.23255813953488372,43,24466.852790697674
227,Fornecedor_9,2023-10-18,2023-10-26,2023-10-27,43741.48,Tecnologia,8,-947,9,10.686074991297433,1,0.22727272727272727,44,26572.065454545453
228,Fornecedor_9,2023-04-11,2023-05-01,2023-05-01,26180.35,Insumos,20,-1125,20,10.172802604215384,0,0.22727272727272727,44,26572.065454545453
229,Fornecedor_4,2023-08-17,2023-08-28,2023-08-30,14557.32,Insumos,11,-1006,13,9.585917930477976,1,0.32,50,24059.582799999996
230,Fornecedor_13,2023-10-16,2023-10-31,2023-10-29,14082.28,Tecnologia,15,-942,13,9.55274355712779,0,0.2786885245901639,61,27560.733770491803
231,Fornecedor_12,2023-10-08,2023-10-18,2023-10-17,24031.01,Tecnologia,10,-955,9,10.087141970675626,0,0.20512820512820512,39,27436.36
232,Fornecedor_6,2023-07-31,2023-08-18,2023-08-19,20959.38,Tecnologia,18,-1016,19,9.95038926804163,1,0.28888888888888886,45,26625.86022222222
233,Fornecedor_3,2023-08-18,2023-09-06,2023-09-05,27275.98,Insumos,19,-997,18,10.213798402016963,0,0.24444444444444444,45,23814.126444444442
234,Fornecedor_4,2023-04-05,2023-04-25,2023-04-25,4001.0,Insumos,20,-1131,20,8.294549515143679,0,0.32,50,24059.582799999996
235,Fornecedor_17,2023-06-16,2023-06-25,2023-06-23,23642.85,Equipamentos,9,-1070,7,10.070858317819924,0,0.37037037037037035,54,25592.20962962963
236,Fornecedor_17,2023-06-25,2023-07-16,2023-07-20,41917.57,Equipamentos,21,-1049,25,10.643484205817655,1,0.37037037037037035,54,25592.20962962963
237,Fornecedor_4,2023-08-20,2023-09-13,2023-09-12,13085.2,Insumos,24,-990,23,9.479313518821986,0,0.32,50,24059.582799999996
238,Fornecedor_18,2023-03-21,2023-04-04,2023-04-05,9221.15,Equipamentos,14,-1152,15,9.12936347808655,1,0.3409090909090909,44,23445.405000000002
239,Fornecedor_20,2023-03-05,2023-03-29,2023-03-27,28233.21,Medicamentos,24,-1158,22,10.248289642257385,0,0.3220338983050847,59,21740.94559322034
240,Fornecedor_12,2023-03-29,2023-04-21,2023-04-19,25555.53,Medicamentos,23,-1135,21,10.148648140276949,0,0.20512820512820512,39,27436.36
241,Fornecedor_9,2023-10-26,2023-11-14,2023-11-12,28016.66,Medicamentos,19,-928,17,10.240590304626393,0,0.22727272727272727,44,26572.065454545453
242,Fornecedor_2,2023-07-22,2023-08-02,2023-08-01,19427.52,Insumos,11,-1032,10,9.874497368600549,0,0.23255813953488372,43,24466.852790697674
243,Fornecedor_15,2023-07-14,2023-07-24,2023-07-25,11184.75,Tecnologia,10,-1041,11,9.322395925766504,1,0.34615384615384615,52,27936.5375
244,Fornecedor_11,2023-08-05,2023-08-14,2023-08-14,10675.0,Tecnologia,9,-1020,9,9.275753510524416,0,0.125,48,25942.747083333335
245,Fornecedor_13,2023-08-15,2023-09-03,2023-09-08,49912.77,Insumos,19,-1000,24,10.818052195575694,1,0.2786885245901639,61,27560.733770491803
246,Fornecedor_2,2023-06-08,2023-06-20,2023-06-26,28240.86,Medicamentos,12,-1075,18,10.248560553460901,1,0.23255813953488372,43,24466.852790697674
247,Fornecedor_15,2023-05-26,2023-06-02,2023-05-31,47666.67,Equipamentos,7,-1093,5,10.772008669303457,0,0.34615384615384615,52,27936.5375
248,Fornecedor_14,2023-11-21,2023-12-09,2023-12-14,8131.68,Medicamentos,18,-903,23,9.003645791517876,1,0.3404255319148936,47,27536.185319148935
249,Fornecedor_20,2023-11-17,2023-12-02,2023-12-08,7681.83,Equipamentos,15,-910,21,8.946743247849438,1,0.3220338983050847,59,21740.94559322034
250,Fornecedor_19,2023-07-08,2023-07-30,2023-08-02,43429.34,Medicamentos,22,-1035,25,10.67891355418807,1,0.3793103448275862,58,30085.888275862068
251,Fornecedor_20,2023-07-26,2023-08-01,2023-08-04,40020.01,Insumos,6,-1033,9,10.597159845200576,1,0.3220338983050847,59,21740.94559322034
252,Fornecedor_10,2023-05-26,2023-06-13,2023-06-17,15148.07,Equipamentos,18,-1082,22,9.625694422914695,1,0.34545454545454546,55,25275.839636363635
253,Fornecedor_13,2023-06-17,2023-07-07,2023-07-05,47709.51,Equipamentos,20,-1058,18,10.772906988035917,0,0.2786885245901639,61,27560.733770491803
254,Fornecedor_14,2023-06-13,2023-07-05,2023-07-03,24518.64,Insumos,22,-1060,20,10.107229708050035,0,0.3404255319148936,47,27536.185319148935
255,Fornecedor_6,2023-06-06,2023-06-12,2023-06-11,49066.12,Tecnologia,6,-1083,5,10.800944435696557,0,0.28888888888888886,45,26625.86022222222
256,Fornecedor_20,2023-05-31,2023-06-16,2023-06-16,15357.68,Tecnologia,16,-1079,16,9.639436065508825,0,0.3220338983050847,59,21740.94559322034
257,Fornecedor_18,2023-10-22,2023-11-07,2023-11-07,7699.06,Insumos,16,-935,16,8.948983400019209,0,0.3409090909090909,44,23445.405000000002
258,Fornecedor_7,2023-06-19,2023-06-26,2023-06-25,43840.61,Equipamentos,7,-1069,6,10.688338645400126,0,0.3269230769230769,52,26954.52903846154
259,Fornecedor_16,2023-07-25,2023-08-01,2023-08-01,9329.88,Tecnologia,7,-1033,7,9.14108460879338,0,0.2545454545454545,55,23819.375818181816
260,Fornecedor_11,2023-11-23,2023-11-28,2023-11-27,18914.69,Equipamentos,5,-914,4,9.84774701538672,0,0.125,48,25942.747083333335
261,Fornecedor_1,2023-06-03,2023-06-27,2023-06-26,13653.6,Medicamentos,24,-1068,23,9.521831740179591,0,0.39215686274509803,51,26938.735098039215
262,Fornecedor_20,2023-08-19,2023-09-12,2023-09-10,46334.95,Tecnologia,24,-991,22,10.74367339667022,0,0.3220338983050847,59,21740.94559322034
263,Fornecedor_10,2023-08-29,2023-09-10,2023-09-09,42661.42,Equipamentos,12,-993,11,10.661073718030082,0,0.34545454545454546,55,25275.839636363635
264,Fornecedor_19,2023-02-18,2023-02-26,2023-02-26,26575.96,Equipamentos,8,-1189,8,10.187799954018242,0,0.3793103448275862,58,30085.888275862068
265,Fornecedor_9,2023-06-28,2023-07-18,2023-07-16,14529.45,Medicamentos,20,-1047,18,9.584001726490811,0,0.22727272727272727,44,26572.065454545453
266,Fornecedor_6,2023-10-28,2023-11-14,2023-11-13,43126.51,Insumos,17,-928,16,10.671916355538489,0,0.28888888888888886,45,26625.86022222222
267,Fornecedor_3,2023-04-16,2023-05-05,2023-05-04,15961.28,Tecnologia,19,-1121,18,9.677983717943548,0,0.24444444444444444,45,23814.126444444442
268,Fornecedor_17,2023-07-02,2023-07-13,2023-07-12,10608.8,Insumos,11,-1052,10,9.269533381288987,0,0.37037037037037035,54,25592.20962962963
269,Fornecedor_10,2023-09-14,2023-09-24,2023-09-24,10473.11,Equipamentos,10,-979,10,9.256661776980199,0,0.34545454545454546,55,25275.839636363635
270,Fornecedor_4,2023-12-09,2023-12-16,2023-12-15,35657.99,Equipamentos,7,-896,6,10.481756567964988,0,0.32,50,24059.582799999996
271,Fornecedor_5,2023-09-30,2023-10-15,2023-10-15,22098.02,Medicamentos,15,-958,15,10.003288542631221,0,0.41304347826086957,46,26724.331521739132
272,Fornecedor_11,2023-10-03,2023-10-23,2023-10-21,27204.54,Equipamentos,20,-950,18,10.211175908015441,0,0.125,48,25942.747083333335
273,Fornecedor_11,2023-09-23,2023-10-12,2023-10-11,47268.72,Medicamentos,19,-961,18,10.763625200351079,0,0.125,48,25942.747083333335
274,Fornecedor_15,2023-04-23,2023-04-29,2023-05-03,11070.2,Tecnologia,6,-1127,10,9.312102420911721,1,0.34615384615384615,52,27936.5375
275,Fornecedor_13,2023-08-09,2023-08-25,2023-08-24,10910.7,Medicamentos,16,-1009,15,9.29759088703669,0,0.2786885245901639,61,27560.733770491803
276,Fornecedor_16,2023-02-21,2023-03-10,2023-03-09,7744.8,Insumos,17,-1177,16,8.954906039963412,0,0.2545454545454545,55,23819.375818181816
277,Fornecedor_19,2023-05-19,2023-06-08,2023-06-08,48500.9,Tecnologia,20,-1087,20,10.789358251415976,0,0.3793103448275862,58,30085.888275862068
278,Fornecedor_3,2023-05-04,2023-05-27,2023-05-27,22786.82,Equipamentos,23,-1099,23,10.033981461674935,0,0.24444444444444444,45,23814.126444444442
279,Fornecedor_6,2023-11-21,2023-12-09,2023-12-08,28036.38,Tecnologia,18,-903,17,10.241293898837139,0,0.28888888888888886,45,26625.86022222222
280,Fornecedor_5,2023-09-28,2023-10-04,2023-10-03,11130.66,Insumos,6,-969,5,9.317548579599398,0,0.41304347826086957,46,26724.331521739132
281,Fornecedor_19,2023-07-11,2023-07-22,2023-07-20,44809.61,Equipamentos,11,-1043,9,10.710200220720337,0,0.3793103448275862,58,30085.888275862068
282,Fornecedor_6,2023-01-22,2023-01-28,2023-02-02,27494.95,Tecnologia,6,-1218,11,10.221794000081697,1,0.28888888888888886,45,26625.86022222222
283,Fornecedor_20,2023-06-24,2023-07-18,2023-07-21,12318.87,Medicamentos,24,-1047,27,9.418968685083787,1,0.3220338983050847,59,21740.94559322034
284,Fornecedor_5,2023-05-12,2023-05-31,2023-06-04,26967.39,Tecnologia,19,-1095,23,10.202420718393428,1,0.41304347826086957,46,26724.331521739132
285,Fornecedor_20,2023-12-11,2023-12-16,2023-12-14,35793.47,Medicamentos,5,-896,3,10.485548691183443,0,0.3220338983050847,59,21740.94559322034
286,Fornecedor_19,2023-07-28,2023-08-16,2023-08-14,24491.65,Medicamentos,19,-1018,17,10.106128351523816,0,0.3793103448275862,58,30085.888275862068
287,Fornecedor_1,2023-02-24,2023-03-02,2023-03-01,24673.93,Insumos,6,-1185,5,10.113543027418226,0,0.39215686274509803,51,26938.735098039215
288,Fornecedor_6,2023-03-13,2023-03-30,2023-04-05,12858.58,Medicamentos,17,-1157,23,9.46184433784926,1,0.28888888888888886,45,26625.86022222222
289,Fornecedor_15,2023-01-15,2023-02-05,2023-02-07,46984.36,Tecnologia,21,-1210,23,10.757591342807606,1,0.34615384615384615,52,27936.5375
290,Fornecedor_6,2023-07-25,2023-07-30,2023-07-28,40848.22,Medicamentos,5,-1035,3,10.617643005858605,0,0.28888888888888886,45,26625.86022222222
291,Fornecedor_10,2023-05-24,2023-06-11,2023-06-14,30389.6,Insumos,18,-1084,21,10.321888629052566,1,0.34545454545454546,55,25275.839636363635
292,Fornecedor_11,2023-11-06,2023-11-24,2023-11-25,26764.34,Tecnologia,18,-918,19,10.194863045903906,1,0.125,48,25942.747083333335
293,Fornecedor_3,2023-08-01,2023-08-24,2023-08-30,30952.62,Medicamentos,23,-1010,29,10.340245234116418,1,0.24444444444444444,45,23814.126444444442
294,Fornecedor_18,2023-04-25,2023-05-04,2023-05-02,28181.08,Tecnologia,9,-1122,7,10.246441593942384,0,0.3409090909090909,44,23445.405000000002
295,Fornecedor_17,2023-08-27,2023-09-11,2023-09-10,38885.97,Tecnologia,15,-992,14,10.568414512054835,0,0.37037037037037035,54,25592.20962962963
296,Fornecedor_19,2023-02-14,2023-03-04,2023-03-03,49123.25,Equipamentos,18,-1183,17,10.802108081879446,0,0.3793103448275862,58,30085.888275862068
297,Fornecedor_18,2023-02-07,2023-02-26,2023-03-03,46605.11,Equipamentos,19,-1189,24,10.74948692739863,1,0.3409090909090909,44,23445.405000000002
298,Fornecedor_5,2023-05-31,2023-06-12,2023-06-18,13500.13,Tecnologia,12,-1083,18,9.510528664627264,1,0.41304347826086957,46,26724.331521739132
299,Fornecedor_11,2023-11-29,2023-12-07,2023-12-13,22686.74,Equipamentos,8,-905,14,10.02957996946365,1,0.125,48,25942.747083333335
300,Fornecedor_2,2023-01-13,2023-01-19,2023-01-19,3177.08,Equipamentos,6,-1227,6,8.064032519844645,0,0.23255813953488372,43,24466.852790697674
301,Fornecedor_17,2023-11-12,2023-11-27,2023-11-29,34421.48,Medicamentos,15,-915,17,10.446465118303035,1,0.37037037037037035,54,25592.20962962963
302,Fornecedor_16,2023-08-04,2023-08-09,2023-08-08,35379.08,Medicamentos,5,-1025,4,10.47390422887572,0,0.2545454545454545,55,23819.375818181816
303,Fornecedor_6,2023-05-06,2023-05-16,2023-05-20,46942.81,Tecnologia,10,-1110,14,10.75670663355892,1,0.28888888888888886,45,26625.86022222222
304,Fornecedor_7,2023-02-13,2023-03-02,2023-03-01,15209.27,Tecnologia,17,-1185,16,9.629726136575073,0,0.3269230769230769,52,26954.52903846154
305,Fornecedor_2,2023-10-22,2023-11-13,2023-11-12,11582.99,Insumos,22,-929,21,9.357379251365456,0,0.23255813953488372,43,24466.852790697674
306,Fornecedor_1,2023-04-02,2023-04-17,2023-04-16,38697.49,Tecnologia,15,-1139,14,10.563555860168792,0,0.39215686274509803,51,26938.735098039215
307,Fornecedor_16,2023-04-23,2023-05-12,2023-05-12,17296.42,Tecnologia,19,-1114,19,9.75831263641647,0,0.2545454545454545,55,23819.375818181816
308,Fornecedor_19,2023-09-11,2023-09-20,2023-09-24,12909.31,Tecnologia,9,-983,13,9.465781495945889,1,0.3793103448275862,58,30085.888275862068
309,Fornecedor_3,2023-11-22,2023-12-15,2023-12-13,12235.86,Equipamentos,23,-897,21,9.41220798720763,0,0.24444444444444444,45,23814.126444444442
310,Fornecedor_10,2023-08-15,2023-09-06,2023-09-06,47254.78,Insumos,22,-997,22,10.763330253482753,0,0.34545454545454546,55,25275.839636363635
311,Fornecedor_13,2023-06-21,2023-07-15,2023-07-15,49161.62,Tecnologia,24,-1050,24,10.802888857621907,0,0.2786885245901639,61,27560.733770491803
312,Fornecedor_18,2023-07-04,2023-07-24,2023-07-29,38392.67,Medicamentos,20,-1041,25,10.555647881237594,1,0.3409090909090909,44,23445.405000000002
313,Fornecedor_7,2023-03-15,2023-04-06,2023-04-11,45682.65,Medicamentos,22,-1150,27,10.729495744815521,1,0.3269230769230769,52,26954.52903846154
314,Fornecedor_7,2023-11-05,2023-11-17,2023-11-16,9821.55,Insumos,12,-925,11,9.192436041773439,0,0.3269230769230769,52,26954.52903846154
315,Fornecedor_14,2023-03-31,2023-04-12,2023-04-11,26852.59,Tecnologia,12,-1144,11,10.198154796772002,0,0.3404255319148936,47,27536.185319148935
316,Fornecedor_9,2023-01-28,2023-02-02,2023-02-02,10247.83,Tecnologia,5,-1213,5,9.234918831709901,0,0.22727272727272727,44,26572.065454545453
317,Fornecedor_5,2023-02-13,2023-02-20,2023-02-20,6879.06,Insumos,7,-1195,7,8.836382651819594,0,0.41304347826086957,46,26724.331521739132
318,Fornecedor_3,2023-01-02,2023-01-26,2023-01-25,2465.96,Insumos,24,-1220,23,7.810741902372777,0,0.24444444444444444,45,23814.126444444442
319,Fornecedor_3,2023-12-05,2023-12-14,2023-12-18,48621.6,Insumos,9,-898,13,10.791843722376157,1,0.24444444444444444,45,23814.126444444442
320,Fornecedor_7,2023-05-08,2023-05-29,2023-05-31,43218.33,Insumos,21,-1097,23,10.674043127858349,1,0.3269230769230769,52,26954.52903846154
321,Fornecedor_8,2023-04-05,2023-04-23,2023-04-29,39998.25,Equipamentos,18,-1133,24,10.596615982920289,1,0.3269230769230769,52,28221.404230769233
322,Fornecedor_11,2023-12-07,2023-12-16,2023-12-16,8365.37,Equipamentos,9,-896,9,9.03197537765578,0,0.125,48,25942.747083333335
323,Fornecedor_6,2023-01-31,2023-02-09,2023-02-09,11100.4,Medicamentos,9,-1206,9,9.31482650547332,0,0.28888888888888886,45,26625.86022222222
324,Fornecedor_7,2023-12-26,2024-01-02,2023-12-31,9310.46,Equipamentos,7,-879,5,9.139001178599031,0,0.3269230769230769,52,26954.52903846154
325,Fornecedor_8,2023-03-06,2023-03-29,2023-04-04,24211.43,Insumos,23,-1158,29,10.09462141664241,1,0.3269230769230769,52,28221.404230769233
326,Fornecedor_13,2023-05-31,2023-06-09,2023-06-08,10292.77,Insumos,9,-1086,8,9.239294136850596,0,0.2786885245901639,61,27560.733770491803
327,Fornecedor_17,2023-04-09,2023-04-26,2023-04-25,34886.51,Tecnologia,17,-1130,16,10.459884164480151,0,0.37037037037037035,54,25592.20962962963
328,Fornecedor_6,2023-11-05,2023-11-13,2023-11-13,46554.81,Tecnologia,8,-929,8,10.748407086946916,0,0.28888888888888886,45,26625.86022222222
329,Fornecedor_10,2023-05-12,2023-05-17,2023-05-19,9319.84,Insumos,5,-1109,7,9.140008032373649,1,0.34545454545454546,55,25275.839636363635
330,Fornecedor_20,2023-03-12,2023-04-04,2023-04-06,5093.49,Equipamentos,23,-1152,25,8.535914842511245,1,0.3220338983050847,59,21740.94559322034
331,Fornecedor_15,2023-05-21,2023-06-14,2023-06-14,30508.93,Equipamentos,24,-1081,24,10.325807483378355,0,0.34615384615384615,52,27936.5375
332,Fornecedor_20,2023-10-23,2023-11-02,2023-11-01,17263.27,Tecnologia,10,-940,9,9.756394326856622,0,0.3220338983050847,59,21740.94559322034
333,Fornecedor_1,2023-08-19,2023-08-25,2023-08-24,45538.64,Tecnologia,6,-1009,5,10.726338434448145,0,0.39215686274509803,51,26938.735098039215
334,Fornecedor_7,2023-03-25,2023-03-30,2023-04-04,32323.73,Tecnologia,5,-1157,10,10.38358785093696,1,0.3269230769230769,52,26954.52903846154
335,Fornecedor_17,2023-08-28,2023-09-11,2023-09-11,13158.77,Equipamentos,14,-992,14,9.484919727522932,0,0.37037037037037035,54,25592.20962962963
336,Fornecedor_7,2023-06-26,2023-07-04,2023-07-08,25005.03,Medicamentos,8,-1061,12,10.126872274766294,1,0.3269230769230769,52,26954.52903846154
337,Fornecedor_19,2023-11-14,2023-11-25,2023-11-23,19146.04,Equipamentos,11,-917,9,9.859903413471143,0,0.3793103448275862,58,30085.888275862068
338,Fornecedor_15,2023-09-27,2023-10-13,2023-10-12,25434.03,Medicamentos,16,-960,15,10.143882636733268,0,0.34615384615384615,52,27936.5375
339,Fornecedor_2,2023-06-14,2023-07-01,2023-07-05,27651.19,Insumos,17,-1064,21,10.227460208153946,1,0.23255813953488372,43,24466.852790697674
340,Fornecedor_7,2023-10-07,2023-10-23,2023-10-25,27404.28,Tecnologia,16,-950,18,10.218490974541687,1,0.3269230769230769,52,26954.52903846154
341,Fornecedor_3,2023-05-03,2023-05-15,2023-05-18,3813.33,Tecnologia,12,-1111,15,8.246520305752517,1,0.24444444444444444,45,23814.126444444442
342,Fornecedor_19,2023-09-07,2023-09-28,2023-10-02,49212.02,Tecnologia,21,-975,25,10.803913501617302,1,0.3793103448275862,58,30085.888275862068
343,Fornecedor_7,2023-12-18,2023-12-23,2023-12-25,16414.32,Equipamentos,5,-889,7,9.70597032411059,1,0.3269230769230769,52,26954.52903846154
344,Fornecedor_14,2023-02-23,2023-03-08,2023-03-06,35140.83,Medicamentos,13,-1179,11,10.467147437789775,0,0.3404255319148936,47,27536.185319148935
345,Fornecedor_7,2023-06-19,2023-07-05,2023-07-08,49305.83,Tecnologia,16,-1060,19,10.805817889988816,1,0.3269230769230769,52,26954.52903846154
346,Fornecedor_2,2023-12-11,2024-01-04,2024-01-03,22714.99,Equipamentos,24,-877,23,10.030824360778878,0,0.23255813953488372,43,24466.852790697674
347,Fornecedor_14,2023-09-04,2023-09-19,2023-09-25,18397.65,Equipamentos,15,-984,21,9.820032571340182,1,0.3404255319148936,47,27536.185319148935
348,Fornecedor_17,2023-08-10,2023-09-01,2023-09-01,20683.46,Insumos,22,-1002,22,9.937137972680926,0,0.37037037037037035,54,25592.20962962963
349,Fornecedor_7,2023-09-02,2023-09-25,2023-09-23,17625.93,Equipamentos,23,-978,21,9.777183125231494,0,0.3269230769230769,52,26954.52903846154
350,Fornecedor_7,2023-07-24,2023-08-08,2023-08-07,15154.03,Tecnologia,15,-1026,14,9.62608776903465,0,0.3269230769230769,52,26954.52903846154
351,Fornecedor_5,2023-12-05,2023-12-17,2023-12-18,29423.42,Equipamentos,12,-895,13,10.289580220804218,1,0.41304347826086957,46,26724.331521739132
352,Fornecedor_8,2023-12-29,2024-01-09,2024-01-09,6891.03,Tecnologia,11,-872,11,8.838120950511243,0,0.3269230769230769,52,28221.404230769233
353,Fornecedor_13,2023-04-16,2023-04-28,2023-04-26,40599.26,Insumos,12,-1128,10,10.611529749510206,0,0.2786885245901639,61,27560.733770491803
354,Fornecedor_20,2023-02-06,2023-02-26,2023-02-24,42204.26,Medicamentos,20,-1189,18,10.65030013680638,0,0.3220338983050847,59,21740.94559322034
355,Fornecedor_8,2023-04-23,2023-05-10,2023-05-11,15775.22,Equipamentos,17,-1116,18,9.666259021978448,1,0.3269230769230769,52,28221.404230769233
356,Fornecedor_12,2023-05-25,2023-06-18,2023-06-17,4096.56,Equipamentos,24,-1077,23,8.318146953585822,0,0.20512820512820512,39,27436.36
357,Fornecedor_20,2023-06-08,2023-06-13,2023-06-12,5814.21,Insumos,5,-1082,4,8.668232177800258,0,0.3220338983050847,59,21740.94559322034
358,Fornecedor_4,2023-04-26,2023-05-04,2023-05-08,13724.35,Insumos,8,-1122,12,9.526999766963336,1,0.32,50,24059.582799999996
359,Fornecedor_9,2023-04-17,2023-05-11,2023-05-11,16010.97,Tecnologia,24,-1115,24,9.681091846515905,0,0.22727272727272727,44,26572.065454545453
360,Fornecedor_11,2023-08-01,2023-08-21,2023-08-21,13988.47,Equipamentos,20,-1013,20,9.5460601827389,0,0.125,48,25942.747083333335
361,Fornecedor_6,2023-10-19,2023-10-27,2023-10-25,25510.77,Equipamentos,8,-946,6,10.146895193283937,0,0.28888888888888886,45,26625.86022222222
362,Fornecedor_12,2023-12-04,2023-12-26,2023-12-25,22440.5,Tecnologia,22,-886,21,10.018667202322396,0,0.20512820512820512,39,27436.36
363,Fornecedor_19,2023-09-16,2023-09-23,2023-09-22,48445.23,Insumos,7,-980,6,10.788209802113885,0,0.3793103448275862,58,30085.888275862068
364,Fornecedor_2,2023-08-02,2023-08-22,2023-08-25,19025.92,Equipamentos,20,-1012,23,9.853610097480134,1,0.23255813953488372,43,24466.852790697674
365,Fornecedor_16,2023-04-04,2023-04-09,2023-04-13,39222.78,Medicamentos,5,-1147,9,10.577038474504407,1,0.2545454545454545,55,23819.375818181816
366,Fornecedor_2,2023-06-14,2023-07-08,2023-07-10,33012.35,Tecnologia,24,-1057,26,10.404667304096712,1,0.23255813953488372,43,24466.852790697674
367,Fornecedor_5,2023-04-20,2023-05-07,2023-05-05,39290.34,Medicamentos,17,-1119,15,10.578759417341253,0,0.41304347826086957,46,26724.331521739132
368,Fornecedor_7,2023-10-30,2023-11-04,2023-11-04,36276.22,Insumos,5,-938,5,10.49894527505278,0,0.3269230769230769,52,26954.52903846154
369,Fornecedor_20,2023-12-03,2023-12-09,2023-12-11,36501.2,Tecnologia,6,-903,8,10.505127811726783,1,0.3220338983050847,59,21740.94559322034
370,Fornecedor_3,2023-10-11,2023-10-29,2023-10-28,35433.16,Medicamentos,18,-944,17,10.475431605587339,0,0.24444444444444444,45,23814.126444444442
371,Fornecedor_13,2023-11-25,2023-12-10,2023-12-10,17151.4,Medicamentos,15,-902,15,9.749893384494124,0,0.2786885245901639,61,27560.733770491803
372,Fornecedor_20,2023-01-29,2023-02-15,2023-02-17,22696.82,Insumos,17,-1200,19,10.030024163615524,1,0.3220338983050847,59,21740.94559322034
373,Fornecedor_12,2023-05-11,2023-05-30,2023-05-29,19456.85,Insumos,19,-1096,18,9.876005866594157,0,0.20512820512820512,39,27436.36
374,Fornecedor_17,2023-08-16,2023-09-04,2023-09-06,46192.43,Tecnologia,19,-999,21,10.740592859165135,1,0.37037037037037035,54,25592.20962962963
375,Fornecedor_8,2023-10-20,2023-11-06,2023-11-06,9477.31,Medicamentos,17,-936,17,9.15676130931488,0,0.3269230769230769,52,28221.404230769233
376,Fornecedor_7,2023-08-17,2023-09-02,2023-09-02,41828.45,Medicamentos,16,-1001,16,10.641355915891758,0,0.3269230769230769,52,26954.52903846154
377,Fornecedor_1,2023-06-18,2023-07-01,2023-07-07,35685.79,Tecnologia,13,-1064,19,10.482535871279268,1,0.39215686274509803,51,26938.735098039215
378,Fornecedor_10,2023-01-19,2023-01-24,2023-01-23,30968.65,Insumos,5,-1222,4,10.340762971644105,0,0.34545454545454546,55,25275.839636363635
379,Fornecedor_2,2023-08-14,2023-09-04,2023-09-04,41506.7,Insumos,21,-999,21,10.633634231176645,0,0.23255813953488372,43,24466.852790697674
380,Fornecedor_20,2023-11-16,2023-11-27,2023-11-26,14418.64,Medicamentos,11,-915,10,9.576346445201365,0,0.3220338983050847,59,21740.94559322034
381,Fornecedor_10,2023-02-16,2023-03-06,2023-03-06,10554.74,Medicamentos,18,-1181,18,9.264425066778006,0,0.34545454545454546,55,25275.839636363635
382,Fornecedor_7,2023-12-27,2024-01-04,2024-01-03,22682.58,Medicamentos,8,-877,7,10.029396593709468,0,0.3269230769230769,52,26954.52903846154
383,Fornecedor_9,2023-08-06,2023-08-18,2023-08-16,23704.26,Medicamentos,12,-1016,10,10.073452243426248,0,0.22727272727272727,44,26572.065454545453
384,Fornecedor_14,2023-04-23,2023-05-12,2023-05-16,26948.71,Medicamentos,19,-1114,23,10.201727815611344,1,0.3404255319148936,47,27536.185319148935
385,Fornecedor_17,2023-12-24,2024-01-15,2024-01-14,7258.0,Equipamentos,22,-866,21,8.889997357284841,0,0.37037037037037035,54,25592.20962962963
386,Fornecedor_19,2023-01-03,2023-01-24,2023-01-23,30119.76,Insumos,21,-1222,20,10.312969913999217,0,0.3793103448275862,58,30085.888275862068
387,Fornecedor_9,2023-04-09,2023-04-28,2023-04-27,27267.99,Equipamentos,19,-1128,18,10.213505438116709,0,0.22727272727272727,44,26572.065454545453
388,Fornecedor_14,2023-10-12,2023-10-30,2023-10-30,29555.59,Insumos,18,-943,18,10.29406200981513,0,0.3404255319148936,47,27536.185319148935
389,Fornecedor_11,2023-07-26,2023-08-19,2023-08-18,29101.28,Tecnologia,24,-1015,23,10.278571800605807,0,0.125,48,25942.747083333335
390,Fornecedor_10,2023-07-23,2023-08-12,2023-08-11,6854.14,Equipamentos,20,-1022,19,8.832754014836736,0,0.34545454545454546,55,25275.839636363635
391,Fornecedor_4,2023-06-20,2023-06-26,2023-06-24,36020.68,Tecnologia,6,-1069,4,10.491876258397436,0,0.32,50,24059.582799999996
392,Fornecedor_2,2023-10-10,2023-10-24,2023-10-22,25602.88,Equipamentos,14,-949,12,10.150499181483218,0,0.23255813953488372,43,24466.852790697674
393,Fornecedor_10,2023-08-21,2023-08-29,2023-09-02,8766.58,Medicamentos,8,-1005,12,9.07881610658063,1,0.34545454545454546,55,25275.839636363635
394,Fornecedor_14,2023-02-28,2023-03-24,2023-03-22,39477.43,Equipamentos,24,-1163,22,10.583509725786072,0,0.3404255319148936,47,27536.185319148935
395,Fornecedor_7,2023-02-07,2023-02-14,2023-02-17,37611.48,Equipamentos,7,-1201,10,10.53509118920004,1,0.3269230769230769,52,26954.52903846154
396,Fornecedor_15,2023-08-26,2023-09-01,2023-08-31,17285.94,Insumos,6,-1002,5,9.757706582100543,0,0.34615384615384615,52,27936.5375
397,Fornecedor_5,2023-08-23,2023-08-31,2023-09-04,2131.32,Equipamentos,8,-1003,12,7.664965867831417,1,0.41304347826086957,46,26724.331521739132
398,Fornecedor_1,2023-09-25,2023-10-14,2023-10-17,14520.22,Tecnologia,19,-959,22,9.5833663068877,1,0.39215686274509803,51,26938.735098039215
399,Fornecedor_19,2023-01-07,2023-01-19,2023-01-20,17343.21,Insumos,12,-1227,13,9.761014012099652,1,0.3793103448275862,58,30085.888275862068
400,Fornecedor_13,2023-04-07,2023-04-12,2023-04-13,31215.36,Tecnologia,5,-1144,6,10.348697595343804,1,0.2786885245901639,61,27560.733770491803
401,Fornecedor_4,2023-05-23,2023-05-31,2023-05-29,22204.31,Medicamentos,8,-1095,6,10.008086728448387,0,0.32,50,24059.582799999996
402,Fornecedor_18,2023-04-11,2023-04-19,2023-04-18,13177.0,Insumos,8,-1137,7,9.486304051473764,0,0.3409090909090909,44,23445.405000000002
403,Fornecedor_20,2023-12-10,2023-12-15,2023-12-17,20042.02,Tecnologia,5,-897,7,9.905636242447702,1,0.3220338983050847,59,21740.94559322034
404,Fornecedor_7,2023-07-23,2023-08-11,2023-08-10,16670.87,Tecnologia,19,-1023,18,9.721478147017894,0,0.3269230769230769,52,26954.52903846154
405,Fornecedor_9,2023-07-11,2023-07-19,2023-07-18,40266.55,Tecnologia,8,-1046,7,10.60330121266022,0,0.22727272727272727,44,26572.065454545453
406,Fornecedor_2,2023-02-02,2023-02-11,2023-02-11,49347.32,Equipamentos,9,-1204,9,10.806659001728976,0,0.23255813953488372,43,24466.852790697674
407,Fornecedor_2,2023-04-21,2023-04-26,2023-04-25,11219.63,Medicamentos,5,-1130,4,9.32550932723297,0,0.23255813953488372,43,24466.852790697674
408,Fornecedor_7,2023-12-14,2023-12-27,2023-12-27,20084.36,Medicamentos,13,-885,13,9.907746470456502,0,0.3269230769230769,52,26954.52903846154
409,Fornecedor_13,2023-06-27,2023-07-16,2023-07-15,29886.37,Equipamentos,19,-1049,18,10.30519126211262,0,0.2786885245901639,61,27560.733770491803
410,Fornecedor_7,2023-05-09,2023-05-28,2023-05-27,31214.83,Medicamentos,19,-1098,18,10.348680616922897,0,0.3269230769230769,52,26954.52903846154
411,Fornecedor_20,2023-05-31,2023-06-13,2023-06-11,6260.85,Equipamentos,13,-1082,11,8.742230947591144,0,0.3220338983050847,59,21740.94559322034
412,Fornecedor_3,2023-04-08,2023-04-28,2023-04-27,28689.17,Insumos,20,-1128,19,10.264309834367406,0,0.24444444444444444,45,23814.126444444442
413,Fornecedor_19,2023-06-14,2023-06-26,2023-06-28,25783.88,Tecnologia,12,-1069,14,10.157543552605702,1,0.3793103448275862,58,30085.888275862068
414,Fornecedor_4,2023-10-11,2023-10-26,2023-10-24,36645.05,Medicamentos,15,-947,13,10.509060925244581,0,0.32,50,24059.582799999996
415,Fornecedor_7,2023-06-06,2023-06-25,2023-06-25,24394.09,Tecnologia,19,-1070,19,10.102137161523723,0,0.3269230769230769,52,26954.52903846154
416,Fornecedor_19,2023-02-22,2023-03-18,2023-03-16,48995.26,Insumos,24,-1169,22,10.799499247649134,0,0.3793103448275862,58,30085.888275862068
417,Fornecedor_1,2023-04-13,2023-05-06,2023-05-06,47095.13,Equipamentos,23,-1120,23,10.759946111023636,0,0.39215686274509803,51,26938.735098039215
418,Fornecedor_11,2023-08-11,2023-08-30,2023-08-28,28193.09,Medicamentos,19,-1004,17,10.246867660494322,0,0.125,48,25942.747083333335
419,Fornecedor_4,2023-11-03,2023-11-18,2023-11-17,6951.05,Equipamentos,15,-924,14,8.846791859094278,0,0.32,50,24059.582799999996
420,Fornecedor_8,2023-10-30,2023-11-07,2023-11-07,44364.9,Insumos,8,-935,8,10.700226435325368,0,0.3269230769230769,52,28221.404230769233
421,Fornecedor_10,2023-01-08,2023-01-30,2023-01-28,30893.12,Tecnologia,22,-1216,20,10.338321153516022,0,0.34545454545454546,55,25275.839636363635
422,Fornecedor_3,2023-09-30,2023-10-20,2023-10-19,29622.05,Equipamentos,20,-953,19,10.296308053486207,0,0.24444444444444444,45,23814.126444444442
423,Fornecedor_6,2023-08-20,2023-08-29,2023-08-29,11406.42,Equipamentos,9,-1005,9,9.342019299846877,0,0.28888888888888886,45,26625.86022222222
424,Fornecedor_8,2023-06-07,2023-06-17,2023-06-19,32921.39,Tecnologia,10,-1078,12,10.40190825239875,1,0.3269230769230769,52,28221.404230769233
425,Fornecedor_8,2023-09-28,2023-10-12,2023-10-10,23269.35,Equipamentos,14,-961,12,10.054935297008322,0,0.3269230769230769,52,28221.404230769233
426,Fornecedor_18,2023-12-27,2024-01-05,2024-01-03,35236.04,Insumos,9,-876,7,10.469853081062595,0,0.3409090909090909,44,23445.405000000002
427,Fornecedor_3,2023-01-31,2023-02-13,2023-02-13,30846.35,Insumos,13,-1202,13,10.336806126130183,0,0.24444444444444444,45,23814.126444444442
428,Fornecedor_10,2023-05-17,2023-06-07,2023-06-07,20107.9,Tecnologia,21,-1088,21,9.908917782115996,0,0.34545454545454546,55,25275.839636363635
429,Fornecedor_13,2023-06-18,2023-07-01,2023-07-02,14472.03,Insumos,13,-1064,14,9.580042196460717,1,0.2786885245901639,61,27560.733770491803
430,Fornecedor_8,2023-06-08,2023-06-19,2023-06-17,41163.52,Medicamentos,11,-1076,9,10.625331999273435,0,0.3269230769230769,52,28221.404230769233
431,Fornecedor_14,2023-08-09,2023-08-20,2023-08-18,15647.59,Medicamentos,11,-1014,9,9.65813609606278,0,0.3404255319148936,47,27536.185319148935
432,Fornecedor_13,2023-07-12,2023-07-31,2023-07-31,42993.45,Insumos,19,-1034,19,10.668826316578038,0,0.2786885245901639,61,27560.733770491803
433,Fornecedor_7,2023-08-20,2023-09-04,2023-09-05,3470.66,Insumos,15,-999,16,8.15238814471787,1,0.3269230769230769,52,26954.52903846154
434,Fornecedor_7,2023-05-21,2023-05-30,2023-05-30,37388.68,Insumos,9,-1096,9,10.529150009496451,0,0.3269230769230769,52,26954.52903846154
435,Fornecedor_6,2023-05-26,2023-05-31,2023-06-01,41358.53,Insumos,5,-1095,6,10.63005814548138,1,0.28888888888888886,45,26625.86022222222
436,Fornecedor_8,2023-09-08,2023-09-17,2023-09-16,36954.95,Equipamentos,9,-986,8,10.517481941829443,0,0.3269230769230769,52,28221.404230769233
437,Fornecedor_6,2023-01-11,2023-01-28,2023-01-31,46127.48,Insumos,17,-1218,20,10.739185825651306,1,0.28888888888888886,45,26625.86022222222
438,Fornecedor_16,2023-01-29,2023-02-08,2023-02-07,34772.14,Insumos,10,-1207,9,10.456600528660964,0,0.2545454545454545,55,23819.375818181816
439,Fornecedor_3,2023-12-04,2023-12-18,2023-12-18,11330.96,Tecnologia,14,-894,14,9.335382331117138,0,0.24444444444444444,45,23814.126444444442
440,Fornecedor_9,2023-05-14,2023-06-06,2023-06-04,13947.11,Tecnologia,23,-1089,21,9.543099294199775,0,0.22727272727272727,44,26572.065454545453
441,Fornecedor_16,2023-02-12,2023-03-05,2023-03-03,4943.5,Tecnologia,21,-1182,19,8.506031126710045,0,0.2545454545454545,55,23819.375818181816
442,Fornecedor_3,2023-03-28,2023-04-20,2023-04-20,24256.34,Tecnologia,23,-1136,23,10.096474530979526,0,0.24444444444444444,45,23814.126444444442
443,Fornecedor_20,2023-11-10,2023-11-18,2023-11-16,13929.14,Insumos,8,-924,6,9.541810116974604,0,0.3220338983050847,59,21740.94559322034
444,Fornecedor_7,2023-11-09,2023-11-20,2023-11-18,34992.49,Tecnologia,11,-922,9,10.462917323171405,0,0.3269230769230769,52,26954.52903846154
445,Fornecedor_2,2023-03-20,2023-04-02,2023-03-31,11463.59,Medicamentos,13,-1154,11,9.34701843364079,0,0.23255813953488372,43,24466.852790697674
446,Fornecedor_12,2023-12-10,2023-12-30,2024-01-05,41064.32,Equipamentos,20,-882,26,10.622919248667978,1,0.20512820512820512,39,27436.36
447,Fornecedor_5,2023-07-29,2023-08-10,2023-08-10,46096.88,Equipamentos,12,-1024,12,10.73852224094249,0,0.41304347826086957,46,26724.331521739132
448,Fornecedor_19,2023-07-20,2023-07-27,2023-07-26,41049.28,Equipamentos,7,-1038,6,10.622552935807372,0,0.3793103448275862,58,30085.888275862068
449,Fornecedor_17,2023-11-01,2023-11-23,2023-11-23,26363.0,Equipamentos,22,-919,22,10.17975472217261,0,0.37037037037037035,54,25592.20962962963
450,Fornecedor_14,2023-10-03,2023-10-11,2023-10-11,10241.66,Insumos,8,-962,8,9.234316630485251,0,0.3404255319148936,47,27536.185319148935
451,Fornecedor_7,2023-06-03,2023-06-09,2023-06-08,46957.62,Tecnologia,6,-1086,5,10.757022067358085,0,0.3269230769230769,52,26954.52903846154
452,Fornecedor_17,2023-11-30,2023-12-20,2023-12-20,30410.95,Medicamentos,20,-892,20,10.322590902259115,0,0.37037037037037035,54,25592.20962962963
453,Fornecedor_6,2023-09-30,2023-10-20,2023-10-23,31534.34,Insumos,20,-953,23,10.35886410071079,1,0.28888888888888886,45,26625.86022222222
454,Fornecedor_1,2023-09-18,2023-10-08,2023-10-14,35191.44,Insumos,20,-965,26,10.46858656579195,1,0.39215686274509803,51,26938.735098039215
455,Fornecedor_15,2023-06-05,2023-06-12,2023-06-18,13303.89,Equipamentos,7,-1083,13,9.495886915809029,1,0.34615384615384615,52,27936.5375
456,Fornecedor_3,2023-11-21,2023-11-28,2023-11-30,7189.15,Medicamentos,7,-914,9,8.880467312806239,1,0.24444444444444444,45,23814.126444444442
457,Fornecedor_16,2023-05-12,2023-06-05,2023-06-04,15046.55,Tecnologia,24,-1090,23,9.618970466227504,0,0.2545454545454545,55,23819.375818181816
458,Fornecedor_19,2023-07-06,2023-07-29,2023-08-04,31976.48,Insumos,23,-1036,29,10.37278718403359,1,0.3793103448275862,58,30085.888275862068
459,Fornecedor_15,2023-01-13,2023-01-24,2023-01-22,27238.29,Insumos,11,-1222,9,10.212415695312895,0,0.34615384615384615,52,27936.5375
460,Fornecedor_9,2023-05-11,2023-05-26,2023-05-31,4392.44,Medicamentos,15,-1100,20,8.387867798304578,1,0.22727272727272727,44,26572.065454545453
461,Fornecedor_1,2023-11-29,2023-12-22,2023-12-21,24924.09,Medicamentos,23,-890,22,10.123630205656017,0,0.39215686274509803,51,26938.735098039215
462,Fornecedor_5,2023-12-19,2024-01-10,2024-01-12,16919.44,Equipamentos,22,-871,24,9.736277637550229,1,0.41304347826086957,46,26724.331521739132
463,Fornecedor_3,2023-12-19,2024-01-10,2024-01-10,42948.1,Tecnologia,22,-871,22,10.66777097259448,0,0.24444444444444444,45,23814.126444444442
464,Fornecedor_6,2023-11-14,2023-11-24,2023-11-22,44623.04,Insumos,10,-918,8,10.706028006245498,0,0.28888888888888886,45,26625.86022222222
465,Fornecedor_6,2023-12-23,2024-01-05,2024-01-04,30429.79,Insumos,13,-876,12,10.323210203776508,0,0.28888888888888886,45,26625.86022222222
466,Fornecedor_17,2023-11-27,2023-12-16,2023-12-19,15798.7,Medicamentos,19,-896,22,9.667746231493025,1,0.37037037037037035,54,25592.20962962963
467,Fornecedor_9,2023-06-08,2023-07-01,2023-06-29,44198.82,Medicamentos,23,-1064,21,10.696475995659307,0,0.22727272727272727,44,26572.065454545453
468,Fornecedor_15,2023-05-14,2023-06-03,2023-06-02,25151.59,Insumos,20,-1092,19,10.132716152332948,0,0.34615384615384615,52,27936.5375
469,Fornecedor_19,2023-05-25,2023-06-18,2023-06-18,32370.2,Insumos,24,-1077,24,10.385024417595536,0,0.3793103448275862,58,30085.888275862068
470,Fornecedor_16,2023-12-18,2023-12-23,2023-12-29,49555.14,Medicamentos,5,-889,11,10.810861447318409,1,0.2545454545454545,55,23819.375818181816
471,Fornecedor_4,2023-04-07,2023-04-17,2023-04-17,45851.34,Tecnologia,10,-1139,10,10.733181512369233,0,0.32,50,24059.582799999996
472,Fornecedor_17,2023-08-25,2023-09-07,2023-09-08,19852.3,Tecnologia,13,-996,14,9.896125519149246,1,0.37037037037037035,54,25592.20962962963
473,Fornecedor_14,2023-10-15,2023-11-07,2023-11-13,49302.7,Insumos,23,-935,29,10.805754407924557,1,0.3404255319148936,47,27536.185319148935
474,Fornecedor_5,2023-08-24,2023-09-07,2023-09-13,10749.87,Tecnologia,14,-996,20,9.282741960513693,1,0.41304347826086957,46,26724.331521739132
475,Fornecedor_13,2023-04-10,2023-04-19,2023-04-17,31019.44,Medicamentos,9,-1137,7,10.342401621027095,0,0.2786885245901639,61,27560.733770491803
476,Fornecedor_9,2023-10-28,2023-11-18,2023-11-18,6621.96,Tecnologia,21,-924,21,8.798297678907629,0,0.22727272727272727,44,26572.065454545453
477,Fornecedor_16,2023-10-08,2023-10-28,2023-10-28,23879.71,Medicamentos,20,-945,20,10.08082629905785,0,0.2545454545454545,55,23819.375818181816
478,Fornecedor_6,2023-12-02,2023-12-07,2023-12-05,38500.63,Insumos,5,-905,3,10.558455857042,0,0.28888888888888886,45,26625.86022222222
479,Fornecedor_16,2023-01-22,2023-02-15,2023-02-14,42943.34,Insumos,24,-1200,23,10.667660137587642,0,0.2545454545454545,55,23819.375818181816
480,Fornecedor_7,2023-11-30,2023-12-14,2023-12-14,36145.79,Insumos,14,-898,14,10.495343426963753,0,0.3269230769230769,52,26954.52903846154
481,Fornecedor_9,2023-02-03,2023-02-14,2023-02-14,46882.19,Medicamentos,11,-1201,11,10.755414468010951,0,0.22727272727272727,44,26572.065454545453
482,Fornecedor_12,2023-01-05,2023-01-10,2023-01-10,44722.75,Medicamentos,5,-1236,5,10.708259959411729,0,0.20512820512820512,39,27436.36
483,Fornecedor_4,2023-02-09,2023-03-02,2023-03-01,8572.04,Medicamentos,21,-1185,20,9.056377674479139,0,0.32,50,24059.582799999996
484,Fornecedor_8,2023-05-05,2023-05-28,2023-05-26,46049.7,Insumos,23,-1098,21,10.737498242436542,0,0.3269230769230769,52,28221.404230769233
485,Fornecedor_15,2023-03-09,2023-03-30,2023-03-30,25110.49,Equipamentos,21,-1157,21,10.131080789299949,0,0.34615384615384615,52,27936.5375
486,Fornecedor_15,2023-06-12,2023-06-18,2023-06-18,39786.9,Tecnologia,6,-1077,6,10.591318124948547,0,0.34615384615384615,52,27936.5375
487,Fornecedor_3,2023-06-12,2023-06-26,2023-06-28,29903.36,Equipamentos,14,-1069,16,10.305759568146156,1,0.24444444444444444,45,23814.126444444442
488,Fornecedor_5,2023-02-12,2023-02-17,2023-02-15,31622.65,Tecnologia,5,-1198,3,10.361660537371638,0,0.41304347826086957,46,26724.331521739132
489,Fornecedor_16,2023-12-01,2023-12-18,2023-12-16,29048.44,Insumos,17,-894,15,10.276754484985817,0,0.2545454545454545,55,23819.375818181816
490,Fornecedor_14,2023-07-30,2023-08-04,2023-08-05,9036.41,Equipamentos,5,-1030,6,9.10912790791121,1,0.3404255319148936,47,27536.185319148935
491,Fornecedor_19,2023-12-25,2024-01-07,2024-01-09,16752.7,Insumos,13,-874,15,9.726374408381776,1,0.3793103448275862,58,30085.888275862068
492,Fornecedor_20,2023-02-08,2023-03-02,2023-02-28,24307.13,Medicamentos,22,-1185,20,10.098566141274514,0,0.3220338983050847,59,21740.94559322034
493,Fornecedor_5,2023-06-26,2023-07-20,2023-07-19,21433.63,Equipamentos,24,-1045,23,9.972763117394877,0,0.41304347826086957,46,26724.331521739132
494,Fornecedor_9,2023-05-03,2023-05-09,2023-05-09,21040.69,Equipamentos,6,-1117,6,9.954260986819827,0,0.22727272727272727,44,26572.065454545453
495,Fornecedor_17,2023-07-29,2023-08-21,2023-08-21,7784.98,Medicamentos,23,-1013,23,8.960079959454028,0,0.37037037037037035,54,25592.20962962963
496,Fornecedor_20,2023-09-19,2023-10-08,2023-10-06,47387.35,Medicamentos,19,-965,17,10.766131696883452,0,0.3220338983050847,59,21740.94559322034
497,Fornecedor_3,2023-08-19,2023-08-27,2023-08-29,45766.34,Insumos,8,-1007,10,10.731326015288541,1,0.24444444444444444,45,23814.126444444442
498,Fornecedor_10,2023-08-08,2023-08-15,2023-08-15,13338.93,Equipamentos,7,-1019,7,9.498517072079535,0,0.34545454545454546,55,25275.839636363635
499,Fornecedor_9,2023-10-24,2023-11-15,2023-11-15,35957.97,Tecnologia,22,-927,22,10.490133845238743,0,0.22727272727272727,44,26572.065454545453
500,Fornecedor_9,2023-07-17,2023-07-28,2023-07-27,40101.59,Insumos,11,-1037,10,10.59919619973759,0,0.22727272727272727,44,26572.065454545453
501,Fornecedor_4,2023-01-06,2023-01-16,2023-01-22,40546.25,Medicamentos,10,-1230,16,10.6102232397346,1,0.32,50,24059.582799999996
502,Fornecedor_20,2023-01-08,2023-01-14,2023-01-12,6226.32,Insumos,6,-1232,4,8.73670134266401,0,0.3220338983050847,59,21740.94559322034
503,Fornecedor_3,2023-10-21,2023-11-07,2023-11-06,2681.69,Tecnologia,17,-935,16,7.894575301446706,0,0.24444444444444444,45,23814.126444444442
504,Fornecedor_15,2023-12-28,2024-01-07,2024-01-09,15494.03,Medicamentos,10,-874,12,9.648274606328396,1,0.34615384615384615,52,27936.5375
505,Fornecedor_19,2023-12-01,2023-12-21,2023-12-26,3555.74,Tecnologia,20,-891,25,8.17659967397183,1,0.3793103448275862,58,30085.888275862068
506,Fornecedor_7,2023-02-03,2023-02-09,2023-02-08,26000.6,Insumos,6,-1206,5,10.165913353571744,0,0.3269230769230769,52,26954.52903846154
507,Fornecedor_20,2023-01-28,2023-02-08,2023-02-08,9844.63,Insumos,11,-1207,11,9.19478298089988,0,0.3220338983050847,59,21740.94559322034
508,Fornecedor_5,2023-06-29,2023-07-19,2023-07-19,46214.25,Tecnologia,20,-1046,20,10.741065109183326,0,0.41304347826086957,46,26724.331521739132
509,Fornecedor_8,2023-03-19,2023-03-27,2023-03-26,26849.27,Insumos,8,-1160,7,10.198031155752373,0,0.3269230769230769,52,28221.404230769233
510,Fornecedor_20,2023-01-31,2023-02-05,2023-02-10,25949.99,Equipamentos,5,-1210,10,10.163965038155348,1,0.3220338983050847,59,21740.94559322034
511,Fornecedor_20,2023-06-24,2023-07-11,2023-07-09,10784.06,Medicamentos,17,-1054,15,9.285917122090119,0,0.3220338983050847,59,21740.94559322034
512,Fornecedor_15,2023-01-10,2023-01-29,2023-02-02,25910.84,Tecnologia,19,-1217,23,10.162455286086809,1,0.34615384615384615,52,27936.5375
513,Fornecedor_11,2023-11-20,2023-11-28,2023-11-26,2004.65,Tecnologia,8,-914,6,7.603723476728784,0,0.125,48,25942.747083333335
514,Fornecedor_14,2023-09-17,2023-09-24,2023-09-25,2079.07,Equipamentos,7,-979,8,7.6401568259752395,1,0.3404255319148936,47,27536.185319148935
515,Fornecedor_16,2023-11-07,2023-11-23,2023-11-22,24325.84,Insumos,16,-919,15,10.099335546536736,0,0.2545454545454545,55,23819.375818181816
516,Fornecedor_18,2023-12-20,2024-01-03,2024-01-02,13117.06,Tecnologia,14,-878,13,9.481745185711189,0,0.3409090909090909,44,23445.405000000002
517,Fornecedor_4,2023-08-16,2023-09-04,2023-09-03,3619.02,Tecnologia,19,-999,18,8.194234829666433,0,0.32,50,24059.582799999996
518,Fornecedor_17,2023-03-22,2023-04-13,2023-04-18,4097.48,Tecnologia,22,-1143,27,8.318371452247094,1,0.37037037037037035,54,25592.20962962963
519,Fornecedor_17,2023-10-12,2023-10-30,2023-10-28,15667.23,Equipamentos,18,-943,16,9.659390374279713,0,0.37037037037037035,54,25592.20962962963
520,Fornecedor_15,2023-06-15,2023-07-08,2023-07-08,42824.17,Tecnologia,23,-1057,23,10.66488129282834,0,0.34615384615384615,52,27936.5375
521,Fornecedor_15,2023-12-01,2023-12-10,2023-12-10,6166.8,Medicamentos,9,-902,9,8.72709748929592,0,0.34615384615384615,52,27936.5375
522,Fornecedor_14,2023-12-26,2024-01-07,2024-01-06,19739.23,Medicamentos,12,-874,11,9.890413964388692,0,0.3404255319148936,47,27536.185319148935
523,Fornecedor_13,2023-02-22,2023-03-02,2023-02-28,22250.85,Insumos,8,-1185,6,10.01018043020536,0,0.2786885245901639,61,27560.733770491803
524,Fornecedor_8,2023-10-30,2023-11-16,2023-11-15,46679.05,Medicamentos,17,-926,16,10.751072157522454,0,0.3269230769230769,52,28221.404230769233
525,Fornecedor_19,2023-03-05,2023-03-27,2023-03-27,13103.31,Tecnologia,22,-1160,22,9.480696462711688,0,0.3793103448275862,58,30085.888275862068
526,Fornecedor_16,2023-05-04,2023-05-22,2023-05-22,49451.22,Insumos,18,-1104,18,10.808762229875313,0,0.2545454545454545,55,23819.375818181816
527,Fornecedor_4,2023-08-10,2023-08-22,2023-08-21,5386.33,Insumos,12,-1012,11,8.591805179389787,0,0.32,50,24059.582799999996
528,Fornecedor_15,2023-05-27,2023-06-10,2023-06-11,10055.17,Tecnologia,14,-1085,15,9.21594165545734,1,0.34615384615384615,52,27936.5375
529,Fornecedor_6,2023-06-07,2023-06-20,2023-06-20,11624.78,Insumos,13,-1075,13,9.360980324978863,0,0.28888888888888886,45,26625.86022222222
530,Fornecedor_16,2023-02-09,2023-02-21,2023-02-26,39249.11,Medicamentos,12,-1194,17,10.577709525754399,1,0.2545454545454545,55,23819.375818181816
531,Fornecedor_7,2023-10-12,2023-10-17,2023-10-16,18880.19,Tecnologia,5,-956,4,9.845921467374223,0,0.3269230769230769,52,26954.52903846154
532,Fornecedor_4,2023-02-24,2023-03-18,2023-03-18,3541.61,Insumos,22,-1169,22,8.172619022600037,0,0.32,50,24059.582799999996
533,Fornecedor_1,2023-01-30,2023-02-13,2023-02-17,35712.93,Equipamentos,14,-1202,18,10.483296087739468,1,0.39215686274509803,51,26938.735098039215
534,Fornecedor_20,2023-07-03,2023-07-15,2023-07-14,27605.21,Medicamentos,12,-1050,11,10.225796026396537,0,0.3220338983050847,59,21740.94559322034
535,Fornecedor_3,2023-12-26,2024-01-01,2023-12-31,3993.69,Insumos,6,-880,5,8.292721258193327,0,0.24444444444444444,45,23814.126444444442
536,Fornecedor_18,2023-12-13,2023-12-21,2023-12-21,41921.67,Medicamentos,8,-891,8,10.643582009714718,0,0.3409090909090909,44,23445.405000000002
537,Fornecedor_13,2023-12-29,2024-01-14,2024-01-13,9703.6,Insumos,16,-867,15,9.180355278885605,0,0.2786885245901639,61,27560.733770491803
538,Fornecedor_8,2023-05-26,2023-06-07,2023-06-07,39680.15,Tecnologia,12,-1088,12,10.588631542833681,0,0.3269230769230769,52,28221.404230769233
539,Fornecedor_13,2023-03-13,2023-04-05,2023-04-11,22942.98,Tecnologia,23,-1151,29,10.040810871711379,1,0.2786885245901639,61,27560.733770491803
540,Fornecedor_1,2023-04-02,2023-04-25,2023-04-24,38587.46,Equipamentos,23,-1131,22,10.560708547023786,0,0.39215686274509803,51,26938.735098039215
541,Fornecedor_12,2023-07-04,2023-07-10,2023-07-10,10759.3,Tecnologia,6,-1055,6,9.283618714367998,0,0.20512820512820512,39,27436.36
542,Fornecedor_13,2023-02-21,2023-02-28,2023-02-28,32066.27,Tecnologia,7,-1187,7,10.375591162777503,0,0.2786885245901639,61,27560.733770491803
543,Fornecedor_18,2023-07-24,2023-07-31,2023-07-30,16177.24,Equipamentos,7,-1034,6,9.691422408428918,0,0.3409090909090909,44,23445.405000000002
544,Fornecedor_6,2023-03-04,2023-03-26,2023-03-24,9505.28,Medicamentos,22,-1161,20,9.159707911821164,0,0.28888888888888886,45,26625.86022222222
545,Fornecedor_10,2023-04-13,2023-04-29,2023-04-28,25646.74,Equipamentos,16,-1127,15,10.152210737555283,0,0.34545454545454546,55,25275.839636363635
546,Fornecedor_20,2023-06-29,2023-07-22,2023-07-28,48674.08,Equipamentos,23,-1043,29,10.792922473793237,1,0.3220338983050847,59,21740.94559322034
547,Fornecedor_10,2023-04-07,2023-04-23,2023-04-22,32248.22,Medicamentos,16,-1133,15,10.38124913588492,0,0.34545454545454546,55,25275.839636363635
548,Fornecedor_7,2023-01-31,2023-02-16,2023-02-19,4186.24,Tecnologia,16,-1199,19,8.339797084653448,1,0.3269230769230769,52,26954.52903846154
549,Fornecedor_16,2023-05-31,2023-06-24,2023-06-28,4578.25,Tecnologia,24,-1071,28,8.429290508240326,1,0.2545454545454545,55,23819.375818181816
550,Fornecedor_2,2023-09-19,2023-09-27,2023-09-25,25267.25,Medicamentos,8,-976,6,10.137303945906641,0,0.23255813953488372,43,24466.852790697674
551,Fornecedor_8,2023-04-06,2023-04-30,2023-04-28,32981.28,Medicamentos,24,-1126,22,10.403725726531789,0,0.3269230769230769,52,28221.404230769233
552,Fornecedor_13,2023-12-28,2024-01-02,2024-01-01,27316.04,Tecnologia,5,-879,4,10.215265962280519,0,0.2786885245901639,61,27560.733770491803
553,Fornecedor_5,2023-07-24,2023-08-17,2023-08-16,23531.57,Medicamentos,24,-1017,23,10.066140698026533,0,0.41304347826086957,46,26724.331521739132
554,Fornecedor_5,2023-04-27,2023-05-19,2023-05-19,31349.7,Tecnologia,22,-1107,22,10.352991874360432,0,0.41304347826086957,46,26724.331521739132
555,Fornecedor_10,2023-01-23,2023-01-28,2023-01-28,9137.19,Insumos,5,-1218,5,9.120217614202968,0,0.34545454545454546,55,25275.839636363635
556,Fornecedor_16,2023-08-10,2023-08-18,2023-08-23,33049.15,Medicamentos,8,-1016,13,10.405781383847446,1,0.2545454545454545,55,23819.375818181816
557,Fornecedor_18,2023-10-13,2023-11-04,2023-11-04,7510.91,Equipamentos,22,-938,22,8.924245039985657,0,0.3409090909090909,44,23445.405000000002
558,Fornecedor_10,2023-01-19,2023-01-29,2023-01-28,39668.24,Medicamentos,10,-1217,9,10.588331355270913,0,0.34545454545454546,55,25275.839636363635
559,Fornecedor_14,2023-02-22,2023-03-10,2023-03-09,41455.45,Equipamentos,16,-1177,15,10.632398757625262,0,0.3404255319148936,47,27536.185319148935
560,Fornecedor_20,2023-05-03,2023-05-13,2023-05-12,24061.93,Equipamentos,10,-1113,9,10.088427761000341,0,0.3220338983050847,59,21740.94559322034
561,Fornecedor_16,2023-02-01,2023-02-15,2023-02-15,17496.97,Tecnologia,14,-1200,14,9.769840153183084,0,0.2545454545454545,55,23819.375818181816
562,Fornecedor_16,2023-11-02,2023-11-21,2023-11-21,5440.33,Insumos,19,-921,19,8.601778795262447,0,0.2545454545454545,55,23819.375818181816
563,Fornecedor_19,2023-08-15,2023-08-30,2023-08-31,33111.14,Insumos,15,-1004,16,10.407655261494044,1,0.3793103448275862,58,30085.888275862068
564,Fornecedor_9,2023-08-10,2023-08-15,2023-08-19,45312.54,Equipamentos,5,-1019,9,10.721361163057782,1,0.22727272727272727,44,26572.065454545453
565,Fornecedor_12,2023-06-23,2023-07-04,2023-07-04,39590.31,Tecnologia,11,-1061,11,10.586364928716673,0,0.20512820512820512,39,27436.36
566,Fornecedor_19,2023-08-24,2023-09-08,2023-09-06,38498.27,Medicamentos,15,-995,13,10.558394559057152,0,0.3793103448275862,58,30085.888275862068
567,Fornecedor_3,2023-12-09,2023-12-22,2023-12-21,43549.98,Equipamentos,13,-890,12,10.681687484897727,0,0.24444444444444444,45,23814.126444444442
568,Fornecedor_20,2023-09-29,2023-10-22,2023-10-21,35279.37,Medicamentos,23,-951,22,10.471081997594078,0,0.3220338983050847,59,21740.94559322034
569,Fornecedor_3,2023-07-19,2023-08-01,2023-07-30,30599.71,Equipamentos,13,-1033,11,10.328778490285675,0,0.24444444444444444,45,23814.126444444442
570,Fornecedor_7,2023-06-26,2023-07-06,2023-07-09,7127.34,Tecnologia,10,-1059,13,8.87183366722744,1,0.3269230769230769,52,26954.52903846154
571,Fornecedor_18,2023-07-31,2023-08-21,2023-08-19,39352.67,Medicamentos,21,-1013,19,10.580344515062025,0,0.3409090909090909,44,23445.405000000002
572,Fornecedor_1,2023-10-11,2023-10-31,2023-11-03,48998.02,Insumos,20,-942,23,10.799555576892761,1,0.39215686274509803,51,26938.735098039215
573,Fornecedor_15,2023-10-27,2023-11-09,2023-11-07,23629.68,Insumos,13,-933,11,10.070301146745322,0,0.34615384615384615,52,27936.5375
574,Fornecedor_17,2023-05-28,2023-06-12,2023-06-15,21477.15,Insumos,15,-1083,18,9.974791418284267,1,0.37037037037037035,54,25592.20962962963
575,Fornecedor_4,2023-03-21,2023-04-13,2023-04-11,38749.95,Medicamentos,23,-1143,21,10.56491055061001,0,0.32,50,24059.582799999996
576,Fornecedor_19,2023-11-23,2023-12-08,2023-12-10,39278.84,Insumos,15,-904,17,10.57846668914035,1,0.3793103448275862,58,30085.888275862068
577,Fornecedor_10,2023-12-11,2023-12-24,2023-12-24,18135.03,Tecnologia,13,-888,13,9.805655846354501,0,0.34545454545454546,55,25275.839636363635
578,Fornecedor_13,2023-08-03,2023-08-12,2023-08-10,41840.09,Equipamentos,9,-1022,7,10.641634150024705,0,0.2786885245901639,61,27560.733770491803
579,Fornecedor_11,2023-01-12,2023-02-03,2023-02-07,10226.37,Insumos,22,-1212,26,9.232822738894122,1,0.125,48,25942.747083333335
580,Fornecedor_2,2023-08-18,2023-09-10,2023-09-08,13752.72,Tecnologia,23,-993,21,9.529064611958441,0,0.23255813953488372,43,24466.852790697674
581,Fornecedor_15,2023-04-04,2023-04-26,2023-04-25,44319.66,Insumos,22,-1130,21,10.699206213007036,0,0.34615384615384615,52,27936.5375
582,Fornecedor_2,2023-09-29,2023-10-18,2023-10-16,28660.76,Tecnologia,19,-955,17,10.263319109126815,0,0.23255813953488372,43,24466.852790697674
583,Fornecedor_17,2023-06-29,2023-07-17,2023-07-16,44624.64,Medicamentos,18,-1048,17,10.706063860715792,0,0.37037037037037035,54,25592.20962962963
584,Fornecedor_1,2023-12-09,2023-12-30,2023-12-30,15654.09,Medicamentos,21,-882,21,9.658551382705975,0,0.39215686274509803,51,26938.735098039215
585,Fornecedor_18,2023-02-15,2023-03-09,2023-03-07,34901.12,Medicamentos,22,-1178,20,10.46030285133129,0,0.3409090909090909,44,23445.405000000002
586,Fornecedor_9,2023-05-31,2023-06-21,2023-06-26,42422.26,Insumos,21,-1074,26,10.65545207570802,1,0.22727272727272727,44,26572.065454545453
587,Fornecedor_9,2023-04-20,2023-05-12,2023-05-16,40257.55,Equipamentos,22,-1114,26,10.603077682648523,1,0.22727272727272727,44,26572.065454545453
588,Fornecedor_15,2023-04-14,2023-05-08,2023-05-08,28111.98,Tecnologia,24,-1118,24,10.243986670377032,0,0.34615384615384615,52,27936.5375
589,Fornecedor_16,2023-06-18,2023-07-07,2023-07-12,27889.38,Insumos,19,-1058,24,10.236037105483897,1,0.2545454545454545,55,23819.375818181816
590,Fornecedor_10,2023-06-22,2023-07-07,2023-07-07,12558.12,Insumos,15,-1058,15,9.438202373873347,0,0.34545454545454546,55,25275.839636363635
591,Fornecedor_14,2023-10-01,2023-10-10,2023-10-08,31127.91,Medicamentos,9,-963,7,10.345892248367125,0,0.3404255319148936,47,27536.185319148935
592,Fornecedor_16,2023-12-30,2024-01-11,2024-01-11,25651.03,Insumos,12,-870,12,10.152377989767524,0,0.2545454545454545,55,23819.375818181816
593,Fornecedor_5,2023-03-30,2023-04-06,2023-04-11,35975.11,Medicamentos,7,-1150,12,10.49061038603982,1,0.41304347826086957,46,26724.331521739132
594,Fornecedor_16,2023-08-19,2023-09-02,2023-09-02,44590.82,Equipamentos,14,-1001,14,10.70530571311509,0,0.2545454545454545,55,23819.375818181816
595,Fornecedor_11,2023-08-29,2023-09-06,2023-09-06,36428.59,Medicamentos,8,-997,8,10.503136635478668,0,0.125,48,25942.747083333335
596,Fornecedor_8,2023-12-20,2024-01-12,2024-01-10,26662.0,Equipamentos,23,-869,21,10.191032115533917,0,0.3269230769230769,52,28221.404230769233
597,Fornecedor_7,2023-03-24,2023-04-11,2023-04-13,23284.61,Medicamentos,18,-1145,20,10.05559085219595,1,0.3269230769230769,52,26954.52903846154
598,Fornecedor_10,2023-01-15,2023-01-31,2023-01-30,9961.62,Medicamentos,16,-1215,15,9.206595368195313,0,0.34545454545454546,55,25275.839636363635
599,Fornecedor_20,2023-06-14,2023-07-02,2023-07-02,5150.47,Insumos,18,-1063,18,8.547037389821625,0,0.3220338983050847,59,21740.94559322034
600,Fornecedor_19,2023-01-27,2023-02-03,2023-02-02,37776.96,Insumos,7,-1212,6,10.539481142773903,0,0.3793103448275862,58,30085.888275862068
601,Fornecedor_13,2023-12-11,2024-01-02,2024-01-05,4018.91,Equipamentos,22,-879,25,8.29901479330275,1,0.2786885245901639,61,27560.733770491803
602,Fornecedor_8,2023-01-23,2023-01-30,2023-01-28,39915.52,Medicamentos,7,-1216,5,10.594545552276799,0,0.3269230769230769,52,28221.404230769233
603,Fornecedor_16,2023-10-18,2023-11-11,2023-11-16,8823.44,Medicamentos,24,-931,29,9.085280423697423,1,0.2545454545454545,55,23819.375818181816
604,Fornecedor_16,2023-12-17,2023-12-25,2023-12-25,5268.12,Medicamentos,8,-887,8,8.569618644670006,0,0.2545454545454545,55,23819.375818181816
605,Fornecedor_11,2023-01-22,2023-02-15,2023-02-14,25714.64,Medicamentos,24,-1200,23,10.15485464609686,0,0.125,48,25942.747083333335
606,Fornecedor_8,2023-07-16,2023-07-23,2023-07-24,44770.12,Medicamentos,7,-1042,8,10.709318567674387,1,0.3269230769230769,52,28221.404230769233
607,Fornecedor_9,2023-06-26,2023-07-11,2023-07-11,35696.81,Insumos,15,-1054,15,10.482844621348262,0,0.22727272727272727,44,26572.065454545453
608,Fornecedor_17,2023-04-29,2023-05-12,2023-05-12,20093.13,Medicamentos,13,-1114,13,9.908183011594245,0,0.37037037037037035,54,25592.20962962963
609,Fornecedor_3,2023-05-27,2023-06-12,2023-06-12,12007.71,Equipamentos,16,-1083,16,9.393387498813851,0,0.24444444444444444,45,23814.126444444442
610,Fornecedor_5,2023-12-20,2024-01-11,2024-01-12,45742.8,Tecnologia,22,-870,23,10.730811542394438,1,0.41304347826086957,46,26724.331521739132
611,Fornecedor_4,2023-05-20,2023-05-29,2023-05-31,13715.57,Insumos,9,-1097,11,9.526359870024667,1,0.32,50,24059.582799999996
612,Fornecedor_8,2023-05-20,2023-06-08,2023-06-13,25760.36,Insumos,19,-1087,24,10.156630973855737,1,0.3269230769230769,52,28221.404230769233
613,Fornecedor_18,2023-11-29,2023-12-07,2023-12-06,29285.17,Tecnologia,8,-905,7,10.284870669919771,0,0.3409090909090909,44,23445.405000000002
614,Fornecedor_8,2023-03-10,2023-03-23,2023-03-26,15145.03,Medicamentos,13,-1164,16,9.625493730392789,1,0.3269230769230769,52,28221.404230769233
615,Fornecedor_15,2023-06-23,2023-07-09,2023-07-15,26610.45,Insumos,16,-1056,22,10.1890968532801,1,0.34615384615384615,52,27936.5375
616,Fornecedor_12,2023-07-12,2023-07-20,2023-07-26,42625.08,Equipamentos,8,-1045,14,10.660221551508236,1,0.20512820512820512,39,27436.36
617,Fornecedor_20,2023-03-31,2023-04-13,2023-04-16,12165.02,Insumos,13,-1143,16,9.406402098804994,1,0.3220338983050847,59,21740.94559322034
618,Fornecedor_12,2023-02-10,2023-03-04,2023-03-04,29409.36,Tecnologia,22,-1183,22,10.289102272207568,0,0.20512820512820512,39,27436.36
619,Fornecedor_14,2023-09-21,2023-10-15,2023-10-19,6696.28,Tecnologia,24,-958,28,8.809456752801612,1,0.3404255319148936,47,27536.185319148935
620,Fornecedor_3,2023-09-21,2023-10-10,2023-10-10,23581.23,Insumos,19,-963,19,10.06824874129065,0,0.24444444444444444,45,23814.126444444442
621,Fornecedor_13,2023-09-04,2023-09-09,2023-09-08,36629.41,Equipamentos,5,-994,4,10.508634048721412,0,0.2786885245901639,61,27560.733770491803
622,Fornecedor_4,2023-10-17,2023-10-24,2023-10-23,44573.04,Medicamentos,7,-949,6,10.704906905763584,0,0.32,50,24059.582799999996
623,Fornecedor_19,2023-02-28,2023-03-24,2023-03-26,11425.86,Tecnologia,24,-1163,26,9.343722003387054,1,0.3793103448275862,58,30085.888275862068
624,Fornecedor_15,2023-09-21,2023-10-14,2023-10-12,47782.84,Medicamentos,23,-959,21,10.774442786005398,0,0.34615384615384615,52,27936.5375
625,Fornecedor_13,2023-06-12,2023-07-03,2023-07-03,5336.6,Tecnologia,21,-1062,21,8.582531392724373,0,0.2786885245901639,61,27560.733770491803
626,Fornecedor_15,2023-05-13,2023-05-28,2023-05-31,40034.25,Medicamentos,15,-1098,18,10.597515595023268,1,0.34615384615384615,52,27936.5375
627,Fornecedor_2,2023-04-29,2023-05-18,2023-05-16,8380.4,Medicamentos,19,-1108,17,9.03377024396156,0,0.23255813953488372,43,24466.852790697674
628,Fornecedor_8,2023-12-26,2024-01-15,2024-01-17,48151.58,Tecnologia,20,-866,22,10.782129998345296,1,0.3269230769230769,52,28221.404230769233
629,Fornecedor_4,2023-06-28,2023-07-08,2023-07-08,15030.02,Insumos,10,-1057,10,9.617871344715802,0,0.32,50,24059.582799999996
630,Fornecedor_9,2023-03-18,2023-03-31,2023-03-31,15818.43,Medicamentos,13,-1156,13,9.668994210331196,0,0.22727272727272727,44,26572.065454545453
631,Fornecedor_15,2023-09-12,2023-09-23,2023-09-21,43443.77,Medicamentos,11,-980,9,10.679245755209344,0,0.34615384615384615,52,27936.5375
632,Fornecedor_11,2023-12-19,2024-01-12,2024-01-12,25456.55,Insumos,24,-869,24,10.144767638101635,0,0.125,48,25942.747083333335
633,Fornecedor_16,2023-04-25,2023-05-12,2023-05-11,29310.98,Insumos,17,-1114,16,10.285751585159213,0,0.2545454545454545,55,23819.375818181816
634,Fornecedor_3,2023-04-03,2023-04-09,2023-04-15,41031.09,Insumos,6,-1147,12,10.62210972247672,1,0.24444444444444444,45,23814.126444444442
635,Fornecedor_2,2023-11-24,2023-12-03,2023-12-02,45620.28,Tecnologia,9,-909,8,10.72812955331412,0,0.23255813953488372,43,24466.852790697674
636,Fornecedor_16,2023-08-09,2023-09-01,2023-09-02,24449.03,Equipamentos,23,-1002,24,10.10438672189613,1,0.2545454545454545,55,23819.375818181816
637,Fornecedor_12,2023-08-28,2023-09-06,2023-09-04,40089.25,Medicamentos,9,-997,7,10.598888441586178,0,0.20512820512820512,39,27436.36
638,Fornecedor_4,2023-06-03,2023-06-24,2023-06-22,43506.94,Tecnologia,21,-1071,19,10.680698729156065,0,0.32,50,24059.582799999996
639,Fornecedor_9,2023-09-05,2023-09-24,2023-09-29,15419.71,Insumos,19,-979,24,9.643466690155897,1,0.22727272727272727,44,26572.065454545453
640,Fornecedor_7,2023-12-20,2024-01-06,2024-01-04,17397.26,Medicamentos,17,-875,15,9.764125480202287,0,0.3269230769230769,52,26954.52903846154
641,Fornecedor_13,2023-01-02,2023-01-10,2023-01-09,20443.13,Insumos,8,-1236,7,9.92545107870184,0,0.2786885245901639,61,27560.733770491803
642,Fornecedor_1,2023-09-27,2023-10-09,2023-10-15,31943.14,Insumos,12,-964,18,10.371744031403125,1,0.39215686274509803,51,26938.735098039215
643,Fornecedor_4,2023-04-27,2023-05-16,2023-05-15,22091.35,Tecnologia,19,-1110,18,10.002986673734618,0,0.32,50,24059.582799999996
644,Fornecedor_2,2023-02-08,2023-02-13,2023-02-12,36374.98,Insumos,5,-1202,4,10.501663945691632,0,0.23255813953488372,43,24466.852790697674
645,Fornecedor_16,2023-08-02,2023-08-10,2023-08-10,20934.12,Equipamentos,8,-1024,8,9.94918341046452,0,0.2545454545454545,55,23819.375818181816
646,Fornecedor_20,2023-06-16,2023-07-02,2023-06-30,23617.16,Tecnologia,16,-1063,14,10.06977118663231,0,0.3220338983050847,59,21740.94559322034
647,Fornecedor_6,2023-06-11,2023-06-24,2023-06-22,27275.66,Tecnologia,13,-1071,11,10.213786670444147,0,0.28888888888888886,45,26625.86022222222
648,Fornecedor_1,2023-09-15,2023-09-22,2023-09-22,16644.7,Medicamentos,7,-981,7,9.719907203795925,0,0.39215686274509803,51,26938.735098039215
649,Fornecedor_13,2023-09-03,2023-09-09,2023-09-13,24020.59,Equipamentos,6,-994,10,10.086708288280828,1,0.2786885245901639,61,27560.733770491803
650,Fornecedor_12,2023-04-24,2023-05-13,2023-05-13,4347.07,Medicamentos,19,-1113,19,8.377487347467532,0,0.20512820512820512,39,27436.36
651,Fornecedor_2,2023-04-25,2023-05-03,2023-05-03,3468.47,Equipamentos,8,-1123,8,8.151757123523145,0,0.23255813953488372,43,24466.852790697674
652,Fornecedor_3,2023-10-22,2023-10-28,2023-10-28,7964.44,Medicamentos,6,-945,6,8.982867462500744,0,0.24444444444444444,45,23814.126444444442
653,Fornecedor_17,2023-01-29,2023-02-05,2023-02-05,7656.55,Insumos,7,-1210,7,8.94344736823181,0,0.37037037037037035,54,25592.20962962963
654,Fornecedor_20,2023-07-23,2023-08-05,2023-08-04,14308.6,Insumos,13,-1029,12,9.568685919679035,0,0.3220338983050847,59,21740.94559322034
655,Fornecedor_20,2023-04-25,2023-05-15,2023-05-21,27248.43,Tecnologia,20,-1111,26,10.212787882441425,1,0.3220338983050847,59,21740.94559322034
656,Fornecedor_5,2023-12-22,2024-01-09,2024-01-07,21131.37,Equipamentos,18,-872,16,9.958561267122029,0,0.41304347826086957,46,26724.331521739132
657,Fornecedor_2,2023-02-01,2023-02-16,2023-02-18,2676.5,Equipamentos,15,-1199,17,7.892638802321904,1,0.23255813953488372,43,24466.852790697674
658,Fornecedor_19,2023-06-29,2023-07-20,2023-07-18,49813.82,Insumos,21,-1045,19,10.816067809102961,0,0.3793103448275862,58,30085.888275862068
659,Fornecedor_9,2023-03-08,2023-03-28,2023-03-28,26544.61,Equipamentos,20,-1159,20,10.186619664599284,0,0.22727272727272727,44,26572.065454545453
660,Fornecedor_11,2023-11-20,2023-12-05,2023-12-05,48734.21,Insumos,15,-907,15,10.794157045780185,0,0.125,48,25942.747083333335
661,Fornecedor_1,2023-11-27,2023-12-14,2023-12-12,16692.71,Equipamentos,17,-898,15,9.722787280749072,0,0.39215686274509803,51,26938.735098039215
662,Fornecedor_18,2023-09-19,2023-09-25,2023-09-24,26517.8,Insumos,6,-978,5,10.18560919440726,0,0.3409090909090909,44,23445.405000000002
663,Fornecedor_5,2023-01-01,2023-01-06,2023-01-07,31047.32,Insumos,5,-1240,6,10.343299979617633,1,0.41304347826086957,46,26724.331521739132
664,Fornecedor_13,2023-11-25,2023-12-03,2023-12-03,12818.86,Tecnologia,8,-909,8,9.458750809978214,0,0.2786885245901639,61,27560.733770491803
665,Fornecedor_18,2023-12-31,2024-01-22,2024-01-22,48862.33,Equipamentos,22,-859,22,10.796782496398487,0,0.3409090909090909,44,23445.405000000002
666,Fornecedor_16,2023-10-08,2023-10-13,2023-10-17,43125.26,Equipamentos,5,-960,9,10.671887371298146,1,0.2545454545454545,55,23819.375818181816
667,Fornecedor_10,2023-05-25,2023-06-05,2023-06-03,38294.62,Equipamentos,11,-1090,9,10.553090808315782,0,0.34545454545454546,55,25275.839636363635
668,Fornecedor_15,2023-12-19,2023-12-27,2023-12-25,24946.88,Medicamentos,8,-885,6,10.124544127629635,0,0.34615384615384615,52,27936.5375
669,Fornecedor_12,2023-08-13,2023-08-28,2023-08-26,24557.71,Medicamentos,15,-1006,13,10.108821856451655,0,0.20512820512820512,39,27436.36
670,Fornecedor_13,2023-10-25,2023-11-04,2023-11-03,29768.95,Equipamentos,10,-938,9,10.301254774465248,0,0.2786885245901639,61,27560.733770491803
671,Fornecedor_4,2023-06-02,2023-06-08,2023-06-07,5110.28,Insumos,6,-1087,5,8.53920514106735,0,0.32,50,24059.582799999996
672,Fornecedor_20,2023-10-05,2023-10-14,2023-10-12,10166.6,Medicamentos,9,-959,7,9.226961472992418,0,0.3220338983050847,59,21740.94559322034
673,Fornecedor_1,2023-02-16,2023-03-02,2023-03-08,16947.63,Equipamentos,14,-1185,20,9.737942283583301,1,0.39215686274509803,51,26938.735098039215
674,Fornecedor_14,2023-10-19,2023-11-07,2023-11-06,46004.68,Tecnologia,19,-935,18,10.736520146109289,0,0.3404255319148936,47,27536.185319148935
675,Fornecedor_17,2023-11-15,2023-11-20,2023-11-19,12407.11,Tecnologia,5,-922,4,9.426105570065305,0,0.37037037037037035,54,25592.20962962963
676,Fornecedor_9,2023-03-10,2023-03-22,2023-03-20,10568.69,Insumos,12,-1165,10,9.265745750146595,0,0.22727272727272727,44,26572.065454545453
677,Fornecedor_19,2023-11-15,2023-12-01,2023-12-01,24263.94,Equipamentos,16,-911,16,10.09678778913896,0,0.3793103448275862,58,30085.888275862068
678,Fornecedor_15,2023-02-02,2023-02-20,2023-02-20,25886.62,Medicamentos,18,-1195,18,10.161520141134911,0,0.34615384615384615,52,27936.5375
679,Fornecedor_17,2023-09-07,2023-09-17,2023-09-15,46688.42,Tecnologia,10,-986,8,10.751272865527577,0,0.37037037037037035,54,25592.20962962963
680,Fornecedor_1,2023-02-15,2023-03-02,2023-03-04,32721.73,Tecnologia,15,-1185,17,10.395825222443984,1,0.39215686274509803,51,26938.735098039215
681,Fornecedor_4,2023-12-11,2023-12-19,2023-12-23,4909.35,Medicamentos,8,-893,12,8.49910050134377,1,0.32,50,24059.582799999996
682,Fornecedor_17,2023-12-25,2024-01-06,2024-01-12,19122.39,Tecnologia,12,-875,18,9.858667472144612,1,0.37037037037037035,54,25592.20962962963
683,Fornecedor_17,2023-02-27,2023-03-17,2023-03-19,36809.04,Equipamentos,18,-1170,20,10.51352591303371,1,0.37037037037037035,54,25592.20962962963
684,Fornecedor_1,2023-06-03,2023-06-13,2023-06-11,5125.7,Medicamentos,10,-1082,8,8.542217456320973,0,0.39215686274509803,51,26938.735098039215
685,Fornecedor_4,2023-10-16,2023-11-06,2023-11-11,2333.84,Medicamentos,21,-936,26,7.755698645271285,1,0.32,50,24059.582799999996
686,Fornecedor_11,2023-12-27,2024-01-12,2024-01-10,48961.92,Insumos,16,-869,14,10.798818555930659,0,0.125,48,25942.747083333335
687,Fornecedor_9,2023-02-03,2023-02-22,2023-02-21,20129.56,Insumos,19,-1193,18,9.909994337422251,0,0.22727272727272727,44,26572.065454545453
688,Fornecedor_5,2023-05-15,2023-05-27,2023-06-02,28379.6,Insumos,12,-1099,18,10.2534610921396,1,0.41304347826086957,46,26724.331521739132
689,Fornecedor_1,2023-07-13,2023-07-29,2023-07-27,34726.46,Insumos,16,-1036,14,10.455286007445958,0,0.39215686274509803,51,26938.735098039215
690,Fornecedor_19,2023-11-04,2023-11-09,2023-11-08,34239.31,Insumos,5,-933,4,10.441158883953012,0,0.3793103448275862,58,30085.888275862068
691,Fornecedor_13,2023-02-01,2023-02-20,2023-02-18,31548.01,Insumos,19,-1195,17,10.35929748871317,0,0.2786885245901639,61,27560.733770491803
692,Fornecedor_18,2023-09-09,2023-09-28,2023-09-26,16593.05,Equipamentos,19,-975,17,9.71679947635697,0,0.3409090909090909,44,23445.405000000002
693,Fornecedor_15,2023-05-22,2023-05-28,2023-05-31,33287.41,Medicamentos,6,-1098,9,10.412964567337708,1,0.34615384615384615,52,27936.5375
694,Fornecedor_15,2023-05-08,2023-05-27,2023-06-02,48104.87,Equipamentos,19,-1099,25,10.78115948606993,1,0.34615384615384615,52,27936.5375
695,Fornecedor_9,2023-05-24,2023-05-29,2023-05-27,49319.26,Insumos,5,-1097,3,10.806090228959437,0,0.22727272727272727,44,26572.065454545453
696,Fornecedor_16,2023-10-13,2023-11-01,2023-10-30,20880.2,Medicamentos,19,-941,17,9.946604511609532,0,0.2545454545454545,55,23819.375818181816
697,Fornecedor_13,2023-03-08,2023-03-15,2023-03-14,28064.08,Insumos,7,-1172,6,10.242281377897802,0,0.2786885245901639,61,27560.733770491803
698,Fornecedor_16,2023-08-28,2023-09-05,2023-09-03,17013.4,Equipamentos,8,-998,6,9.74181532331002,0,0.2545454545454545,55,23819.375818181816
699,Fornecedor_19,2023-03-03,2023-03-15,2023-03-15,19455.85,Tecnologia,12,-1172,12,9.875954472133955,0,0.3793103448275862,58,30085.888275862068
700,Fornecedor_16,2023-07-31,2023-08-12,2023-08-11,8131.43,Insumos,12,-1022,11,9.003615050871176,0,0.2545454545454545,55,23819.375818181816
701,Fornecedor_12,2023-04-07,2023-04-19,2023-04-19,6436.68,Medicamentos,12,-1137,12,8.769923505746133,0,0.20512820512820512,39,27436.36
702,Fornecedor_13,2023-02-28,2023-03-21,2023-03-21,16714.14,Insumos,21,-1166,21,9.724070174529563,0,0.2786885245901639,61,27560.733770491803
703,Fornecedor_10,2023-08-21,2023-08-28,2023-08-26,22835.31,Medicamentos,7,-1006,5,10.036107092048937,0,0.34545454545454546,55,25275.839636363635
704,Fornecedor_17,2023-10-14,2023-10-24,2023-10-23,29014.79,Equipamentos,10,-949,9,10.275595443550278,0,0.37037037037037035,54,25592.20962962963
705,Fornecedor_18,2023-07-05,2023-07-16,2023-07-19,26416.87,Medicamentos,11,-1049,14,10.181795954084427,1,0.3409090909090909,44,23445.405000000002
706,Fornecedor_1,2023-04-07,2023-04-30,2023-05-06,23332.97,Equipamentos,23,-1126,29,10.057665517705423,1,0.39215686274509803,51,26938.735098039215
707,Fornecedor_3,2023-10-30,2023-11-23,2023-11-21,5549.65,Insumos,24,-919,22,8.621670316999923,0,0.24444444444444444,45,23814.126444444442
708,Fornecedor_12,2023-12-06,2023-12-26,2023-12-25,16284.0,Equipamentos,20,-886,19,9.697999717710333,0,0.20512820512820512,39,27436.36
709,Fornecedor_14,2023-10-25,2023-11-13,2023-11-11,32594.12,Tecnologia,19,-929,17,10.391917862898111,0,0.3404255319148936,47,27536.185319148935
710,Fornecedor_10,2023-10-04,2023-10-17,2023-10-19,33257.3,Insumos,13,-956,15,10.412059638993249,1,0.34545454545454546,55,25275.839636363635
711,Fornecedor_8,2023-02-10,2023-02-28,2023-02-27,30311.12,Equipamentos,18,-1187,17,10.319302911518788,0,0.3269230769230769,52,28221.404230769233
712,Fornecedor_18,2023-04-21,2023-05-08,2023-05-13,13551.06,Medicamentos,17,-1118,22,9.514293844272826,1,0.3409090909090909,44,23445.405000000002
713,Fornecedor_7,2023-05-13,2023-05-23,2023-05-21,28233.19,Tecnologia,10,-1103,8,10.248288933896603,0,0.3269230769230769,52,26954.52903846154
714,Fornecedor_2,2023-09-23,2023-10-09,2023-10-09,22058.7,Medicamentos,16,-964,16,10.001507693440317,0,0.23255813953488372,43,24466.852790697674
715,Fornecedor_10,2023-05-05,2023-05-25,2023-05-24,35887.5,Medicamentos,20,-1101,19,10.488172188896552,0,0.34545454545454546,55,25275.839636363635
716,Fornecedor_5,2023-08-07,2023-08-26,2023-08-26,5344.27,Equipamentos,19,-1008,19,8.583967336682864,0,0.41304347826086957,46,26724.331521739132
717,Fornecedor_5,2023-03-16,2023-04-07,2023-04-09,16335.82,Equipamentos,22,-1149,24,9.701176735031062,1,0.41304347826086957,46,26724.331521739132
718,Fornecedor_9,2023-05-30,2023-06-06,2023-06-06,26103.82,Medicamentos,7,-1089,7,10.169875250590081,0,0.22727272727272727,44,26572.065454545453
719,Fornecedor_15,2023-09-04,2023-09-15,2023-09-15,22513.74,Medicamentos,11,-988,11,10.02192548481201,0,0.34615384615384615,52,27936.5375
720,Fornecedor_15,2023-06-16,2023-07-01,2023-07-05,36990.12,Insumos,15,-1064,19,10.518433162821752,1,0.34615384615384615,52,27936.5375
721,Fornecedor_6,2023-10-21,2023-10-31,2023-10-29,2374.82,Tecnologia,10,-942,8,7.773097920037028,0,0.28888888888888886,45,26625.86022222222
722,Fornecedor_17,2023-02-13,2023-03-01,2023-02-28,20046.94,Equipamentos,16,-1186,15,9.905881684314132,0,0.37037037037037035,54,25592.20962962963
723,Fornecedor_16,2023-04-14,2023-05-01,2023-05-07,19536.06,Tecnologia,17,-1125,23,9.880068453682789,1,0.2545454545454545,55,23819.375818181816
724,Fornecedor_8,2023-02-03,2023-02-14,2023-02-20,7408.62,Tecnologia,11,-1201,17,8.910534434923882,1,0.3269230769230769,52,28221.404230769233
725,Fornecedor_12,2023-04-06,2023-04-19,2023-04-19,49156.76,Insumos,13,-1137,13,10.802789997141426,0,0.20512820512820512,39,27436.36
726,Fornecedor_5,2023-07-19,2023-08-05,2023-08-04,47089.21,Equipamentos,17,-1029,16,10.759820402773208,0,0.41304347826086957,46,26724.331521739132
727,Fornecedor_4,2023-03-11,2023-03-30,2023-04-02,7196.49,Medicamentos,19,-1157,22,8.881487633114057,1,0.32,50,24059.582799999996
728,Fornecedor_10,2023-07-18,2023-08-06,2023-08-04,37060.32,Medicamentos,19,-1028,17,10.520329117121939,0,0.34545454545454546,55,25275.839636363635
729,Fornecedor_16,2023-01-24,2023-02-16,2023-02-15,26147.83,Tecnologia,23,-1199,22,10.171559726618316,0,0.2545454545454545,55,23819.375818181816
730,Fornecedor_5,2023-08-03,2023-08-15,2023-08-14,5665.01,Medicamentos,12,-1019,11,8.642240445302424,0,0.41304347826086957,46,26724.331521739132
731,Fornecedor_16,2023-04-17,2023-05-10,2023-05-10,9001.4,Tecnologia,23,-1116,23,9.105246487435787,0,0.2545454545454545,55,23819.375818181816
732,Fornecedor_5,2023-02-09,2023-02-23,2023-02-28,6950.83,Medicamentos,14,-1192,19,8.846760213251532,1,0.41304347826086957,46,26724.331521739132
733,Fornecedor_13,2023-02-01,2023-02-20,2023-02-26,49768.32,Medicamentos,19,-1195,25,10.815154008910156,1,0.2786885245901639,61,27560.733770491803
734,Fornecedor_17,2023-10-21,2023-10-27,2023-10-26,44742.01,Tecnologia,6,-946,5,10.708690510385019,0,0.37037037037037035,54,25592.20962962963
735,Fornecedor_14,2023-02-08,2023-02-28,2023-02-26,15370.21,Insumos,20,-1187,18,9.640251558222557,0,0.3404255319148936,47,27536.185319148935
736,Fornecedor_13,2023-07-04,2023-07-18,2023-07-19,34923.81,Insumos,14,-1047,15,10.460952743881302,1,0.2786885245901639,61,27560.733770491803
737,Fornecedor_20,2023-12-10,2023-12-27,2023-12-26,37490.82,Insumos,17,-885,16,10.531878054830633,0,0.3220338983050847,59,21740.94559322034
738,Fornecedor_8,2023-03-08,2023-03-26,2023-03-26,17573.81,Medicamentos,18,-1161,18,9.774221905809618,0,0.3269230769230769,52,28221.404230769233
739,Fornecedor_8,2023-09-24,2023-10-03,2023-10-05,24907.12,Equipamentos,9,-970,11,10.12294913370998,1,0.3269230769230769,52,28221.404230769233
740,Fornecedor_4,2023-01-17,2023-01-29,2023-01-29,9736.38,Insumos,12,-1217,12,9.183727366611413,0,0.32,50,24059.582799999996
741,Fornecedor_13,2023-10-14,2023-10-24,2023-10-24,47391.53,Medicamentos,10,-949,10,10.766219900327073,0,0.2786885245901639,61,27560.733770491803
742,Fornecedor_20,2023-12-31,2024-01-11,2024-01-09,40514.75,Tecnologia,11,-870,9,10.609446066385834,0,0.3220338983050847,59,21740.94559322034
743,Fornecedor_13,2023-07-07,2023-07-23,2023-07-23,4667.62,Insumos,16,-1042,16,8.448618803781274,0,0.2786885245901639,61,27560.733770491803
744,Fornecedor_8,2023-02-23,2023-03-01,2023-03-01,28181.91,Equipamentos,6,-1186,6,10.246471044847993,0,0.3269230769230769,52,28221.404230769233
745,Fornecedor_8,2023-05-02,2023-05-26,2023-05-30,49236.95,Equipamentos,24,-1100,28,10.804419946612873,1,0.3269230769230769,52,28221.404230769233
746,Fornecedor_3,2023-08-29,2023-09-19,2023-09-25,26877.66,Tecnologia,21,-984,27,10.199087942203997,1,0.24444444444444444,45,23814.126444444442
747,Fornecedor_2,2023-09-01,2023-09-19,2023-09-18,48938.89,Equipamentos,18,-984,17,10.798348089343953,0,0.23255813953488372,43,24466.852790697674
748,Fornecedor_6,2023-11-02,2023-11-15,2023-11-15,3598.24,Equipamentos,13,-927,13,8.188477991046003,0,0.28888888888888886,45,26625.86022222222
749,Fornecedor_3,2023-12-30,2024-01-06,2024-01-05,18504.02,Tecnologia,7,-875,6,9.825797325608649,0,0.24444444444444444,45,23814.126444444442
750,Fornecedor_8,2023-06-24,2023-06-29,2023-06-27,13740.41,Medicamentos,5,-1066,3,9.528169180598596,0,0.3269230769230769,52,28221.404230769233
751,Fornecedor_3,2023-06-05,2023-06-25,2023-06-25,14250.88,Tecnologia,20,-1070,20,9.564644106819385,0,0.24444444444444444,45,23814.126444444442
752,Fornecedor_10,2023-06-11,2023-07-05,2023-07-04,37241.96,Equipamentos,24,-1060,23,10.525218212657633,0,0.34545454545454546,55,25275.839636363635
753,Fornecedor_7,2023-11-25,2023-12-04,2023-12-09,42820.65,Equipamentos,9,-908,14,10.66479909479689,1,0.3269230769230769,52,26954.52903846154
754,Fornecedor_11,2023-03-10,2023-03-22,2023-03-20,41633.6,Medicamentos,12,-1165,10,10.636686831322221,0,0.125,48,25942.747083333335
755,Fornecedor_14,2023-02-09,2023-02-15,2023-02-17,20221.51,Medicamentos,6,-1200,8,9.914551619390688,1,0.3404255319148936,47,27536.185319148935
756,Fornecedor_14,2023-12-20,2024-01-02,2024-01-02,12514.5,Equipamentos,13,-879,13,9.434723155125344,0,0.3404255319148936,47,27536.185319148935
757,Fornecedor_5,2023-02-03,2023-02-16,2023-02-15,44821.6,Equipamentos,13,-1199,12,10.710467755489459,0,0.41304347826086957,46,26724.331521739132
758,Fornecedor_19,2023-09-28,2023-10-03,2023-10-02,17339.11,Insumos,5,-970,4,9.760777594028367,0,0.3793103448275862,58,30085.888275862068
759,Fornecedor_7,2023-03-19,2023-03-30,2023-03-29,5794.55,Equipamentos,11,-1157,10,8.6648456606749,0,0.3269230769230769,52,26954.52903846154
760,Fornecedor_20,2023-03-03,2023-03-08,2023-03-06,11100.73,Tecnologia,5,-1179,3,9.314856231012019,0,0.3220338983050847,59,21740.94559322034
761,Fornecedor_14,2023-12-08,2023-12-20,2023-12-18,41082.53,Insumos,12,-892,10,10.623362590243625,0,0.3404255319148936,47,27536.185319148935
762,Fornecedor_17,2023-02-06,2023-02-17,2023-02-17,48060.98,Medicamentos,11,-1198,11,10.780246706943698,0,0.37037037037037035,54,25592.20962962963
763,Fornecedor_4,2023-09-26,2023-10-18,2023-10-18,36311.32,Insumos,22,-955,22,10.49991235661124,0,0.32,50,24059.582799999996
764,Fornecedor_20,2023-10-10,2023-11-02,2023-11-06,15952.78,Tecnologia,23,-940,27,9.677451070730767,1,0.3220338983050847,59,21740.94559322034
765,Fornecedor_15,2023-12-05,2023-12-16,2023-12-15,18497.57,Tecnologia,11,-896,10,9.82544871078153,0,0.34615384615384615,52,27936.5375
766,Fornecedor_8,2023-09-08,2023-09-16,2023-09-15,12575.28,Medicamentos,8,-987,7,9.439567779052178,0,0.3269230769230769,52,28221.404230769233
767,Fornecedor_2,2023-01-13,2023-01-28,2023-02-03,3922.09,Tecnologia,15,-1218,21,8.274634887572704,1,0.23255813953488372,43,24466.852790697674
768,Fornecedor_11,2023-08-22,2023-09-14,2023-09-14,44894.17,Tecnologia,23,-989,23,10.712085495560949,0,0.125,48,25942.747083333335
769,Fornecedor_12,2023-12-22,2024-01-12,2024-01-12,27709.71,Medicamentos,21,-869,21,10.22957426004772,0,0.20512820512820512,39,27436.36
770,Fornecedor_1,2023-10-09,2023-10-31,2023-10-31,31234.92,Medicamentos,22,-942,22,10.349323993631891,0,0.39215686274509803,51,26938.735098039215
771,Fornecedor_15,2023-08-18,2023-09-03,2023-09-03,19400.89,Insumos,16,-1000,16,9.87312576298655,0,0.34615384615384615,52,27936.5375
772,Fornecedor_9,2023-06-19,2023-07-08,2023-07-08,9496.01,Equipamentos,19,-1057,19,9.158732291206492,0,0.22727272727272727,44,26572.065454545453
773,Fornecedor_1,2023-04-18,2023-05-03,2023-05-08,11733.1,Equipamentos,15,-1123,20,9.370254411692546,1,0.39215686274509803,51,26938.735098039215
774,Fornecedor_1,2023-02-25,2023-03-08,2023-03-07,29077.1,Medicamentos,11,-1179,10,10.277740592511526,0,0.39215686274509803,51,26938.735098039215
775,Fornecedor_10,2023-02-25,2023-03-10,2023-03-09,33564.68,Insumos,13,-1177,12,10.421259395366206,0,0.34545454545454546,55,25275.839636363635
776,Fornecedor_13,2023-05-24,2023-05-31,2023-06-05,39533.53,Insumos,7,-1095,12,10.584929746234033,1,0.2786885245901639,61,27560.733770491803
777,Fornecedor_17,2023-10-24,2023-10-30,2023-10-31,21836.54,Medicamentos,6,-943,7,9.99138578615214,1,0.37037037037037035,54,25592.20962962963
778,Fornecedor_16,2023-11-13,2023-11-18,2023-11-16,11422.21,Medicamentos,5,-924,3,9.343402529527145,0,0.2545454545454545,55,23819.375818181816
779,Fornecedor_14,2023-03-12,2023-03-29,2023-03-29,18592.37,Insumos,17,-1158,17,9.830560344544413,0,0.3404255319148936,47,27536.185319148935
780,Fornecedor_16,2023-06-28,2023-07-09,2023-07-14,16722.39,Tecnologia,11,-1056,16,9.72456361728362,1,0.2545454545454545,55,23819.375818181816
781,Fornecedor_1,2023-06-10,2023-06-20,2023-06-21,49375.26,Equipamentos,10,-1075,11,10.807225020865161,1,0.39215686274509803,51,26938.735098039215
782,Fornecedor_11,2023-08-07,2023-08-17,2023-08-16,26337.75,Equipamentos,10,-1017,9,10.178796517831017,0,0.125,48,25942.747083333335
783,Fornecedor_13,2023-10-04,2023-10-23,2023-10-21,35673.62,Insumos,19,-950,17,10.482194790571418,0,0.2786885245901639,61,27560.733770491803
784,Fornecedor_4,2023-11-05,2023-11-10,2023-11-13,22522.68,Tecnologia,5,-932,8,10.022322479205572,1,0.32,50,24059.582799999996
785,Fornecedor_14,2023-02-08,2023-02-18,2023-02-16,37099.32,Insumos,10,-1197,8,10.521380873895255,0,0.3404255319148936,47,27536.185319148935
786,Fornecedor_20,2023-07-28,2023-08-09,2023-08-13,28323.44,Equipamentos,12,-1025,16,10.251480315180027,1,0.3220338983050847,59,21740.94559322034
787,Fornecedor_7,2023-11-05,2023-11-15,2023-11-13,48356.54,Equipamentos,10,-927,8,10.786377434948532,0,0.3269230769230769,52,26954.52903846154
788,Fornecedor_13,2023-03-31,2023-04-21,2023-04-20,27210.85,Medicamentos,21,-1135,20,10.211407819175761,0,0.2786885245901639,61,27560.733770491803
789,Fornecedor_18,2023-10-03,2023-10-12,2023-10-10,7088.8,Medicamentos,9,-961,7,8.866412410383589,0,0.3409090909090909,44,23445.405000000002
790,Fornecedor_8,2023-03-06,2023-03-11,2023-03-11,47025.31,Medicamentos,5,-1176,5,10.758462511303811,0,0.3269230769230769,52,28221.404230769233
791,Fornecedor_15,2023-02-12,2023-03-02,2023-03-01,22205.38,Tecnologia,18,-1185,17,10.008134913959914,0,0.34615384615384615,52,27936.5375
792,Fornecedor_7,2023-10-31,2023-11-11,2023-11-13,36543.54,Equipamentos,11,-931,13,10.506287069614038,1,0.3269230769230769,52,26954.52903846154
793,Fornecedor_6,2023-04-08,2023-04-13,2023-04-12,47428.76,Tecnologia,5,-1143,4,10.767005158770274,0,0.28888888888888886,45,26625.86022222222
794,Fornecedor_12,2023-01-02,2023-01-12,2023-01-12,23284.03,Tecnologia,10,-1234,10,10.055565943798726,0,0.20512820512820512,39,27436.36
795,Fornecedor_19,2023-03-31,2023-04-20,2023-04-22,48092.84,Equipamentos,20,-1136,22,10.780909381364568,1,0.3793103448275862,58,30085.888275862068
796,Fornecedor_9,2023-02-08,2023-02-18,2023-02-18,35325.21,Insumos,10,-1197,10,10.472380460327738,0,0.22727272727272727,44,26572.065454545453
797,Fornecedor_13,2023-01-19,2023-01-25,2023-01-24,47613.07,Medicamentos,6,-1221,5,10.77088358477721,0,0.2786885245901639,61,27560.733770491803
798,Fornecedor_14,2023-10-23,2023-10-28,2023-11-02,26992.01,Tecnologia,5,-945,10,10.203333222580063,1,0.3404255319148936,47,27536.185319148935
799,Fornecedor_18,2023-12-21,2024-01-07,2024-01-05,20326.79,Insumos,17,-874,15,9.919744194368127,0,0.3409090909090909,44,23445.405000000002
800,Fornecedor_16,2023-05-08,2023-05-29,2023-05-27,30811.95,Medicamentos,21,-1097,19,10.335690335140876,0,0.2545454545454545,55,23819.375818181816
801,Fornecedor_4,2023-09-29,2023-10-04,2023-10-03,21219.69,Medicamentos,5,-969,4,9.962731928133199,0,0.32,50,24059.582799999996
802,Fornecedor_5,2023-10-21,2023-10-27,2023-10-25,11673.47,Insumos,6,-946,4,9.365159685361052,0,0.41304347826086957,46,26724.331521739132
803,Fornecedor_5,2023-06-14,2023-07-08,2023-07-07,45598.64,Medicamentos,24,-1057,23,10.727655100734472,0,0.41304347826086957,46,26724.331521739132
804,Fornecedor_3,2023-12-21,2024-01-11,2024-01-09,28171.84,Insumos,21,-870,19,10.246113672260202,0,0.24444444444444444,45,23814.126444444442
805,Fornecedor_13,2023-05-08,2023-05-22,2023-05-20,35939.91,Medicamentos,14,-1104,12,10.489631479994745,0,0.2786885245901639,61,27560.733770491803
806,Fornecedor_4,2023-08-27,2023-09-13,2023-09-19,17206.53,Tecnologia,17,-990,23,9.75310235769683,1,0.32,50,24059.582799999996
807,Fornecedor_18,2023-09-15,2023-09-30,2023-09-30,35042.08,Equipamentos,15,-973,15,10.464333440730769,0,0.3409090909090909,44,23445.405000000002
808,Fornecedor_12,2023-02-02,2023-02-24,2023-02-24,7548.46,Equipamentos,22,-1191,22,8.929231316506359,0,0.20512820512820512,39,27436.36
809,Fornecedor_10,2023-06-08,2023-06-27,2023-06-27,17291.52,Medicamentos,19,-1068,19,9.758029317044839,0,0.34545454545454546,55,25275.839636363635
810,Fornecedor_15,2023-01-08,2023-01-20,2023-01-21,3520.15,Tecnologia,12,-1226,13,8.166542919781287,1,0.34615384615384615,52,27936.5375
811,Fornecedor_12,2023-04-23,2023-05-10,2023-05-09,26784.75,Tecnologia,17,-1116,16,10.195625308669733,0,0.20512820512820512,39,27436.36
812,Fornecedor_2,2023-02-20,2023-03-04,2023-03-03,43685.4,Insumos,12,-1183,11,10.684792119832279,0,0.23255813953488372,43,24466.852790697674
813,Fornecedor_19,2023-06-28,2023-07-09,2023-07-09,46615.34,Medicamentos,11,-1056,11,10.7497064024294,0,0.3793103448275862,58,30085.888275862068
814,Fornecedor_17,2023-06-10,2023-07-03,2023-07-02,27944.77,Equipamentos,23,-1062,22,10.238021125448363,0,0.37037037037037035,54,25592.20962962963
815,Fornecedor_19,2023-10-27,2023-11-01,2023-11-07,35378.18,Tecnologia,5,-941,11,10.473878790509065,1,0.3793103448275862,58,30085.888275862068
816,Fornecedor_14,2023-07-17,2023-08-01,2023-07-31,13477.82,Equipamentos,15,-1033,14,9.508874843542715,0,0.3404255319148936,47,27536.185319148935
817,Fornecedor_18,2023-01-02,2023-01-19,2023-01-17,21225.18,Insumos,17,-1227,15,9.962990604451646,0,0.3409090909090909,44,23445.405000000002
818,Fornecedor_12,2023-04-08,2023-04-18,2023-04-16,46529.44,Medicamentos,10,-1138,8,10.74786200105876,0,0.20512820512820512,39,27436.36
819,Fornecedor_5,2023-06-29,2023-07-15,2023-07-14,7516.66,Insumos,16,-1050,15,8.925010198307623,0,0.41304347826086957,46,26724.331521739132
820,Fornecedor_15,2023-01-31,2023-02-20,2023-02-19,40239.19,Medicamentos,20,-1195,19,10.602621526432454,0,0.34615384615384615,52,27936.5375
821,Fornecedor_6,2023-03-24,2023-03-31,2023-03-31,18163.09,Insumos,7,-1156,7,9.807201847061325,0,0.28888888888888886,45,26625.86022222222
822,Fornecedor_20,2023-06-27,2023-07-16,2023-07-18,6509.85,Tecnologia,19,-1049,21,8.781225295035684,1,0.3220338983050847,59,21740.94559322034
823,Fornecedor_16,2023-12-04,2023-12-15,2023-12-13,33699.3,Tecnologia,11,-897,9,10.425262018377982,0,0.2545454545454545,55,23819.375818181816
824,Fornecedor_9,2023-08-12,2023-08-27,2023-08-25,17984.41,Medicamentos,15,-1007,13,9.797316152644973,0,0.22727272727272727,44,26572.065454545453
825,Fornecedor_13,2023-09-11,2023-09-17,2023-09-20,26511.51,Tecnologia,6,-986,9,10.185371976053442,1,0.2786885245901639,61,27560.733770491803
826,Fornecedor_11,2023-01-19,2023-01-27,2023-01-27,48989.67,Tecnologia,8,-1219,8,10.799385150799562,0,0.125,48,25942.747083333335
827,Fornecedor_7,2023-06-24,2023-07-08,2023-07-08,24951.64,Medicamentos,14,-1057,14,10.124734907205257,0,0.3269230769230769,52,26954.52903846154
828,Fornecedor_12,2023-06-22,2023-07-04,2023-07-04,31992.62,Tecnologia,12,-1061,12,10.373291786904026,0,0.20512820512820512,39,27436.36
829,Fornecedor_13,2023-08-08,2023-08-19,2023-08-24,46655.95,Equipamentos,11,-1015,16,10.750577176958014,1,0.2786885245901639,61,27560.733770491803
830,Fornecedor_8,2023-05-18,2023-06-01,2023-05-30,39881.41,Tecnologia,14,-1094,12,10.59369065354376,0,0.3269230769230769,52,28221.404230769233
831,Fornecedor_12,2023-03-19,2023-03-24,2023-03-22,42453.83,Insumos,5,-1163,3,10.656195966185663,0,0.20512820512820512,39,27436.36
832,Fornecedor_19,2023-11-16,2023-12-09,2023-12-09,42294.37,Insumos,23,-903,23,10.65243290277882,0,0.3793103448275862,58,30085.888275862068
833,Fornecedor_8,2023-06-01,2023-06-07,2023-06-12,26055.2,Tecnologia,6,-1088,11,10.168011022701863,1,0.3269230769230769,52,28221.404230769233
834,Fornecedor_10,2023-04-06,2023-04-15,2023-04-21,32304.04,Insumos,9,-1141,15,10.38297853418992,1,0.34545454545454546,55,25275.839636363635
835,Fornecedor_15,2023-09-01,2023-09-18,2023-09-18,28347.08,Equipamentos,17,-985,17,10.25231458199474,0,0.34615384615384615,52,27936.5375
836,Fornecedor_20,2023-07-07,2023-07-18,2023-07-17,5402.54,Medicamentos,11,-1047,10,8.594809573325241,0,0.3220338983050847,59,21740.94559322034
837,Fornecedor_2,2023-08-18,2023-09-11,2023-09-10,19239.35,Medicamentos,24,-992,23,9.86476491532243,0,0.23255813953488372,43,24466.852790697674
838,Fornecedor_18,2023-05-06,2023-05-17,2023-05-17,25043.77,Medicamentos,11,-1109,11,10.128420302279794,0,0.3409090909090909,44,23445.405000000002
839,Fornecedor_8,2023-03-06,2023-03-24,2023-03-22,24900.63,Insumos,18,-1163,16,10.122688542157656,0,0.3269230769230769,52,28221.404230769233
840,Fornecedor_16,2023-05-10,2023-05-31,2023-05-30,17703.93,Insumos,21,-1095,20,9.781598410852789,0,0.2545454545454545,55,23819.375818181816
841,Fornecedor_19,2023-03-26,2023-04-02,2023-04-04,17321.41,Insumos,7,-1154,9,9.759756317933125,1,0.3793103448275862,58,30085.888275862068
842,Fornecedor_10,2023-08-22,2023-09-11,2023-09-13,41782.92,Tecnologia,20,-992,22,10.640266855505839,1,0.34545454545454546,55,25275.839636363635
843,Fornecedor_13,2023-03-10,2023-03-17,2023-03-16,5791.12,Equipamentos,7,-1170,6,8.664253652082976,0,0.2786885245901639,61,27560.733770491803
844,Fornecedor_7,2023-02-24,2023-03-08,2023-03-08,38798.01,Medicamentos,12,-1179,12,10.566150009821923,0,0.3269230769230769,52,26954.52903846154
845,Fornecedor_13,2023-01-26,2023-02-10,2023-02-09,46979.99,Tecnologia,15,-1205,14,10.75749833078781,0,0.2786885245901639,61,27560.733770491803
846,Fornecedor_15,2023-09-08,2023-09-30,2023-09-29,38504.03,Equipamentos,22,-973,21,10.558544161092641,0,0.34615384615384615,52,27936.5375
847,Fornecedor_16,2023-02-26,2023-03-21,2023-03-21,4416.3,Tecnologia,23,-1166,23,8.393283928692417,0,0.2545454545454545,55,23819.375818181816
848,Fornecedor_8,2023-04-03,2023-04-10,2023-04-10,19425.5,Insumos,7,-1146,7,9.874393392331752,0,0.3269230769230769,52,28221.404230769233
849,Fornecedor_5,2023-09-22,2023-10-06,2023-10-11,47062.6,Insumos,14,-967,19,10.759255157443071,1,0.41304347826086957,46,26724.331521739132
850,Fornecedor_7,2023-11-29,2023-12-04,2023-12-03,6552.2,Medicamentos,5,-908,4,8.787708758946108,0,0.3269230769230769,52,26954.52903846154
851,Fornecedor_9,2023-06-24,2023-07-06,2023-07-05,29363.72,Medicamentos,12,-1059,11,10.287549232750255,0,0.22727272727272727,44,26572.065454545453
852,Fornecedor_15,2023-01-12,2023-01-22,2023-01-21,29737.79,Medicamentos,10,-1224,9,10.300207533241595,0,0.34615384615384615,52,27936.5375
853,Fornecedor_4,2023-05-17,2023-05-30,2023-05-31,2018.86,Equipamentos,13,-1096,14,7.610783481062721,1,0.32,50,24059.582799999996
854,Fornecedor_18,2023-11-27,2023-12-11,2023-12-09,13570.37,Equipamentos,14,-901,12,9.515717705728578,0,0.3409090909090909,44,23445.405000000002
855,Fornecedor_20,2023-06-01,2023-06-07,2023-06-07,36417.14,Medicamentos,6,-1088,6,10.502822281137242,0,0.3220338983050847,59,21740.94559322034
856,Fornecedor_1,2023-12-11,2023-12-27,2023-12-30,36662.52,Medicamentos,16,-885,19,10.509537534242034,1,0.39215686274509803,51,26938.735098039215
857,Fornecedor_19,2023-08-06,2023-08-13,2023-08-12,21348.93,Insumos,7,-1021,6,9.96880373996287,0,0.3793103448275862,58,30085.888275862068
858,Fornecedor_10,2023-07-30,2023-08-12,2023-08-11,45592.2,Equipamentos,13,-1022,12,10.727513861575549,0,0.34545454545454546,55,25275.839636363635
859,Fornecedor_11,2023-01-06,2023-01-23,2023-01-21,40025.22,Insumos,17,-1223,15,10.597290018349787,0,0.125,48,25942.747083333335
860,Fornecedor_2,2023-06-20,2023-07-06,2023-07-04,40742.11,Tecnologia,16,-1059,14,10.615042024618814,0,0.23255813953488372,43,24466.852790697674
861,Fornecedor_5,2023-10-30,2023-11-12,2023-11-10,25372.22,Tecnologia,13,-930,11,10.141449566100366,0,0.41304347826086957,46,26724.331521739132
862,Fornecedor_11,2023-01-22,2023-01-29,2023-01-28,5321.61,Equipamentos,7,-1217,6,8.579719063533878,0,0.125,48,25942.747083333335
863,Fornecedor_6,2023-04-28,2023-05-21,2023-05-24,8968.9,Medicamentos,23,-1105,26,9.101629806718682,1,0.28888888888888886,45,26625.86022222222
864,Fornecedor_4,2023-03-15,2023-03-29,2023-03-29,47057.86,Equipamentos,14,-1158,14,10.759154437593548,0,0.32,50,24059.582799999996
865,Fornecedor_17,2023-05-27,2023-06-03,2023-06-01,48364.6,Equipamentos,7,-1092,5,10.78654409620495,0,0.37037037037037035,54,25592.20962962963
866,Fornecedor_2,2023-06-01,2023-06-21,2023-06-19,17751.8,Tecnologia,20,-1074,18,9.784298528941768,0,0.23255813953488372,43,24466.852790697674
867,Fornecedor_14,2023-02-15,2023-02-22,2023-02-22,39258.42,Insumos,7,-1193,7,10.57794669441516,0,0.3404255319148936,47,27536.185319148935
868,Fornecedor_6,2023-02-22,2023-03-15,2023-03-17,38712.13,Tecnologia,21,-1172,23,10.56393409796241,1,0.28888888888888886,45,26625.86022222222
869,Fornecedor_18,2023-07-02,2023-07-24,2023-07-22,10065.22,Tecnologia,22,-1041,20,9.216940542849509,0,0.3409090909090909,44,23445.405000000002
870,Fornecedor_6,2023-06-18,2023-06-24,2023-06-24,4017.16,Insumos,6,-1071,6,8.298579365388424,0,0.28888888888888886,45,26625.86022222222
871,Fornecedor_17,2023-08-30,2023-09-15,2023-09-14,38048.42,Medicamentos,16,-988,15,10.546641120072472,0,0.37037037037037035,54,25592.20962962963
872,Fornecedor_7,2023-11-25,2023-12-01,2023-12-07,16258.54,Equipamentos,6,-911,12,9.69643509241872,1,0.3269230769230769,52,26954.52903846154
873,Fornecedor_9,2023-10-06,2023-10-28,2023-10-26,27992.3,Medicamentos,22,-945,20,10.23972047480966,0,0.22727272727272727,44,26572.065454545453
874,Fornecedor_20,2023-01-03,2023-01-08,2023-01-07,24632.98,Medicamentos,5,-1238,4,10.111882069615088,0,0.3220338983050847,59,21740.94559322034
875,Fornecedor_2,2023-08-03,2023-08-19,2023-08-22,31764.75,Tecnologia,16,-1015,19,10.366143944314393,1,0.23255813953488372,43,24466.852790697674
876,Fornecedor_18,2023-09-15,2023-09-25,2023-09-23,23474.56,Equipamentos,10,-978,8,10.063715158957002,0,0.3409090909090909,44,23445.405000000002
877,Fornecedor_5,2023-03-14,2023-04-02,2023-04-05,46690.75,Tecnologia,19,-1154,22,10.751322768521948,1,0.41304347826086957,46,26724.331521739132
878,Fornecedor_11,2023-11-04,2023-11-20,2023-11-19,41522.48,Tecnologia,16,-922,15,10.634014329356388,0,0.125,48,25942.747083333335
879,Fornecedor_1,2023-08-04,2023-08-21,2023-08-21,11517.43,Tecnologia,17,-1013,17,9.351703640240054,0,0.39215686274509803,51,26938.735098039215
880,Fornecedor_5,2023-03-19,2023-04-09,2023-04-09,49166.09,Insumos,21,-1147,21,10.802979776226326,0,0.41304347826086957,46,26724.331521739132
881,Fornecedor_10,2023-11-15,2023-11-24,2023-11-26,18011.62,Insumos,9,-918,11,9.798827902325836,1,0.34545454545454546,55,25275.839636363635
882,Fornecedor_6,2023-02-18,2023-03-12,2023-03-11,27396.76,Tecnologia,22,-1175,21,10.218216537209482,0,0.28888888888888886,45,26625.86022222222
883,Fornecedor_15,2023-09-14,2023-10-03,2023-10-01,29768.52,Insumos,19,-970,17,10.301240330265458,0,0.34615384615384615,52,27936.5375
884,Fornecedor_2,2023-02-12,2023-02-26,2023-02-26,35461.56,Tecnologia,14,-1189,14,10.476232771043769,0,0.23255813953488372,43,24466.852790697674
885,Fornecedor_1,2023-10-23,2023-11-16,2023-11-22,30109.91,Insumos,24,-926,30,10.312642843536524,1,0.39215686274509803,51,26938.735098039215
886,Fornecedor_16,2023-01-04,2023-01-09,2023-01-11,6557.38,Insumos,5,-1237,7,8.78849890022115,1,0.2545454545454545,55,23819.375818181816
887,Fornecedor_11,2023-10-27,2023-11-08,2023-11-07,31358.45,Insumos,12,-934,11,10.353270936045242,0,0.125,48,25942.747083333335
888,Fornecedor_18,2023-02-23,2023-02-28,2023-03-05,26499.45,Equipamentos,5,-1187,10,10.184916992962211,1,0.3409090909090909,44,23445.405000000002
889,Fornecedor_18,2023-12-21,2024-01-09,2024-01-10,28675.58,Insumos,19,-872,20,10.26383604074116,1,0.3409090909090909,44,23445.405000000002
890,Fornecedor_20,2023-12-20,2024-01-10,2024-01-09,2820.71,Tecnologia,21,-871,20,7.9450983631350125,0,0.3220338983050847,59,21740.94559322034
891,Fornecedor_20,2023-11-28,2023-12-08,2023-12-08,11221.88,Tecnologia,10,-904,10,9.325709830630839,0,0.3220338983050847,59,21740.94559322034
892,Fornecedor_3,2023-07-07,2023-07-28,2023-07-27,9273.19,Medicamentos,21,-1037,20,9.134990552125627,0,0.24444444444444444,45,23814.126444444442
893,Fornecedor_8,2023-11-19,2023-11-28,2023-11-27,47104.74,Equipamentos,9,-914,8,10.760150140944344,0,0.3269230769230769,52,28221.404230769233
894,Fornecedor_18,2023-11-27,2023-12-08,2023-12-12,8181.73,Insumos,11,-904,15,9.009781114749005,1,0.3409090909090909,44,23445.405000000002
895,Fornecedor_1,2023-04-02,2023-04-14,2023-04-14,32775.21,Tecnologia,12,-1142,12,10.397458226333347,0,0.39215686274509803,51,26938.735098039215
896,Fornecedor_8,2023-09-19,2023-10-03,2023-10-01,4778.05,Insumos,14,-970,12,8.471997060963268,0,0.3269230769230769,52,28221.404230769233
897,Fornecedor_14,2023-01-27,2023-02-03,2023-02-05,15785.13,Medicamentos,7,-1212,9,9.666886985379504,1,0.3404255319148936,47,27536.185319148935
898,Fornecedor_14,2023-02-01,2023-02-08,2023-02-11,31724.44,Medicamentos,7,-1207,10,10.364874161674749,1,0.3404255319148936,47,27536.185319148935
899,Fornecedor_16,2023-01-12,2023-01-21,2023-01-26,39832.47,Medicamentos,9,-1225,14,10.592462792642051,1,0.2545454545454545,55,23819.375818181816
900,Fornecedor_10,2023-07-02,2023-07-20,2023-07-24,26414.61,Equipamentos,18,-1045,22,10.181710402271396,1,0.34545454545454546,55,25275.839636363635
901,Fornecedor_15,2023-05-10,2023-05-17,2023-05-16,32228.77,Equipamentos,7,-1109,6,10.38064583857552,0,0.34615384615384615,52,27936.5375
902,Fornecedor_17,2023-01-14,2023-01-22,2023-01-22,26127.81,Equipamentos,8,-1224,8,10.170793815954458,0,0.37037037037037035,54,25592.20962962963
903,Fornecedor_11,2023-03-01,2023-03-06,2023-03-07,36349.57,Insumos,5,-1181,6,10.500965163719052,1,0.125,48,25942.747083333335
904,Fornecedor_10,2023-07-29,2023-08-05,2023-08-10,34950.15,Insumos,7,-1029,12,10.461706651269411,1,0.34545454545454546,55,25275.839636363635
905,Fornecedor_2,2023-05-17,2023-05-28,2023-05-26,9314.96,Equipamentos,11,-1098,9,9.139484337306735,0,0.23255813953488372,43,24466.852790697674
906,Fornecedor_9,2023-02-08,2023-03-01,2023-03-04,19912.05,Equipamentos,21,-1186,24,9.899130574678036,1,0.22727272727272727,44,26572.065454545453
907,Fornecedor_20,2023-11-23,2023-12-03,2023-12-02,47372.32,Medicamentos,10,-909,9,10.76581448001452,0,0.3220338983050847,59,21740.94559322034
908,Fornecedor_17,2023-11-29,2023-12-21,2023-12-21,30399.79,Insumos,22,-891,22,10.322223873898766,0,0.37037037037037035,54,25592.20962962963
909,Fornecedor_12,2023-11-26,2023-12-07,2023-12-05,27862.59,Equipamentos,11,-905,9,10.23507609761085,0,0.20512820512820512,39,27436.36
910,Fornecedor_13,2023-01-06,2023-01-29,2023-02-03,34760.89,Insumos,23,-1217,28,10.456276950743526,1,0.2786885245901639,61,27560.733770491803
911,Fornecedor_1,2023-03-26,2023-04-14,2023-04-14,44892.6,Insumos,19,-1142,19,10.712050524595199,0,0.39215686274509803,51,26938.735098039215
912,Fornecedor_19,2023-07-07,2023-07-17,2023-07-22,34886.4,Tecnologia,10,-1048,15,10.459881011484326,1,0.3793103448275862,58,30085.888275862068
913,Fornecedor_5,2023-02-01,2023-02-06,2023-02-05,27018.35,Equipamentos,5,-1209,4,10.204308554970208,0,0.41304347826086957,46,26724.331521739132
914,Fornecedor_14,2023-01-08,2023-01-22,2023-01-22,31296.62,Insumos,14,-1224,14,10.351297335298526,0,0.3404255319148936,47,27536.185319148935
915,Fornecedor_16,2023-08-24,2023-08-30,2023-08-29,19314.38,Medicamentos,6,-1004,5,9.868656948735484,0,0.2545454545454545,55,23819.375818181816
916,Fornecedor_17,2023-11-19,2023-12-11,2023-12-17,5052.73,Tecnologia,22,-901,28,8.527881863489815,1,0.37037037037037035,54,25592.20962962963
917,Fornecedor_2,2023-06-10,2023-06-28,2023-06-27,39325.31,Tecnologia,18,-1067,17,10.579649039514045,0,0.23255813953488372,43,24466.852790697674
918,Fornecedor_1,2023-12-05,2023-12-13,2023-12-12,3868.07,Insumos,8,-899,7,8.260769447067215,0,0.39215686274509803,51,26938.735098039215
919,Fornecedor_6,2023-10-28,2023-11-11,2023-11-11,13801.93,Tecnologia,14,-931,14,9.53263616744942,0,0.28888888888888886,45,26625.86022222222
920,Fornecedor_20,2023-11-17,2023-12-04,2023-12-04,25998.84,Insumos,17,-908,17,10.16584566313853,0,0.3220338983050847,59,21740.94559322034
921,Fornecedor_11,2023-02-07,2023-02-24,2023-02-23,5956.44,Insumos,17,-1191,16,8.692396137583533,0,0.125,48,25942.747083333335
922,Fornecedor_19,2023-06-25,2023-07-13,2023-07-17,8269.04,Tecnologia,18,-1052,22,9.02039462476541,1,0.3793103448275862,58,30085.888275862068
923,Fornecedor_12,2023-12-07,2023-12-21,2023-12-26,31314.02,Equipamentos,14,-891,19,10.351853133630872,1,0.20512820512820512,39,27436.36
924,Fornecedor_4,2023-09-29,2023-10-10,2023-10-16,24310.52,Equipamentos,11,-963,17,10.098705591065103,1,0.32,50,24059.582799999996
925,Fornecedor_1,2023-02-22,2023-03-12,2023-03-18,12893.78,Equipamentos,18,-1175,24,9.464577857293598,1,0.39215686274509803,51,26938.735098039215
926,Fornecedor_12,2023-07-17,2023-08-05,2023-08-11,7344.2,Medicamentos,19,-1029,25,8.901802317645025,1,0.20512820512820512,39,27436.36
927,Fornecedor_10,2023-12-12,2023-12-24,2023-12-24,25697.62,Tecnologia,12,-888,12,10.154192572943549,0,0.34545454545454546,55,25275.839636363635
928,Fornecedor_11,2023-01-29,2023-02-10,2023-02-10,13883.02,Tecnologia,12,-1205,12,9.538493817487698,0,0.125,48,25942.747083333335
929,Fornecedor_18,2023-10-03,2023-10-10,2023-10-11,12456.38,Equipamentos,7,-963,8,9.43006849735781,1,0.3409090909090909,44,23445.405000000002
930,Fornecedor_1,2023-10-01,2023-10-06,2023-10-05,33632.32,Equipamentos,5,-967,4,10.423272521241401,0,0.39215686274509803,51,26938.735098039215
931,Fornecedor_12,2023-09-19,2023-10-03,2023-10-09,14048.33,Equipamentos,14,-970,20,9.550329986792098,1,0.20512820512820512,39,27436.36
932,Fornecedor_5,2023-08-26,2023-09-14,2023-09-14,36838.9,Equipamentos,19,-989,19,10.514336775924734,0,0.41304347826086957,46,26724.331521739132
933,Fornecedor_18,2023-07-27,2023-08-14,2023-08-17,21441.41,Equipamentos,18,-1020,21,9.973126015583995,1,0.3409090909090909,44,23445.405000000002
934,Fornecedor_2,2023-09-12,2023-10-04,2023-10-02,13257.7,Insumos,22,-969,20,9.49240921971801,0,0.23255813953488372,43,24466.852790697674
935,Fornecedor_18,2023-05-26,2023-06-09,2023-06-07,35039.69,Medicamentos,14,-1086,12,10.464265236637269,0,0.3409090909090909,44,23445.405000000002
936,Fornecedor_10,2023-07-29,2023-08-13,2023-08-12,32828.02,Insumos,15,-1021,14,10.399068159303827,0,0.34545454545454546,55,25275.839636363635
937,Fornecedor_3,2023-01-08,2023-01-19,2023-01-18,30006.2,Tecnologia,11,-1227,10,10.3091926318489,0,0.24444444444444444,45,23814.126444444442
938,Fornecedor_18,2023-01-18,2023-01-25,2023-01-24,4725.2,Medicamentos,7,-1221,6,8.460876775937333,0,0.3409090909090909,44,23445.405000000002
939,Fornecedor_11,2023-08-31,2023-09-18,2023-09-17,7598.84,Insumos,18,-985,17,8.935882473421234,0,0.125,48,25942.747083333335
940,Fornecedor_11,2023-03-28,2023-04-16,2023-04-16,35072.69,Insumos,19,-1140,19,10.465206555734342,0,0.125,48,25942.747083333335
941,Fornecedor_15,2023-11-14,2023-11-19,2023-11-23,34417.18,Insumos,5,-923,9,10.446340192132785,1,0.34615384615384615,52,27936.5375
942,Fornecedor_12,2023-11-17,2023-12-02,2023-12-01,26045.56,Tecnologia,15,-910,14,10.167640984718847,0,0.20512820512820512,39,27436.36
943,Fornecedor_10,2023-01-08,2023-01-31,2023-02-04,17939.11,Tecnologia,23,-1215,27,9.7947942671436,1,0.34545454545454546,55,25275.839636363635
944,Fornecedor_15,2023-10-13,2023-11-06,2023-11-05,7395.21,Medicamentos,24,-936,23,8.90872298583026,0,0.34615384615384615,52,27936.5375
945,Fornecedor_11,2023-07-03,2023-07-18,2023-07-17,22133.47,Equipamentos,15,-1047,14,10.004891400899458,0,0.125,48,25942.747083333335
946,Fornecedor_4,2023-10-12,2023-10-21,2023-10-26,35266.17,Medicamentos,9,-952,14,10.4707077818481,1,0.32,50,24059.582799999996
947,Fornecedor_20,2023-02-13,2023-03-01,2023-02-27,14088.94,Insumos,16,-1186,14,9.553216346544412,0,0.3220338983050847,59,21740.94559322034
948,Fornecedor_1,2023-02-25,2023-03-20,2023-03-23,48668.69,Tecnologia,23,-1167,26,10.792811733380464,1,0.39215686274509803,51,26938.735098039215
949,Fornecedor_13,2023-08-21,2023-09-01,2023-08-31,18727.44,Equipamentos,11,-1002,10,9.837798503127996,0,0.2786885245901639,61,27560.733770491803
950,Fornecedor_11,2023-09-19,2023-09-28,2023-09-28,38624.08,Medicamentos,9,-975,9,10.561657085395312,0,0.125,48,25942.747083333335
951,Fornecedor_7,2023-11-03,2023-11-23,2023-11-23,15289.74,Insumos,20,-919,20,9.6350026953975,0,0.3269230769230769,52,26954.52903846154
952,Fornecedor_4,2023-12-15,2023-12-27,2023-12-26,13626.22,Equipamentos,12,-885,11,9.519824542038668,0,0.32,50,24059.582799999996
953,Fornecedor_3,2023-07-11,2023-08-01,2023-08-04,40236.22,Tecnologia,21,-1033,24,10.60254771690003,1,0.24444444444444444,45,23814.126444444442
954,Fornecedor_19,2023-06-30,2023-07-19,2023-07-17,27701.95,Medicamentos,19,-1046,17,10.229294184699846,0,0.3793103448275862,58,30085.888275862068
955,Fornecedor_20,2023-04-16,2023-04-26,2023-04-26,32278.42,Insumos,10,-1130,10,10.382185154440554,0,0.3220338983050847,59,21740.94559322034
956,Fornecedor_4,2023-08-15,2023-08-23,2023-08-22,35145.52,Equipamentos,8,-1011,7,10.467280888070139,0,0.32,50,24059.582799999996
957,Fornecedor_1,2023-11-30,2023-12-13,2023-12-16,44716.17,Insumos,13,-899,16,10.708112823178965,1,0.39215686274509803,51,26938.735098039215
958,Fornecedor_19,2023-06-15,2023-07-08,2023-07-09,16098.49,Equipamentos,23,-1057,24,9.686542873452193,1,0.3793103448275862,58,30085.888275862068
959,Fornecedor_4,2023-09-18,2023-10-07,2023-10-05,14815.12,Equipamentos,19,-966,17,9.603471056205214,0,0.32,50,24059.582799999996
960,Fornecedor_9,2023-10-27,2023-11-17,2023-11-17,47882.3,Tecnologia,21,-925,21,10.77652207960264,0,0.22727272727272727,44,26572.065454545453
961,Fornecedor_14,2023-05-20,2023-06-06,2023-06-04,41344.21,Equipamentos,17,-1089,15,10.62971185335488,0,0.3404255319148936,47,27536.185319148935
962,Fornecedor_13,2023-01-30,2023-02-09,2023-02-08,49237.67,Medicamentos,10,-1206,9,10.804434569373079,0,0.2786885245901639,61,27560.733770491803
963,Fornecedor_1,2023-11-29,2023-12-23,2023-12-21,8762.37,Medicamentos,24,-889,22,9.078335813147483,0,0.39215686274509803,51,26938.735098039215
964,Fornecedor_1,2023-06-28,2023-07-15,2023-07-15,19073.58,Equipamentos,17,-1050,17,9.856111837561627,0,0.39215686274509803,51,26938.735098039215
965,Fornecedor_16,2023-08-21,2023-09-05,2023-09-05,23962.0,Equipamentos,15,-998,15,10.084266253072569,0,0.2545454545454545,55,23819.375818181816
966,Fornecedor_6,2023-06-29,2023-07-12,2023-07-10,5950.39,Equipamentos,13,-1053,11,8.691380084701683,0,0.28888888888888886,45,26625.86022222222
967,Fornecedor_3,2023-06-20,2023-07-06,2023-07-09,38027.64,Equipamentos,16,-1059,19,10.546094839041732,1,0.24444444444444444,45,23814.126444444442
968,Fornecedor_18,2023-05-06,2023-05-19,2023-05-18,25718.11,Medicamentos,13,-1107,12,10.154989574331381,0,0.3409090909090909,44,23445.405000000002
969,Fornecedor_3,2023-03-31,2023-04-20,2023-04-20,38706.49,Insumos,20,-1136,20,10.563788400343093,0,0.24444444444444444,45,23814.126444444442
970,Fornecedor_3,2023-02-13,2023-02-23,2023-02-23,32966.75,Insumos,10,-1192,10,10.403285089879006,0,0.24444444444444444,45,23814.126444444442
971,Fornecedor_11,2023-09-12,2023-09-22,2023-09-22,48574.95,Medicamentos,10,-981,10,10.790883831439883,0,0.125,48,25942.747083333335
972,Fornecedor_12,2023-04-15,2023-05-06,2023-05-04,26683.97,Insumos,21,-1120,19,10.19185576454032,0,0.20512820512820512,39,27436.36
973,Fornecedor_5,2023-12-11,2024-01-02,2023-12-31,22641.01,Medicamentos,22,-879,20,10.027562309295055,0,0.41304347826086957,46,26724.331521739132
974,Fornecedor_14,2023-04-06,2023-04-15,2023-04-16,13283.88,Insumos,9,-1141,10,9.494381825409423,1,0.3404255319148936,47,27536.185319148935
975,Fornecedor_17,2023-10-12,2023-10-30,2023-11-03,40742.97,Tecnologia,18,-943,22,10.615063132259438,1,0.37037037037037035,54,25592.20962962963
976,Fornecedor_13,2023-03-06,2023-03-29,2023-03-27,35359.56,Equipamentos,23,-1158,21,10.473352353730247,0,0.2786885245901639,61,27560.733770491803
977,Fornecedor_9,2023-04-25,2023-05-18,2023-05-21,31498.92,Insumos,23,-1108,26,10.35774028512796,1,0.22727272727272727,44,26572.065454545453
978,Fornecedor_10,2023-08-03,2023-08-15,2023-08-13,13492.02,Medicamentos,12,-1019,10,9.509927793679745,0,0.34545454545454546,55,25275.839636363635
979,Fornecedor_10,2023-09-12,2023-10-04,2023-10-03,16689.24,Tecnologia,22,-969,21,9.722579396420675,0,0.34545454545454546,55,25275.839636363635
980,Fornecedor_18,2023-11-11,2023-11-21,2023-11-27,34099.58,Equipamentos,10,-921,16,10.437069671924615,1,0.3409090909090909,44,23445.405000000002
981,Fornecedor_13,2023-12-11,2024-01-04,2024-01-04,34170.84,Medicamentos,24,-877,24,10.439157192064597,0,0.2786885245901639,61,27560.733770491803
982,Fornecedor_10,2023-05-08,2023-05-21,2023-05-25,19026.27,Equipamentos,13,-1105,17,9.853628492300784,1,0.34545454545454546,55,25275.839636363635
983,Fornecedor_8,2023-11-04,2023-11-24,2023-11-30,20336.99,Tecnologia,20,-918,26,9.92024584466053,1,0.3269230769230769,52,28221.404230769233
984,Fornecedor_19,2023-01-11,2023-01-20,2023-01-25,37554.37,Insumos,9,-1226,14,10.533571656288329,1,0.3793103448275862,58,30085.888275862068
985,Fornecedor_4,2023-12-30,2024-01-20,2024-01-19,22754.29,Tecnologia,21,-861,20,10.032552924821301,0,0.32,50,24059.582799999996
986,Fornecedor_1,2023-02-01,2023-02-06,2023-02-05,9358.03,Medicamentos,5,-1209,4,9.144096931622789,0,0.39215686274509803,51,26938.735098039215
987,Fornecedor_9,2023-01-10,2023-01-25,2023-01-25,47280.86,Tecnologia,15,-1221,15,10.7638819914077,0,0.22727272727272727,44,26572.065454545453
988,Fornecedor_14,2023-04-14,2023-04-24,2023-04-24,6962.14,Equipamentos,10,-1132,10,8.848385801016448,0,0.3404255319148936,47,27536.185319148935
989,Fornecedor_15,2023-05-15,2023-05-27,2023-05-26,31639.99,Equipamentos,12,-1099,11,10.362208710899036,0,0.34615384615384615,52,27936.5375
990,Fornecedor_15,2023-06-08,2023-06-27,2023-06-27,29883.33,Insumos,19,-1068,19,10.305089541733155,0,0.34615384615384615,52,27936.5375
991,Fornecedor_7,2023-11-20,2023-12-05,2023-12-05,43278.16,Medicamentos,15,-907,15,10.675426504829243,0,0.3269230769230769,52,26954.52903846154
992,Fornecedor_10,2023-05-27,2023-06-15,2023-06-14,4775.02,Tecnologia,19,-1080,18,8.471362842668361,0,0.34545454545454546,55,25275.839636363635
993,Fornecedor_1,2023-05-21,2023-05-31,2023-05-30,9969.86,Tecnologia,10,-1095,9,9.207422118012138,0,0.39215686274509803,51,26938.735098039215
994,Fornecedor_1,2023-11-26,2023-12-13,2023-12-11,19255.26,Medicamentos,17,-899,15,9.865591481656756,0,0.39215686274509803,51,26938.735098039215
995,Fornecedor_7,2023-03-16,2023-04-05,2023-04-03,34746.61,Medicamentos,20,-1151,18,10.455866071649275,0,0.3269230769230769,52,26954.52903846154
996,Fornecedor_20,2023-12-14,2023-12-24,2023-12-22,3272.83,Insumos,10,-888,8,8.09371583233129,0,0.3220338983050847,59,21740.94559322034
997,Fornecedor_4,2023-08-02,2023-08-19,2023-08-17,44541.23,Medicamentos,17,-1015,15,10.704193006913217,0,0.32,50,24059.582799999996
998,Fornecedor_5,2023-02-23,2023-03-15,2023-03-15,24742.7,Insumos,20,-1172,20,10.116326190140098,0,0.41304347826086957,46,26724.331521739132
999,Fornecedor_3,2023-06-20,2023-07-04,2023-07-05,45415.37,Equipamentos,14,-1061,15,10.723627891725954,1,0.24444444444444444,45,23814.126444444442
1000,Fornecedor_10,2023-05-15,2023-05-27,2023-05-30,35808.03,Tecnologia,12,-1099,15,10.485955375219856,1,0.34545454545454546,55,25275.839636363635
