OF_id,fornecedor,categoria,valor,prazo_entrega,dias_para_vencer,risk_score,prioridade,motivo_notificacao,assunto,mensagem,status_envio
1,Fornecedor_3,Medicamentos,17848.33,2023-02-21,-1194,0.2113873524550784,Baixa,prazo próximo do vencimento,Acompanhamento da OF 1 - prioridade Baixa,"Prezado fornecedor Fornecedor_3,

A Ordem de Fornecimento 1 apresenta prioridade Baixa no acompanhamento de entrega. O prazo registrado é 2023-02-21 00:00:00 e o escore de risco calculado é 0.21.

Solicitamos confirmação do status da entrega e previsão atualizada, quando aplicável.

Esta mensagem foi gerada pelo protótipo de monitoramento de compras públicas.",simulado
2,Fornecedor_1,Equipamentos,45541.23,2023-09-02,-1001,0.4234731628758105,Média,prazo próximo do vencimento,Acompanhamento da OF 2 - prioridade Média,"Prezado fornecedor Fornecedor_1,

A Ordem de Fornecimento 2 apresenta prioridade Média no acompanhamento de entrega. O prazo registrado é 2023-09-02 00:00:00 e o escore de risco calculado é 0.42.

Solicitamos confirmação do status da entrega e previsão atualizada, quando aplicável.

Esta mensagem foi gerada pelo protótipo de monitoramento de compras públicas.",simulado
3,Fornecedor_18,Tecnologia,19628.34,2023-03-27,-1160,0.3675037324673815,Baixa,prazo próximo do vencimento,Acompanhamento da OF 3 - prioridade Baixa,"Prezado fornecedor Fornecedor_18,

A Ordem de Fornecimento 3 apresenta prioridade Baixa no acompanhamento de entrega. O prazo registrado é 2023-03-27 00:00:00 e o escore de risco calculado é 0.37.

Solicitamos confirmação do status da entrega e previsão atualizada, quando aplicável.

Esta mensagem foi gerada pelo protótipo de monitoramento de compras públicas.",simulado
4,Fornecedor_5,Insumos,34143.04,2023-10-06,-967,0.6353859405513066,Média,prazo próximo do vencimento,Acompanhamento da OF 4 - prioridade Média,"Prezado fornecedor Fornecedor_5,

A Ordem de Fornecimento 4 apresenta prioridade Média no acompanhamento de entrega. O prazo registrado é 2023-10-06 00:00:00 e o escore de risco calculado é 0.64.

Solicitamos confirmação do status da entrega e previsão atualizada, quando aplicável.

Esta mensagem foi gerada pelo protótipo de monitoramento de compras públicas.",simulado
5,Fornecedor_1,Medicamentos,42949.85,2023-08-07,-1027,0.2654009326756939,Baixa,prazo próximo do vencimento,Acompanhamento da OF 5 - prioridade Baixa,"Prezado fornecedor Fornecedor_1,

A Ordem de Fornecimento 5 apresenta prioridade Baixa no acompanhamento de entrega. O prazo registrado é 2023-08-07 00:00:00 e o escore de risco calculado é 0.27.

Solicitamos confirmação do status da entrega e previsão atualizada, quando aplicável.

Esta mensagem foi gerada pelo protótipo de monitoramento de compras públicas.",simulado
6,Fornecedor_19,Equipamentos,34779.53,2023-05-22,-1104,0.1987078605192937,Baixa,prazo próximo do vencimento,Acompanhamento da OF 6 - prioridade Baixa,"Prezado fornecedor Fornecedor_19,

A Ordem de Fornecimento 6 apresenta prioridade Baixa no acompanhamento de entrega. O prazo registrado é 2023-05-22 00:00:00 e o escore de risco calculado é 0.20.

Solicitamos confirmação do status da entrega e previsão atualizada, quando aplicável.

Esta mensagem foi gerada pelo protótipo de monitoramento de compras públicas.",simulado
7,Fornecedor_1,Insumos,9905.22,2023-12-21,-891,0.2978363629806143,Baixa,prazo próximo do vencimento,Acompanhamento da OF 7 - prioridade Baixa,"Prezado fornecedor Fornecedor_1,

A Ordem de Fornecimento 7 apresenta prioridade Baixa no acompanhamento de entrega. O prazo registrado é 2023-12-21 00:00:00 e o escore de risco calculado é 0.30.

Solicitamos confirmação do status da entrega e previsão atualizada, quando aplicável.

Esta mensagem foi gerada pelo protótipo de monitoramento de compras públicas.",simulado
8,Fornecedor_20,Equipamentos,37613.1,2023-06-10,-1085,0.44279094687907,Média,prazo próximo do vencimento,Acompanhamento da OF 8 - prioridade Média,"Prezado fornecedor Fornecedor_20,

A Ordem de Fornecimento 8 apresenta prioridade Média no acompanhamento de entrega. O prazo registrado é 2023-06-10 00:00:00 e o escore de risco calculado é 0.44.

Solicitamos confirmação do status da entrega e previsão atualizada, quando aplicável.

Esta mensagem foi gerada pelo protótipo de monitoramento de compras públicas.",simulado
9,Fornecedor_9,Insumos,3615.62,2023-05-24,-1102,0.6371188155430708,Média,prazo próximo do vencimento,Acompanhamento da OF 9 - prioridade Média,"Prezado fornecedor Fornecedor_9,

A Ordem de Fornecimento 9 apresenta prioridade Média no acompanhamento de entrega. O prazo registrado é 2023-05-24 00:00:00 e o escore de risco calculado é 0.64.

Solicitamos confirmação do status da entrega e previsão atualizada, quando aplicável.

Esta mensagem foi gerada pelo protótipo de monitoramento de compras públicas.",simulado
10,Fornecedor_8,Equipamentos,38728.83,2023-03-28,-1159,0.309748385379433,Baixa,prazo próximo do vencimento,Acompanhamento da OF 10 - prioridade Baixa,"Prezado fornecedor Fornecedor_8,

A Ordem de Fornecimento 10 apresenta prioridade Baixa no acompanhamento de entrega. O prazo registrado é 2023-03-28 00:00:00 e o escore de risco calculado é 0.31.

Solicitamos confirmação do status da entrega e previsão atualizada, quando aplicável.

Esta mensagem foi gerada pelo protótipo de monitoramento de compras públicas.",simulado
11,Fornecedor_17,Insumos,40950.44,2023-09-02,-1001,0.2829720993718105,Baixa,prazo próximo do vencimento,Acompanhamento da OF 11 - prioridade Baixa,"Prezado fornecedor Fornecedor_17,

A Ordem de Fornecimento 11 apresenta prioridade Baixa no acompanhamento de entrega. O prazo registrado é 2023-09-02 00:00:00 e o escore de risco calculado é 0.28.

Solicitamos confirmação do status da entrega e previsão atualizada, quando aplicável.

Esta mensagem foi gerada pelo protótipo de monitoramento de compras públicas.",simulado
12,Fornecedor_6,Insumos,6188.12,2023-10-25,-948,0.0655411004520843,Baixa,prazo próximo do vencimento,Acompanhamento da OF 12 - prioridade Baixa,"Prezado fornecedor Fornecedor_6,

A Ordem de Fornecimento 12 apresenta prioridade Baixa no acompanhamento de entrega. O prazo registrado é 2023-10-25 00:00:00 e o escore de risco calculado é 0.07.

Solicitamos confirmação do status da entrega e previsão atualizada, quando aplicável.

Esta mensagem foi gerada pelo protótipo de monitoramento de compras públicas.",simulado
13,Fornecedor_14,Insumos,44995.0,2023-07-19,-1046,0.2067194634471911,Baixa,prazo próximo do vencimento,Acompanhamento da OF 13 - prioridade Baixa,"Prezado fornecedor Fornecedor_14,

A Ordem de Fornecimento 13 apresenta prioridade Baixa no acompanhamento de entrega. O prazo registrado é 2023-07-19 00:00:00 e o escore de risco calculado é 0.21.

Solicitamos confirmação do status da entrega e previsão atualizada, quando aplicável.

Esta mensagem foi gerada pelo protótipo de monitoramento de compras públicas.",simulado
14,Fornecedor_5,Equipamentos,34496.86,2023-10-22,-951,0.3143851097672517,Baixa,prazo próximo do vencimento,Acompanhamento da OF 14 - prioridade Baixa,"Prezado fornecedor Fornecedor_5,

A Ordem de Fornecimento 14 apresenta prioridade Baixa no acompanhamento de entrega. O prazo registrado é 2023-10-22 00:00:00 e o escore de risco calculado é 0.31.

Solicitamos confirmação do status da entrega e previsão atualizada, quando aplicável.

Esta mensagem foi gerada pelo protótipo de monitoramento de compras públicas.",simulado
15,Fornecedor_8,Equipamentos,31083.03,2023-09-27,-976,0.1722289226721024,Baixa,prazo próximo do vencimento,Acompanhamento da OF 15 - prioridade Baixa,"Prezado fornecedor Fornecedor_8,

A Ordem de Fornecimento 15 apresenta prioridade Baixa no acompanhamento de entrega. O prazo registrado é 2023-09-27 00:00:00 e o escore de risco calculado é 0.17.

Solicitamos confirmação do status da entrega e previsão atualizada, quando aplicável.

Esta mensagem foi gerada pelo protótipo de monitoramento de compras públicas.",simulado
16,Fornecedor_10,Insumos,48648.6,2024-01-01,-880,0.7245870511816231,Alta,risco preditivo elevado; prazo próximo do vencimento,Acompanhamento da OF 16 - prioridade Alta,"Prezado fornecedor Fornecedor_10,

A Ordem de Fornecimento 16 apresenta prioridade Alta no acompanhamento de entrega. O prazo registrado é 2024-01-01 00:00:00 e o escore de risco calculado é 0.72.

Solicitamos confirmação do status da entrega e previsão atualizada, quando aplicável.

Esta mensagem foi gerada pelo protótipo de monitoramento de compras públicas.",simulado
17,Fornecedor_20,Equipamentos,33537.94,2023-09-26,-977,0.5242256220479188,Média,prazo próximo do vencimento,Acompanhamento da OF 17 - prioridade Média,"Prezado fornecedor Fornecedor_20,

A Ordem de Fornecimento 17 apresenta prioridade Média no acompanhamento de entrega. O prazo registrado é 2023-09-26 00:00:00 e o escore de risco calculado é 0.52.

Solicitamos confirmação do status da entrega e previsão atualizada, quando aplicável.

Esta mensagem foi gerada pelo protótipo de monitoramento de compras públicas.",simulado
18,Fornecedor_5,Equipamentos,19489.54,2023-06-21,-1074,0.4275058203688254,Média,prazo próximo do vencimento,Acompanhamento da OF 18 - prioridade Média,"Prezado fornecedor Fornecedor_5,

A Ordem de Fornecimento 18 apresenta prioridade Média no acompanhamento de entrega. O prazo registrado é 2023-06-21 00:00:00 e o escore de risco calculado é 0.43.

Solicitamos confirmação do status da entrega e previsão atualizada, quando aplicável.

Esta mensagem foi gerada pelo protótipo de monitoramento de compras públicas.",simulado
19,Fornecedor_11,Medicamentos,24402.36,2023-02-27,-1188,0.0742643831341262,Baixa,prazo próximo do vencimento,Acompanhamento da OF 19 - prioridade Baixa,"Prezado fornecedor Fornecedor_11,

A Ordem de Fornecimento 19 apresenta prioridade Baixa no acompanhamento de entrega. O prazo registrado é 2023-02-27 00:00:00 e o escore de risco calculado é 0.07.

Solicitamos confirmação do status da entrega e previsão atualizada, quando aplicável.

Esta mensagem foi gerada pelo protótipo de monitoramento de compras públicas.",simulado
20,Fornecedor_20,Insumos,10122.28,2023-03-27,-1160,0.2754765349588194,Baixa,prazo próximo do vencimento,Acompanhamento da OF 20 - prioridade Baixa,"Prezado fornecedor Fornecedor_20,

A Ordem de Fornecimento 20 apresenta prioridade Baixa no acompanhamento de entrega. O prazo registrado é 2023-03-27 00:00:00 e o escore de risco calculado é 0.28.

Solicitamos confirmação do status da entrega e previsão atualizada, quando aplicável.

Esta mensagem foi gerada pelo protótipo de monitoramento de compras públicas.",simulado
21,Fornecedor_12,Tecnologia,17527.0,2023-08-19,-1015,0.2326290503852094,Baixa,prazo próximo do vencimento,Acompanhamento da OF 21 - prioridade Baixa,"Prezado fornecedor Fornecedor_12,

A Ordem de Fornecimento 21 apresenta prioridade Baixa no acompanhamento de entrega. O prazo registrado é 2023-08-19 00:00:00 e o escore de risco calculado é 0.23.

Solicitamos confirmação do status da entrega e previsão atualizada, quando aplicável.

Esta mensagem foi gerada pelo protótipo de monitoramento de compras públicas.",simulado
22,Fornecedor_19,Tecnologia,46523.89,2023-09-22,-981,0.708640369374318,Alta,risco preditivo elevado; prazo próximo do vencimento,Acompanhamento da OF 22 - prioridade Alta,"Prezado fornecedor Fornecedor_19,

A Ordem de Fornecimento 22 apresenta prioridade Alta no acompanhamento de entrega. O prazo registrado é 2023-09-22 00:00:00 e o escore de risco calculado é 0.71.

Solicitamos confirmação do status da entrega e previsão atualizada, quando aplicável.

Esta mensagem foi gerada pelo protótipo de monitoramento de compras públicas.",simulado
23,Fornecedor_13,Equipamentos,31704.56,2024-01-01,-880,0.2200345739431705,Baixa,prazo próximo do vencimento,Acompanhamento da OF 23 - prioridade Baixa,"Prezado fornecedor Fornecedor_13,

A Ordem de Fornecimento 23 apresenta prioridade Baixa no acompanhamento de entrega. O prazo registrado é 2024-01-01 00:00:00 e o escore de risco calculado é 0.22.

Solicitamos confirmação do status da entrega e previsão atualizada, quando aplicável.

Esta mensagem foi gerada pelo protótipo de monitoramento de compras públicas.",simulado
24,Fornecedor_17,Tecnologia,13350.54,2023-04-02,-1154,0.6476797676561582,Média,prazo próximo do vencimento,Acompanhamento da OF 24 - prioridade Média,"Prezado fornecedor Fornecedor_17,

A Ordem de Fornecimento 24 apresenta prioridade Média no acompanhamento de entrega. O prazo registrado é 2023-04-02 00:00:00 e o escore de risco calculado é 0.65.

Solicitamos confirmação do status da entrega e previsão atualizada, quando aplicável.

Esta mensagem foi gerada pelo protótipo de monitoramento de compras públicas.",simulado
25,Fornecedor_13,Equipamentos,35235.89,2023-06-09,-1086,0.6017316843024777,Média,prazo próximo do vencimento,Acompanhamento da OF 25 - prioridade Média,"Prezado fornecedor Fornecedor_13,

A Ordem de Fornecimento 25 apresenta prioridade Média no acompanhamento de entrega. O prazo registrado é 2023-06-09 00:00:00 e o escore de risco calculado é 0.60.

Solicitamos confirmação do status da entrega e previsão atualizada, quando aplicável.

Esta mensagem foi gerada pelo protótipo de monitoramento de compras públicas.",simulado
26,Fornecedor_3,Insumos,15708.09,2023-01-31,-1215,0.1315523097029237,Baixa,prazo próximo do vencimento,Acompanhamento da OF 26 - prioridade Baixa,"Prezado fornecedor Fornecedor_3,

A Ordem de Fornecimento 26 apresenta prioridade Baixa no acompanhamento de entrega. O prazo registrado é 2023-01-31 00:00:00 e o escore de risco calculado é 0.13.

Solicitamos confirmação do status da entrega e previsão atualizada, quando aplicável.

Esta mensagem foi gerada pelo protótipo de monitoramento de compras públicas.",simulado
27,Fornecedor_1,Medicamentos,33306.52,2023-11-27,-915,0.3018214468764827,Baixa,prazo próximo do vencimento,Acompanhamento da OF 27 - prioridade Baixa,"Prezado fornecedor Fornecedor_1,

A Ordem de Fornecimento 27 apresenta prioridade Baixa no acompanhamento de entrega. O prazo registrado é 2023-11-27 00:00:00 e o escore de risco calculado é 0.30.

Solicitamos confirmação do status da entrega e previsão atualizada, quando aplicável.

Esta mensagem foi gerada pelo protótipo de monitoramento de compras públicas.",simulado
28,Fornecedor_4,Medicamentos,17799.01,2023-11-30,-912,0.6348115316220682,Média,prazo próximo do vencimento,Acompanhamento da OF 28 - prioridade Média,"Prezado fornecedor Fornecedor_4,

A Ordem de Fornecimento 28 apresenta prioridade Média no acompanhamento de entrega. O prazo registrado é 2023-11-30 00:00:00 e o escore de risco calculado é 0.63.

Solicitamos confirmação do status da entrega e previsão atualizada, quando aplicável.

Esta mensagem foi gerada pelo protótipo de monitoramento de compras públicas.",simulado
29,Fornecedor_15,Equipamentos,8699.97,2023-02-16,-1199,0.6519726146796291,Média,prazo próximo do vencimento,Acompanhamento da OF 29 - prioridade Média,"Prezado fornecedor Fornecedor_15,

A Ordem de Fornecimento 29 apresenta prioridade Média no acompanhamento de entrega. O prazo registrado é 2023-02-16 00:00:00 e o escore de risco calculado é 0.65.

Solicitamos confirmação do status da entrega e previsão atualizada, quando aplicável.

Esta mensagem foi gerada pelo protótipo de monitoramento de compras públicas.",simulado
30,Fornecedor_1,Equipamentos,46758.13,2023-11-27,-915,0.3047787396356896,Baixa,prazo próximo do vencimento,Acompanhamento da OF 30 - prioridade Baixa,"Prezado fornecedor Fornecedor_1,

A Ordem de Fornecimento 30 apresenta prioridade Baixa no acompanhamento de entrega. O prazo registrado é 2023-11-27 00:00:00 e o escore de risco calculado é 0.30.

Solicitamos confirmação do status da entrega e previsão atualizada, quando aplicável.

Esta mensagem foi gerada pelo protótipo de monitoramento de compras públicas.",simulado
31,Fornecedor_18,Tecnologia,14390.22,2023-01-11,-1235,0.6305556092437828,Média,prazo próximo do vencimento,Acompanhamento da OF 31 - prioridade Média,"Prezado fornecedor Fornecedor_18,

A Ordem de Fornecimento 31 apresenta prioridade Média no acompanhamento de entrega. O prazo registrado é 2023-01-11 00:00:00 e o escore de risco calculado é 0.63.

Solicitamos confirmação do status da entrega e previsão atualizada, quando aplicável.

Esta mensagem foi gerada pelo protótipo de monitoramento de compras públicas.",simulado
32,Fornecedor_7,Equipamentos,31683.82,2023-12-01,-911,0.4122391371180122,Média,prazo próximo do vencimento,Acompanhamento da OF 32 - prioridade Média,"Prezado fornecedor Fornecedor_7,

A Ordem de Fornecimento 32 apresenta prioridade Média no acompanhamento de entrega. O prazo registrado é 2023-12-01 00:00:00 e o escore de risco calculado é 0.41.

Solicitamos confirmação do status da entrega e previsão atualizada, quando aplicável.

Esta mensagem foi gerada pelo protótipo de monitoramento de compras públicas.",simulado
33,Fornecedor_19,Medicamentos,47092.11,2023-08-11,-1023,0.5402227650579496,Média,prazo próximo do vencimento,Acompanhamento da OF 33 - prioridade Média,"Prezado fornecedor Fornecedor_19,

A Ordem de Fornecimento 33 apresenta prioridade Média no acompanhamento de entrega. O prazo registrado é 2023-08-11 00:00:00 e o escore de risco calculado é 0.54.

Solicitamos confirmação do status da entrega e previsão atualizada, quando aplicável.

Esta mensagem foi gerada pelo protótipo de monitoramento de compras públicas.",simulado
34,Fornecedor_11,Equipamentos,27559.57,2023-09-30,-973,0.1179044396252598,Baixa,prazo próximo do vencimento,Acompanhamento da OF 34 - prioridade Baixa,"Prezado fornecedor Fornecedor_11,

A Ordem de Fornecimento 34 apresenta prioridade Baixa no acompanhamento de entrega. O prazo registrado é 2023-09-30 00:00:00 e o escore de risco calculado é 0.12.

Solicitamos confirmação do status da entrega e previsão atualizada, quando aplicável.

Esta mensagem foi gerada pelo protótipo de monitoramento de compras públicas.",simulado
35,Fornecedor_3,Equipamentos,13526.48,2023-08-15,-1019,0.3203117766221405,Baixa,prazo próximo do vencimento,Acompanhamento da OF 35 - prioridade Baixa,"Prezado fornecedor Fornecedor_3,

A Ordem de Fornecimento 35 apresenta prioridade Baixa no acompanhamento de entrega. O prazo registrado é 2023-08-15 00:00:00 e o escore de risco calculado é 0.32.

Solicitamos confirmação do status da entrega e previsão atualizada, quando aplicável.

Esta mensagem foi gerada pelo protótipo de monitoramento de compras públicas.",simulado
36,Fornecedor_5,Equipamentos,32224.73,2023-05-29,-1097,0.6955296374974204,Alta,prazo próximo do vencimento,Acompanhamento da OF 36 - prioridade Alta,"Prezado fornecedor Fornecedor_5,

A Ordem de Fornecimento 36 apresenta prioridade Alta no acompanhamento de entrega. O prazo registrado é 2023-05-29 00:00:00 e o escore de risco calculado é 0.70.

Solicitamos confirmação do status da entrega e previsão atualizada, quando aplicável.

Esta mensagem foi gerada pelo protótipo de monitoramento de compras públicas.",simulado
37,Fornecedor_18,Equipamentos,39358.44,2023-05-01,-1125,0.4318943580336405,Média,prazo próximo do vencimento,Acompanhamento da OF 37 - prioridade Média,"Prezado fornecedor Fornecedor_18,

A Ordem de Fornecimento 37 apresenta prioridade Média no acompanhamento de entrega. O prazo registrado é 2023-05-01 00:00:00 e o escore de risco calculado é 0.43.

Solicitamos confirmação do status da entrega e previsão atualizada, quando aplicável.

Esta mensagem foi gerada pelo protótipo de monitoramento de compras públicas.",simulado
38,Fornecedor_17,Medicamentos,31060.26,2023-05-14,-1112,0.1764527280858672,Baixa,prazo próximo do vencimento,Acompanhamento da OF 38 - prioridade Baixa,"Prezado fornecedor Fornecedor_17,

A Ordem de Fornecimento 38 apresenta prioridade Baixa no acompanhamento de entrega. O prazo registrado é 2023-05-14 00:00:00 e o escore de risco calculado é 0.18.

Solicitamos confirmação do status da entrega e previsão atualizada, quando aplicável.

Esta mensagem foi gerada pelo protótipo de monitoramento de compras públicas.",simulado
39,Fornecedor_17,Medicamentos,40350.7,2023-02-13,-1202,0.655752686734309,Média,prazo próximo do vencimento,Acompanhamento da OF 39 - prioridade Média,"Prezado fornecedor Fornecedor_17,

A Ordem de Fornecimento 39 apresenta prioridade Média no acompanhamento de entrega. O prazo registrado é 2023-02-13 00:00:00 e o escore de risco calculado é 0.66.

Solicitamos confirmação do status da entrega e previsão atualizada, quando aplicável.

Esta mensagem foi gerada pelo protótipo de monitoramento de compras públicas.",simulado
40,Fornecedor_20,Equipamentos,2570.78,2023-03-19,-1168,0.2904933430086719,Baixa,prazo próximo do vencimento,Acompanhamento da OF 40 - prioridade Baixa,"Prezado fornecedor Fornecedor_20,

A Ordem de Fornecimento 40 apresenta prioridade Baixa no acompanhamento de entrega. O prazo registrado é 2023-03-19 00:00:00 e o escore de risco calculado é 0.29.

Solicitamos confirmação do status da entrega e previsão atualizada, quando aplicável.

Esta mensagem foi gerada pelo protótipo de monitoramento de compras públicas.",simulado
41,Fornecedor_3,Insumos,31717.74,2023-02-28,-1187,0.1661821287508478,Baixa,prazo próximo do vencimento,Acompanhamento da OF 41 - prioridade Baixa,"Prezado fornecedor Fornecedor_3,

A Ordem de Fornecimento 41 apresenta prioridade Baixa no acompanhamento de entrega. O prazo registrado é 2023-02-28 00:00:00 e o escore de risco calculado é 0.17.

Solicitamos confirmação do status da entrega e previsão atualizada, quando aplicável.

Esta mensagem foi gerada pelo protótipo de monitoramento de compras públicas.",simulado
42,Fornecedor_6,Medicamentos,19754.11,2023-11-21,-921,0.2656999499546816,Baixa,prazo próximo do vencimento,Acompanhamento da OF 42 - prioridade Baixa,"Prezado fornecedor Fornecedor_6,

A Ordem de Fornecimento 42 apresenta prioridade Baixa no acompanhamento de entrega. O prazo registrado é 2023-11-21 00:00:00 e o escore de risco calculado é 0.27.

Solicitamos confirmação do status da entrega e previsão atualizada, quando aplicável.

Esta mensagem foi gerada pelo protótipo de monitoramento de compras públicas.",simulado
43,Fornecedor_10,Tecnologia,13974.19,2023-01-10,-1236,0.521685719146324,Média,prazo próximo do vencimento,Acompanhamento da OF 43 - prioridade Média,"Prezado fornecedor Fornecedor_10,

A Ordem de Fornecimento 43 apresenta prioridade Média no acompanhamento de entrega. O prazo registrado é 2023-01-10 00:00:00 e o escore de risco calculado é 0.52.

Solicitamos confirmação do status da entrega e previsão atualizada, quando aplicável.

Esta mensagem foi gerada pelo protótipo de monitoramento de compras públicas.",simulado
44,Fornecedor_14,Medicamentos,14010.12,2023-10-22,-951,0.6065494106366404,Média,prazo próximo do vencimento,Acompanhamento da OF 44 - prioridade Média,"Prezado fornecedor Fornecedor_14,

A Ordem de Fornecimento 44 apresenta prioridade Média no acompanhamento de entrega. O prazo registrado é 2023-10-22 00:00:00 e o escore de risco calculado é 0.61.

Solicitamos confirmação do status da entrega e previsão atualizada, quando aplicável.

Esta mensagem foi gerada pelo protótipo de monitoramento de compras públicas.",simulado
45,Fornecedor_13,Tecnologia,26921.55,2023-02-21,-1194,0.6670827902478748,Média,prazo próximo do vencimento,Acompanhamento da OF 45 - prioridade Média,"Prezado fornecedor Fornecedor_13,

A Ordem de Fornecimento 45 apresenta prioridade Média no acompanhamento de entrega. O prazo registrado é 2023-02-21 00:00:00 e o escore de risco calculado é 0.67.

Solicitamos confirmação do status da entrega e previsão atualizada, quando aplicável.

Esta mensagem foi gerada pelo protótipo de monitoramento de compras públicas.",simulado
46,Fornecedor_8,Insumos,25397.33,2023-04-06,-1150,0.7682008226497902,Alta,risco preditivo elevado; prazo próximo do vencimento,Acompanhamento da OF 46 - prioridade Alta,"Prezado fornecedor Fornecedor_8,

A Ordem de Fornecimento 46 apresenta prioridade Alta no acompanhamento de entrega. O prazo registrado é 2023-04-06 00:00:00 e o escore de risco calculado é 0.77.

Solicitamos confirmação do status da entrega e previsão atualizada, quando aplicável.

Esta mensagem foi gerada pelo protótipo de monitoramento de compras públicas.",simulado
47,Fornecedor_5,Insumos,31722.24,2023-02-04,-1211,0.4264735279544804,Média,prazo próximo do vencimento,Acompanhamento da OF 47 - prioridade Média,"Prezado fornecedor Fornecedor_5,

A Ordem de Fornecimento 47 apresenta prioridade Média no acompanhamento de entrega. O prazo registrado é 2023-02-04 00:00:00 e o escore de risco calculado é 0.43.

Solicitamos confirmação do status da entrega e previsão atualizada, quando aplicável.

Esta mensagem foi gerada pelo protótipo de monitoramento de compras públicas.",simulado
48,Fornecedor_8,Insumos,11513.08,2023-11-29,-913,0.1597033510074633,Baixa,prazo próximo do vencimento,Acompanhamento da OF 48 - prioridade Baixa,"Prezado fornecedor Fornecedor_8,

A Ordem de Fornecimento 48 apresenta prioridade Baixa no acompanhamento de entrega. O prazo registrado é 2023-11-29 00:00:00 e o escore de risco calculado é 0.16.

Solicitamos confirmação do status da entrega e previsão atualizada, quando aplicável.

Esta mensagem foi gerada pelo protótipo de monitoramento de compras públicas.",simulado
49,Fornecedor_10,Tecnologia,27698.28,2023-12-21,-891,0.7471357195617256,Alta,risco preditivo elevado; prazo próximo do vencimento,Acompanhamento da OF 49 - prioridade Alta,"Prezado fornecedor Fornecedor_10,

A Ordem de Fornecimento 49 apresenta prioridade Alta no acompanhamento de entrega. O prazo registrado é 2023-12-21 00:00:00 e o escore de risco calculado é 0.75.

Solicitamos confirmação do status da entrega e previsão atualizada, quando aplicável.

Esta mensagem foi gerada pelo protótipo de monitoramento de compras públicas.",simulado
50,Fornecedor_19,Insumos,32252.78,2023-05-14,-1112,0.2553721122491389,Baixa,prazo próximo do vencimento,Acompanhamento da OF 50 - prioridade Baixa,"Prezado fornecedor Fornecedor_19,

A Ordem de Fornecimento 50 apresenta prioridade Baixa no acompanhamento de entrega. O prazo registrado é 2023-05-14 00:00:00 e o escore de risco calculado é 0.26.

Solicitamos confirmação do status da entrega e previsão atualizada, quando aplicável.

Esta mensagem foi gerada pelo protótipo de monitoramento de compras públicas.",simulado
51,Fornecedor_14,Equipamentos,36706.76,2023-11-03,-939,0.2335375685012236,Baixa,prazo próximo do vencimento,Acompanhamento da OF 51 - prioridade Baixa,"Prezado fornecedor Fornecedor_14,

A Ordem de Fornecimento 51 apresenta prioridade Baixa no acompanhamento de entrega. O prazo registrado é 2023-11-03 00:00:00 e o escore de risco calculado é 0.23.

Solicitamos confirmação do status da entrega e previsão atualizada, quando aplicável.

Esta mensagem foi gerada pelo protótipo de monitoramento de compras públicas.",simulado
52,Fornecedor_18,Equipamentos,36708.48,2023-02-05,-1210,0.7375350110891177,Alta,risco preditivo elevado; prazo próximo do vencimento,Acompanhamento da OF 52 - prioridade Alta,"Prezado fornecedor Fornecedor_18,

A Ordem de Fornecimento 52 apresenta prioridade Alta no acompanhamento de entrega. O prazo registrado é 2023-02-05 00:00:00 e o escore de risco calculado é 0.74.

Solicitamos confirmação do status da entrega e previsão atualizada, quando aplicável.

Esta mensagem foi gerada pelo protótipo de monitoramento de compras públicas.",simulado
53,Fornecedor_14,Insumos,25212.41,2023-03-22,-1165,0.1873853103135347,Baixa,prazo próximo do vencimento,Acompanhamento da OF 53 - prioridade Baixa,"Prezado fornecedor Fornecedor_14,

A Ordem de Fornecimento 53 apresenta prioridade Baixa no acompanhamento de entrega. O prazo registrado é 2023-03-22 00:00:00 e o escore de risco calculado é 0.19.

Solicitamos confirmação do status da entrega e previsão atualizada, quando aplicável.

Esta mensagem foi gerada pelo protótipo de monitoramento de compras públicas.",simulado
54,Fornecedor_6,Equipamentos,21030.21,2023-07-25,-1040,0.5700337014233581,Média,prazo próximo do vencimento,Acompanhamento da OF 54 - prioridade Média,"Prezado fornecedor Fornecedor_6,

A Ordem de Fornecimento 54 apresenta prioridade Média no acompanhamento de entrega. O prazo registrado é 2023-07-25 00:00:00 e o escore de risco calculado é 0.57.

Solicitamos confirmação do status da entrega e previsão atualizada, quando aplicável.

Esta mensagem foi gerada pelo protótipo de monitoramento de compras públicas.",simulado
55,Fornecedor_15,Medicamentos,5349.73,2023-02-12,-1203,0.2185954475247318,Baixa,prazo próximo do vencimento,Acompanhamento da OF 55 - prioridade Baixa,"Prezado fornecedor Fornecedor_15,

A Ordem de Fornecimento 55 apresenta prioridade Baixa no acompanhamento de entrega. O prazo registrado é 2023-02-12 00:00:00 e o escore de risco calculado é 0.22.

Solicitamos confirmação do status da entrega e previsão atualizada, quando aplicável.

Esta mensagem foi gerada pelo protótipo de monitoramento de compras públicas.",simulado
56,Fornecedor_11,Tecnologia,20976.82,2023-08-26,-1008,0.0776835507864011,Baixa,prazo próximo do vencimento,Acompanhamento da OF 56 - prioridade Baixa,"Prezado fornecedor Fornecedor_11,

A Ordem de Fornecimento 56 apresenta prioridade Baixa no acompanhamento de entrega. O prazo registrado é 2023-08-26 00:00:00 e o escore de risco calculado é 0.08.

Solicitamos confirmação do status da entrega e previsão atualizada, quando aplicável.

Esta mensagem foi gerada pelo protótipo de monitoramento de compras públicas.",simulado
57,Fornecedor_10,Tecnologia,26763.06,2023-11-03,-939,0.7451972055142829,Alta,risco preditivo elevado; prazo próximo do vencimento,Acompanhamento da OF 57 - prioridade Alta,"Prezado fornecedor Fornecedor_10,

A Ordem de Fornecimento 57 apresenta prioridade Alta no acompanhamento de entrega. O prazo registrado é 2023-11-03 00:00:00 e o escore de risco calculado é 0.75.

Solicitamos confirmação do status da entrega e previsão atualizada, quando aplicável.

Esta mensagem foi gerada pelo protótipo de monitoramento de compras públicas.",simulado
58,Fornecedor_2,Medicamentos,12588.52,2023-06-24,-1071,0.2164099713593119,Baixa,prazo próximo do vencimento,Acompanhamento da OF 58 - prioridade Baixa,"Prezado fornecedor Fornecedor_2,

A Ordem de Fornecimento 58 apresenta prioridade Baixa no acompanhamento de entrega. O prazo registrado é 2023-06-24 00:00:00 e o escore de risco calculado é 0.22.

Solicitamos confirmação do status da entrega e previsão atualizada, quando aplicável.

Esta mensagem foi gerada pelo protótipo de monitoramento de compras públicas.",simulado
59,Fornecedor_4,Tecnologia,18058.07,2023-05-05,-1121,0.2226242300477958,Baixa,prazo próximo do vencimento,Acompanhamento da OF 59 - prioridade Baixa,"Prezado fornecedor Fornecedor_4,

A Ordem de Fornecimento 59 apresenta prioridade Baixa no acompanhamento de entrega. O prazo registrado é 2023-05-05 00:00:00 e o escore de risco calculado é 0.22.

Solicitamos confirmação do status da entrega e previsão atualizada, quando aplicável.

Esta mensagem foi gerada pelo protótipo de monitoramento de compras públicas.",simulado
60,Fornecedor_8,Tecnologia,7098.91,2023-02-01,-1214,0.3920145630050749,Média,prazo próximo do vencimento,Acompanhamento da OF 60 - prioridade Média,"Prezado fornecedor Fornecedor_8,

A Ordem de Fornecimento 60 apresenta prioridade Média no acompanhamento de entrega. O prazo registrado é 2023-02-01 00:00:00 e o escore de risco calculado é 0.39.

Solicitamos confirmação do status da entrega e previsão atualizada, quando aplicável.

Esta mensagem foi gerada pelo protótipo de monitoramento de compras públicas.",simulado
61,Fornecedor_8,Tecnologia,46893.62,2023-10-08,-965,0.2918659420303461,Baixa,prazo próximo do vencimento,Acompanhamento da OF 61 - prioridade Baixa,"Prezado fornecedor Fornecedor_8,

A Ordem de Fornecimento 61 apresenta prioridade Baixa no acompanhamento de entrega. O prazo registrado é 2023-10-08 00:00:00 e o escore de risco calculado é 0.29.

Solicitamos confirmação do status da entrega e previsão atualizada, quando aplicável.

Esta mensagem foi gerada pelo protótipo de monitoramento de compras públicas.",simulado
62,Fornecedor_10,Equipamentos,48697.64,2023-07-26,-1039,0.2484484402350663,Baixa,prazo próximo do vencimento,Acompanhamento da OF 62 - prioridade Baixa,"Prezado fornecedor Fornecedor_10,

A Ordem de Fornecimento 62 apresenta prioridade Baixa no acompanhamento de entrega. O prazo registrado é 2023-07-26 00:00:00 e o escore de risco calculado é 0.25.

Solicitamos confirmação do status da entrega e previsão atualizada, quando aplicável.

Esta mensagem foi gerada pelo protótipo de monitoramento de compras públicas.",simulado
63,Fornecedor_14,Equipamentos,36765.42,2023-05-16,-1110,0.2719088765481184,Baixa,prazo próximo do vencimento,Acompanhamento da OF 63 - prioridade Baixa,"Prezado fornecedor Fornecedor_14,

A Ordem de Fornecimento 63 apresenta prioridade Baixa no acompanhamento de entrega. O prazo registrado é 2023-05-16 00:00:00 e o escore de risco calculado é 0.27.

Solicitamos confirmação do status da entrega e previsão atualizada, quando aplicável.

Esta mensagem foi gerada pelo protótipo de monitoramento de compras públicas.",simulado
64,Fornecedor_1,Insumos,28498.68,2023-10-15,-958,0.68352495571158,Média,prazo próximo do vencimento,Acompanhamento da OF 64 - prioridade Média,"Prezado fornecedor Fornecedor_1,

A Ordem de Fornecimento 64 apresenta prioridade Média no acompanhamento de entrega. O prazo registrado é 2023-10-15 00:00:00 e o escore de risco calculado é 0.68.

Solicitamos confirmação do status da entrega e previsão atualizada, quando aplicável.

Esta mensagem foi gerada pelo protótipo de monitoramento de compras públicas.",simulado
65,Fornecedor_17,Tecnologia,29507.56,2023-12-28,-884,0.7129202548563107,Alta,risco preditivo elevado; prazo próximo do vencimento,Acompanhamento da OF 65 - prioridade Alta,"Prezado fornecedor Fornecedor_17,

A Ordem de Fornecimento 65 apresenta prioridade Alta no acompanhamento de entrega. O prazo registrado é 2023-12-28 00:00:00 e o escore de risco calculado é 0.71.

Solicitamos confirmação do status da entrega e previsão atualizada, quando aplicável.

Esta mensagem foi gerada pelo protótipo de monitoramento de compras públicas.",simulado
66,Fornecedor_14,Medicamentos,22194.23,2023-06-16,-1079,0.3154382352971585,Baixa,prazo próximo do vencimento,Acompanhamento da OF 66 - prioridade Baixa,"Prezado fornecedor Fornecedor_14,

A Ordem de Fornecimento 66 apresenta prioridade Baixa no acompanhamento de entrega. O prazo registrado é 2023-06-16 00:00:00 e o escore de risco calculado é 0.32.

Solicitamos confirmação do status da entrega e previsão atualizada, quando aplicável.

Esta mensagem foi gerada pelo protótipo de monitoramento de compras públicas.",simulado
67,Fornecedor_14,Insumos,47769.19,2023-12-03,-909,0.3070084712078994,Baixa,prazo próximo do vencimento,Acompanhamento da OF 67 - prioridade Baixa,"Prezado fornecedor Fornecedor_14,

A Ordem de Fornecimento 67 apresenta prioridade Baixa no acompanhamento de entrega. O prazo registrado é 2023-12-03 00:00:00 e o escore de risco calculado é 0.31.

Solicitamos confirmação do status da entrega e previsão atualizada, quando aplicável.

Esta mensagem foi gerada pelo protótipo de monitoramento de compras públicas.",simulado
68,Fornecedor_20,Tecnologia,19234.35,2023-04-08,-1148,0.6183645192112179,Média,prazo próximo do vencimento,Acompanhamento da OF 68 - prioridade Média,"Prezado fornecedor Fornecedor_20,

A Ordem de Fornecimento 68 apresenta prioridade Média no acompanhamento de entrega. O prazo registrado é 2023-04-08 00:00:00 e o escore de risco calculado é 0.62.

Solicitamos confirmação do status da entrega e previsão atualizada, quando aplicável.

Esta mensagem foi gerada pelo protótipo de monitoramento de compras públicas.",simulado
69,Fornecedor_3,Equipamentos,36756.07,2023-07-09,-1056,0.5064887695181858,Média,prazo próximo do vencimento,Acompanhamento da OF 69 - prioridade Média,"Prezado fornecedor Fornecedor_3,

A Ordem de Fornecimento 69 apresenta prioridade Média no acompanhamento de entrega. O prazo registrado é 2023-07-09 00:00:00 e o escore de risco calculado é 0.51.

Solicitamos confirmação do status da entrega e previsão atualizada, quando aplicável.

Esta mensagem foi gerada pelo protótipo de monitoramento de compras públicas.",simulado
70,Fornecedor_2,Insumos,44149.89,2023-06-07,-1088,0.193665352902061,Baixa,prazo próximo do vencimento,Acompanhamento da OF 70 - prioridade Baixa,"Prezado fornecedor Fornecedor_2,

A Ordem de Fornecimento 70 apresenta prioridade Baixa no acompanhamento de entrega. O prazo registrado é 2023-06-07 00:00:00 e o escore de risco calculado é 0.19.

Solicitamos confirmação do status da entrega e previsão atualizada, quando aplicável.

Esta mensagem foi gerada pelo protótipo de monitoramento de compras públicas.",simulado
71,Fornecedor_12,Medicamentos,20991.12,2023-10-31,-942,0.1554116465457225,Baixa,prazo próximo do vencimento,Acompanhamento da OF 71 - prioridade Baixa,"Prezado fornecedor Fornecedor_12,

A Ordem de Fornecimento 71 apresenta prioridade Baixa no acompanhamento de entrega. O prazo registrado é 2023-10-31 00:00:00 e o escore de risco calculado é 0.16.

Solicitamos confirmação do status da entrega e previsão atualizada, quando aplicável.

Esta mensagem foi gerada pelo protótipo de monitoramento de compras públicas.",simulado
72,Fornecedor_13,Insumos,12164.96,2023-10-16,-957,0.1486534598943661,Baixa,prazo próximo do vencimento,Acompanhamento da OF 72 - prioridade Baixa,"Prezado fornecedor Fornecedor_13,

A Ordem de Fornecimento 72 apresenta prioridade Baixa no acompanhamento de entrega. O prazo registrado é 2023-10-16 00:00:00 e o escore de risco calculado é 0.15.

Solicitamos confirmação do status da entrega e previsão atualizada, quando aplicável.

Esta mensagem foi gerada pelo protótipo de monitoramento de compras públicas.",simulado
73,Fornecedor_2,Equipamentos,33005.0,2023-10-30,-943,0.603062351611857,Média,prazo próximo do vencimento,Acompanhamento da OF 73 - prioridade Média,"Prezado fornecedor Fornecedor_2,

A Ordem de Fornecimento 73 apresenta prioridade Média no acompanhamento de entrega. O prazo registrado é 2023-10-30 00:00:00 e o escore de risco calculado é 0.60.

Solicitamos confirmação do status da entrega e previsão atualizada, quando aplicável.

Esta mensagem foi gerada pelo protótipo de monitoramento de compras públicas.",simulado
74,Fornecedor_17,Medicamentos,35932.34,2023-05-29,-1097,0.2690824283121937,Baixa,prazo próximo do vencimento,Acompanhamento da OF 74 - prioridade Baixa,"Prezado fornecedor Fornecedor_17,

A Ordem de Fornecimento 74 apresenta prioridade Baixa no acompanhamento de entrega. O prazo registrado é 2023-05-29 00:00:00 e o escore de risco calculado é 0.27.

Solicitamos confirmação do status da entrega e previsão atualizada, quando aplicável.

Esta mensagem foi gerada pelo protótipo de monitoramento de compras públicas.",simulado
75,Fornecedor_6,Equipamentos,39504.96,2023-09-08,-995,0.6024110533441408,Média,prazo próximo do vencimento,Acompanhamento da OF 75 - prioridade Média,"Prezado fornecedor Fornecedor_6,

A Ordem de Fornecimento 75 apresenta prioridade Média no acompanhamento de entrega. O prazo registrado é 2023-09-08 00:00:00 e o escore de risco calculado é 0.60.

Solicitamos confirmação do status da entrega e previsão atualizada, quando aplicável.

Esta mensagem foi gerada pelo protótipo de monitoramento de compras públicas.",simulado
76,Fornecedor_19,Medicamentos,20004.72,2023-04-16,-1140,0.1889141826017681,Baixa,prazo próximo do vencimento,Acompanhamento da OF 76 - prioridade Baixa,"Prezado fornecedor Fornecedor_19,

A Ordem de Fornecimento 76 apresenta prioridade Baixa no acompanhamento de entrega. O prazo registrado é 2023-04-16 00:00:00 e o escore de risco calculado é 0.19.

Solicitamos confirmação do status da entrega e previsão atualizada, quando aplicável.

Esta mensagem foi gerada pelo protótipo de monitoramento de compras públicas.",simulado
77,Fornecedor_4,Tecnologia,41038.1,2023-10-14,-959,0.2740852669295915,Baixa,prazo próximo do vencimento,Acompanhamento da OF 77 - prioridade Baixa,"Prezado fornecedor Fornecedor_4,

A Ordem de Fornecimento 77 apresenta prioridade Baixa no acompanhamento de entrega. O prazo registrado é 2023-10-14 00:00:00 e o escore de risco calculado é 0.27.

Solicitamos confirmação do status da entrega e previsão atualizada, quando aplicável.

Esta mensagem foi gerada pelo protótipo de monitoramento de compras públicas.",simulado
78,Fornecedor_2,Tecnologia,43987.89,2023-09-06,-997,0.1369859871320198,Baixa,prazo próximo do vencimento,Acompanhamento da OF 78 - prioridade Baixa,"Prezado fornecedor Fornecedor_2,

A Ordem de Fornecimento 78 apresenta prioridade Baixa no acompanhamento de entrega. O prazo registrado é 2023-09-06 00:00:00 e o escore de risco calculado é 0.14.

Solicitamos confirmação do status da entrega e previsão atualizada, quando aplicável.

Esta mensagem foi gerada pelo protótipo de monitoramento de compras públicas.",simulado
79,Fornecedor_12,Equipamentos,45622.79,2024-01-07,-874,0.2934442676427476,Baixa,prazo próximo do vencimento,Acompanhamento da OF 79 - prioridade Baixa,"Prezado fornecedor Fornecedor_12,

A Ordem de Fornecimento 79 apresenta prioridade Baixa no acompanhamento de entrega. O prazo registrado é 2024-01-07 00:00:00 e o escore de risco calculado é 0.29.

Solicitamos confirmação do status da entrega e previsão atualizada, quando aplicável.

Esta mensagem foi gerada pelo protótipo de monitoramento de compras públicas.",simulado
80,Fornecedor_19,Medicamentos,25968.37,2023-03-22,-1165,0.1782223058155004,Baixa,prazo próximo do vencimento,Acompanhamento da OF 80 - prioridade Baixa,"Prezado fornecedor Fornecedor_19,

A Ordem de Fornecimento 80 apresenta prioridade Baixa no acompanhamento de entrega. O prazo registrado é 2023-03-22 00:00:00 e o escore de risco calculado é 0.18.

Solicitamos confirmação do status da entrega e previsão atualizada, quando aplicável.

Esta mensagem foi gerada pelo protótipo de monitoramento de compras públicas.",simulado
81,Fornecedor_4,Tecnologia,21377.6,2023-07-20,-1045,0.4601946533320528,Média,prazo próximo do vencimento,Acompanhamento da OF 81 - prioridade Média,"Prezado fornecedor Fornecedor_4,

A Ordem de Fornecimento 81 apresenta prioridade Média no acompanhamento de entrega. O prazo registrado é 2023-07-20 00:00:00 e o escore de risco calculado é 0.46.

Solicitamos confirmação do status da entrega e previsão atualizada, quando aplicável.

Esta mensagem foi gerada pelo protótipo de monitoramento de compras públicas.",simulado
82,Fornecedor_9,Tecnologia,2172.04,2023-11-17,-925,0.1764876751395973,Baixa,prazo próximo do vencimento,Acompanhamento da OF 82 - prioridade Baixa,"Prezado fornecedor Fornecedor_9,

A Ordem de Fornecimento 82 apresenta prioridade Baixa no acompanhamento de entrega. O prazo registrado é 2023-11-17 00:00:00 e o escore de risco calculado é 0.18.

Solicitamos confirmação do status da entrega e previsão atualizada, quando aplicável.

Esta mensagem foi gerada pelo protótipo de monitoramento de compras públicas.",simulado
83,Fornecedor_13,Medicamentos,6861.65,2023-08-18,-1016,0.1469978162225872,Baixa,prazo próximo do vencimento,Acompanhamento da OF 83 - prioridade Baixa,"Prezado fornecedor Fornecedor_13,

A Ordem de Fornecimento 83 apresenta prioridade Baixa no acompanhamento de entrega. O prazo registrado é 2023-08-18 00:00:00 e o escore de risco calculado é 0.15.

Solicitamos confirmação do status da entrega e previsão atualizada, quando aplicável.

Esta mensagem foi gerada pelo protótipo de monitoramento de compras públicas.",simulado
84,Fornecedor_6,Tecnologia,24442.4,2023-06-24,-1071,0.4456549054950361,Média,prazo próximo do vencimento,Acompanhamento da OF 84 - prioridade Média,"Prezado fornecedor Fornecedor_6,

A Ordem de Fornecimento 84 apresenta prioridade Média no acompanhamento de entrega. O prazo registrado é 2023-06-24 00:00:00 e o escore de risco calculado é 0.45.

Solicitamos confirmação do status da entrega e previsão atualizada, quando aplicável.

Esta mensagem foi gerada pelo protótipo de monitoramento de compras públicas.",simulado
85,Fornecedor_9,Tecnologia,25517.1,2023-07-26,-1039,0.525017353896419,Média,prazo próximo do vencimento,Acompanhamento da OF 85 - prioridade Média,"Prezado fornecedor Fornecedor_9,

A Ordem de Fornecimento 85 apresenta prioridade Média no acompanhamento de entrega. O prazo registrado é 2023-07-26 00:00:00 e o escore de risco calculado é 0.53.

Solicitamos confirmação do status da entrega e previsão atualizada, quando aplicável.

Esta mensagem foi gerada pelo protótipo de monitoramento de compras públicas.",simulado
86,Fornecedor_16,Equipamentos,12674.39,2023-11-29,-913,0.099869122883364,Baixa,prazo próximo do vencimento,Acompanhamento da OF 86 - prioridade Baixa,"Prezado fornecedor Fornecedor_16,

A Ordem de Fornecimento 86 apresenta prioridade Baixa no acompanhamento de entrega. O prazo registrado é 2023-11-29 00:00:00 e o escore de risco calculado é 0.10.

Solicitamos confirmação do status da entrega e previsão atualizada, quando aplicável.

Esta mensagem foi gerada pelo protótipo de monitoramento de compras públicas.",simulado
87,Fornecedor_11,Tecnologia,40067.1,2023-12-22,-890,0.1043912498025196,Baixa,prazo próximo do vencimento,Acompanhamento da OF 87 - prioridade Baixa,"Prezado fornecedor Fornecedor_11,

A Ordem de Fornecimento 87 apresenta prioridade Baixa no acompanhamento de entrega. O prazo registrado é 2023-12-22 00:00:00 e o escore de risco calculado é 0.10.

Solicitamos confirmação do status da entrega e previsão atualizada, quando aplicável.

Esta mensagem foi gerada pelo protótipo de monitoramento de compras públicas.",simulado
88,Fornecedor_10,Tecnologia,11608.93,2023-10-10,-963,0.2863579865563733,Baixa,prazo próximo do vencimento,Acompanhamento da OF 88 - prioridade Baixa,"Prezado fornecedor Fornecedor_10,

A Ordem de Fornecimento 88 apresenta prioridade Baixa no acompanhamento de entrega. O prazo registrado é 2023-10-10 00:00:00 e o escore de risco calculado é 0.29.

Solicitamos confirmação do status da entrega e previsão atualizada, quando aplicável.

Esta mensagem foi gerada pelo protótipo de monitoramento de compras públicas.",simulado
89,Fornecedor_11,Insumos,38313.12,2023-09-22,-981,0.1267074331161862,Baixa,prazo próximo do vencimento,Acompanhamento da OF 89 - prioridade Baixa,"Prezado fornecedor Fornecedor_11,

A Ordem de Fornecimento 89 apresenta prioridade Baixa no acompanhamento de entrega. O prazo registrado é 2023-09-22 00:00:00 e o escore de risco calculado é 0.13.

Solicitamos confirmação do status da entrega e previsão atualizada, quando aplicável.

Esta mensagem foi gerada pelo protótipo de monitoramento de compras públicas.",simulado
90,Fornecedor_20,Equipamentos,23046.39,2023-09-29,-974,0.7597358196066643,Alta,risco preditivo elevado; prazo próximo do vencimento,Acompanhamento da OF 90 - prioridade Alta,"Prezado fornecedor Fornecedor_20,

A Ordem de Fornecimento 90 apresenta prioridade Alta no acompanhamento de entrega. O prazo registrado é 2023-09-29 00:00:00 e o escore de risco calculado é 0.76.

Solicitamos confirmação do status da entrega e previsão atualizada, quando aplicável.

Esta mensagem foi gerada pelo protótipo de monitoramento de compras públicas.",simulado
91,Fornecedor_15,Equipamentos,49928.48,2023-03-04,-1183,0.7353654672056894,Alta,risco preditivo elevado; prazo próximo do vencimento,Acompanhamento da OF 91 - prioridade Alta,"Prezado fornecedor Fornecedor_15,

A Ordem de Fornecimento 91 apresenta prioridade Alta no acompanhamento de entrega. O prazo registrado é 2023-03-04 00:00:00 e o escore de risco calculado é 0.74.

Solicitamos confirmação do status da entrega e previsão atualizada, quando aplicável.

Esta mensagem foi gerada pelo protótipo de monitoramento de compras públicas.",simulado
92,Fornecedor_8,Equipamentos,26607.19,2023-01-10,-1236,0.2791774749118504,Baixa,prazo próximo do vencimento,Acompanhamento da OF 92 - prioridade Baixa,"Prezado fornecedor Fornecedor_8,

A Ordem de Fornecimento 92 apresenta prioridade Baixa no acompanhamento de entrega. O prazo registrado é 2023-01-10 00:00:00 e o escore de risco calculado é 0.28.

Solicitamos confirmação do status da entrega e previsão atualizada, quando aplicável.

Esta mensagem foi gerada pelo protótipo de monitoramento de compras públicas.",simulado
93,Fornecedor_6,Insumos,9258.94,2023-04-11,-1145,0.2221471158517091,Baixa,prazo próximo do vencimento,Acompanhamento da OF 93 - prioridade Baixa,"Prezado fornecedor Fornecedor_6,

A Ordem de Fornecimento 93 apresenta prioridade Baixa no acompanhamento de entrega. O prazo registrado é 2023-04-11 00:00:00 e o escore de risco calculado é 0.22.

Solicitamos confirmação do status da entrega e previsão atualizada, quando aplicável.

Esta mensagem foi gerada pelo protótipo de monitoramento de compras públicas.",simulado
94,Fornecedor_13,Medicamentos,25124.93,2023-06-08,-1087,0.5581243463744312,Média,prazo próximo do vencimento,Acompanhamento da OF 94 - prioridade Média,"Prezado fornecedor Fornecedor_13,

A Ordem de Fornecimento 94 apresenta prioridade Média no acompanhamento de entrega. O prazo registrado é 2023-06-08 00:00:00 e o escore de risco calculado é 0.56.

Solicitamos confirmação do status da entrega e previsão atualizada, quando aplicável.

Esta mensagem foi gerada pelo protótipo de monitoramento de compras públicas.",simulado
95,Fornecedor_2,Tecnologia,30896.38,2023-08-14,-1020,0.4815412018221517,Média,prazo próximo do vencimento,Acompanhamento da OF 95 - prioridade Média,"Prezado fornecedor Fornecedor_2,

A Ordem de Fornecimento 95 apresenta prioridade Média no acompanhamento de entrega. O prazo registrado é 2023-08-14 00:00:00 e o escore de risco calculado é 0.48.

Solicitamos confirmação do status da entrega e previsão atualizada, quando aplicável.

Esta mensagem foi gerada pelo protótipo de monitoramento de compras públicas.",simulado
96,Fornecedor_4,Tecnologia,43755.72,2023-10-09,-964,0.1897124067882503,Baixa,prazo próximo do vencimento,Acompanhamento da OF 96 - prioridade Baixa,"Prezado fornecedor Fornecedor_4,

A Ordem de Fornecimento 96 apresenta prioridade Baixa no acompanhamento de entrega. O prazo registrado é 2023-10-09 00:00:00 e o escore de risco calculado é 0.19.

Solicitamos confirmação do status da entrega e previsão atualizada, quando aplicável.

Esta mensagem foi gerada pelo protótipo de monitoramento de compras públicas.",simulado
97,Fornecedor_15,Insumos,12969.0,2023-04-03,-1153,0.3000548705843229,Baixa,prazo próximo do vencimento,Acompanhamento da OF 97 - prioridade Baixa,"Prezado fornecedor Fornecedor_15,

A Ordem de Fornecimento 97 apresenta prioridade Baixa no acompanhamento de entrega. O prazo registrado é 2023-04-03 00:00:00 e o escore de risco calculado é 0.30.

Solicitamos confirmação do status da entrega e previsão atualizada, quando aplicável.

Esta mensagem foi gerada pelo protótipo de monitoramento de compras públicas.",simulado
98,Fornecedor_2,Insumos,17473.15,2023-08-13,-1021,0.2536744298082042,Baixa,prazo próximo do vencimento,Acompanhamento da OF 98 - prioridade Baixa,"Prezado fornecedor Fornecedor_2,

A Ordem de Fornecimento 98 apresenta prioridade Baixa no acompanhamento de entrega. O prazo registrado é 2023-08-13 00:00:00 e o escore de risco calculado é 0.25.

Solicitamos confirmação do status da entrega e previsão atualizada, quando aplicável.

Esta mensagem foi gerada pelo protótipo de monitoramento de compras públicas.",simulado
99,Fornecedor_14,Medicamentos,44782.04,2023-04-08,-1148,0.63854492011957,Média,prazo próximo do vencimento,Acompanhamento da OF 99 - prioridade Média,"Prezado fornecedor Fornecedor_14,

A Ordem de Fornecimento 99 apresenta prioridade Média no acompanhamento de entrega. O prazo registrado é 2023-04-08 00:00:00 e o escore de risco calculado é 0.64.

Solicitamos confirmação do status da entrega e previsão atualizada, quando aplicável.

Esta mensagem foi gerada pelo protótipo de monitoramento de compras públicas.",simulado
100,Fornecedor_1,Equipamentos,22521.38,2023-12-04,-908,0.6904622802027621,Alta,prazo próximo do vencimento,Acompanhamento da OF 100 - prioridade Alta,"Prezado fornecedor Fornecedor_1,

A Ordem de Fornecimento 100 apresenta prioridade Alta no acompanhamento de entrega. O prazo registrado é 2023-12-04 00:00:00 e o escore de risco calculado é 0.69.

Solicitamos confirmação do status da entrega e previsão atualizada, quando aplicável.

Esta mensagem foi gerada pelo protótipo de monitoramento de compras públicas.",simulado
101,Fornecedor_7,Tecnologia,39838.89,2023-02-26,-1189,0.4306962356188523,Média,prazo próximo do vencimento,Acompanhamento da OF 101 - prioridade Média,"Prezado fornecedor Fornecedor_7,

A Ordem de Fornecimento 101 apresenta prioridade Média no acompanhamento de entrega. O prazo registrado é 2023-02-26 00:00:00 e o escore de risco calculado é 0.43.

Solicitamos confirmação do status da entrega e previsão atualizada, quando aplicável.

Esta mensagem foi gerada pelo protótipo de monitoramento de compras públicas.",simulado
102,Fornecedor_6,Insumos,27544.71,2023-02-03,-1212,0.2366809316068126,Baixa,prazo próximo do vencimento,Acompanhamento da OF 102 - prioridade Baixa,"Prezado fornecedor Fornecedor_6,

A Ordem de Fornecimento 102 apresenta prioridade Baixa no acompanhamento de entrega. O prazo registrado é 2023-02-03 00:00:00 e o escore de risco calculado é 0.24.

Solicitamos confirmação do status da entrega e previsão atualizada, quando aplicável.

Esta mensagem foi gerada pelo protótipo de monitoramento de compras públicas.",simulado
103,Fornecedor_14,Tecnologia,36442.41,2023-02-19,-1196,0.2360990093476738,Baixa,prazo próximo do vencimento,Acompanhamento da OF 103 - prioridade Baixa,"Prezado fornecedor Fornecedor_14,

A Ordem de Fornecimento 103 apresenta prioridade Baixa no acompanhamento de entrega. O prazo registrado é 2023-02-19 00:00:00 e o escore de risco calculado é 0.24.

Solicitamos confirmação do status da entrega e previsão atualizada, quando aplicável.

Esta mensagem foi gerada pelo protótipo de monitoramento de compras públicas.",simulado
104,Fornecedor_1,Equipamentos,41684.9,2023-02-15,-1200,0.7777659934070754,Alta,risco preditivo elevado; prazo próximo do vencimento,Acompanhamento da OF 104 - prioridade Alta,"Prezado fornecedor Fornecedor_1,

A Ordem de Fornecimento 104 apresenta prioridade Alta no acompanhamento de entrega. O prazo registrado é 2023-02-15 00:00:00 e o escore de risco calculado é 0.78.

Solicitamos confirmação do status da entrega e previsão atualizada, quando aplicável.

Esta mensagem foi gerada pelo protótipo de monitoramento de compras públicas.",simulado
105,Fornecedor_9,Equipamentos,22087.85,2024-01-18,-863,0.1688730788286556,Baixa,prazo próximo do vencimento,Acompanhamento da OF 105 - prioridade Baixa,"Prezado fornecedor Fornecedor_9,

A Ordem de Fornecimento 105 apresenta prioridade Baixa no acompanhamento de entrega. O prazo registrado é 2024-01-18 00:00:00 e o escore de risco calculado é 0.17.

Solicitamos confirmação do status da entrega e previsão atualizada, quando aplicável.

Esta mensagem foi gerada pelo protótipo de monitoramento de compras públicas.",simulado
106,Fornecedor_16,Tecnologia,42312.35,2023-10-03,-970,0.2546904395896769,Baixa,prazo próximo do vencimento,Acompanhamento da OF 106 - prioridade Baixa,"Prezado fornecedor Fornecedor_16,

A Ordem de Fornecimento 106 apresenta prioridade Baixa no acompanhamento de entrega. O prazo registrado é 2023-10-03 00:00:00 e o escore de risco calculado é 0.25.

Solicitamos confirmação do status da entrega e previsão atualizada, quando aplicável.

Esta mensagem foi gerada pelo protótipo de monitoramento de compras públicas.",simulado
107,Fornecedor_20,Tecnologia,29408.42,2023-11-13,-929,0.3752382883210413,Baixa,prazo próximo do vencimento,Acompanhamento da OF 107 - prioridade Baixa,"Prezado fornecedor Fornecedor_20,

A Ordem de Fornecimento 107 apresenta prioridade Baixa no acompanhamento de entrega. O prazo registrado é 2023-11-13 00:00:00 e o escore de risco calculado é 0.38.

Solicitamos confirmação do status da entrega e previsão atualizada, quando aplicável.

Esta mensagem foi gerada pelo protótipo de monitoramento de compras públicas.",simulado
108,Fornecedor_9,Medicamentos,17326.29,2023-03-17,-1170,0.0894536315160366,Baixa,prazo próximo do vencimento,Acompanhamento da OF 108 - prioridade Baixa,"Prezado fornecedor Fornecedor_9,

A Ordem de Fornecimento 108 apresenta prioridade Baixa no acompanhamento de entrega. O prazo registrado é 2023-03-17 00:00:00 e o escore de risco calculado é 0.09.

Solicitamos confirmação do status da entrega e previsão atualizada, quando aplicável.

Esta mensagem foi gerada pelo protótipo de monitoramento de compras públicas.",simulado
109,Fornecedor_17,Equipamentos,8251.62,2023-09-14,-989,0.3113517290888929,Baixa,prazo próximo do vencimento,Acompanhamento da OF 109 - prioridade Baixa,"Prezado fornecedor Fornecedor_17,

A Ordem de Fornecimento 109 apresenta prioridade Baixa no acompanhamento de entrega. O prazo registrado é 2023-09-14 00:00:00 e o escore de risco calculado é 0.31.

Solicitamos confirmação do status da entrega e previsão atualizada, quando aplicável.

Esta mensagem foi gerada pelo protótipo de monitoramento de compras públicas.",simulado
110,Fornecedor_6,Tecnologia,38952.19,2023-08-14,-1020,0.5391664166061592,Média,prazo próximo do vencimento,Acompanhamento da OF 110 - prioridade Média,"Prezado fornecedor Fornecedor_6,

A Ordem de Fornecimento 110 apresenta prioridade Média no acompanhamento de entrega. O prazo registrado é 2023-08-14 00:00:00 e o escore de risco calculado é 0.54.

Solicitamos confirmação do status da entrega e previsão atualizada, quando aplicável.

Esta mensagem foi gerada pelo protótipo de monitoramento de compras públicas.",simulado
111,Fornecedor_7,Insumos,9251.58,2023-04-22,-1134,0.2868900345337923,Baixa,prazo próximo do vencimento,Acompanhamento da OF 111 - prioridade Baixa,"Prezado fornecedor Fornecedor_7,

A Ordem de Fornecimento 111 apresenta prioridade Baixa no acompanhamento de entrega. O prazo registrado é 2023-04-22 00:00:00 e o escore de risco calculado é 0.29.

Solicitamos confirmação do status da entrega e previsão atualizada, quando aplicável.

Esta mensagem foi gerada pelo protótipo de monitoramento de compras públicas.",simulado
112,Fornecedor_17,Medicamentos,48142.7,2023-10-17,-956,0.6956794271618877,Alta,prazo próximo do vencimento,Acompanhamento da OF 112 - prioridade Alta,"Prezado fornecedor Fornecedor_17,

A Ordem de Fornecimento 112 apresenta prioridade Alta no acompanhamento de entrega. O prazo registrado é 2023-10-17 00:00:00 e o escore de risco calculado é 0.70.

Solicitamos confirmação do status da entrega e previsão atualizada, quando aplicável.

Esta mensagem foi gerada pelo protótipo de monitoramento de compras públicas.",simulado
113,Fornecedor_17,Tecnologia,3257.6,2023-01-20,-1226,0.3212449842198107,Baixa,prazo próximo do vencimento,Acompanhamento da OF 113 - prioridade Baixa,"Prezado fornecedor Fornecedor_17,

A Ordem de Fornecimento 113 apresenta prioridade Baixa no acompanhamento de entrega. O prazo registrado é 2023-01-20 00:00:00 e o escore de risco calculado é 0.32.

Solicitamos confirmação do status da entrega e previsão atualizada, quando aplicável.

Esta mensagem foi gerada pelo protótipo de monitoramento de compras públicas.",simulado
114,Fornecedor_12,Tecnologia,26992.96,2023-10-23,-950,0.5543507268544613,Média,prazo próximo do vencimento,Acompanhamento da OF 114 - prioridade Média,"Prezado fornecedor Fornecedor_12,

A Ordem de Fornecimento 114 apresenta prioridade Média no acompanhamento de entrega. O prazo registrado é 2023-10-23 00:00:00 e o escore de risco calculado é 0.55.

Solicitamos confirmação do status da entrega e previsão atualizada, quando aplicável.

Esta mensagem foi gerada pelo protótipo de monitoramento de compras públicas.",simulado
115,Fornecedor_15,Equipamentos,14101.19,2023-12-22,-890,0.6683729917346984,Média,prazo próximo do vencimento,Acompanhamento da OF 115 - prioridade Média,"Prezado fornecedor Fornecedor_15,

A Ordem de Fornecimento 115 apresenta prioridade Média no acompanhamento de entrega. O prazo registrado é 2023-12-22 00:00:00 e o escore de risco calculado é 0.67.

Solicitamos confirmação do status da entrega e previsão atualizada, quando aplicável.

Esta mensagem foi gerada pelo protótipo de monitoramento de compras públicas.",simulado
116,Fornecedor_19,Equipamentos,29694.94,2023-06-13,-1082,0.216837796279064,Baixa,prazo próximo do vencimento,Acompanhamento da OF 116 - prioridade Baixa,"Prezado fornecedor Fornecedor_19,

A Ordem de Fornecimento 116 apresenta prioridade Baixa no acompanhamento de entrega. O prazo registrado é 2023-06-13 00:00:00 e o escore de risco calculado é 0.22.

Solicitamos confirmação do status da entrega e previsão atualizada, quando aplicável.

Esta mensagem foi gerada pelo protótipo de monitoramento de compras públicas.",simulado
117,Fornecedor_17,Equipamentos,31488.79,2023-07-29,-1036,0.1831891976388461,Baixa,prazo próximo do vencimento,Acompanhamento da OF 117 - prioridade Baixa,"Prezado fornecedor Fornecedor_17,

A Ordem de Fornecimento 117 apresenta prioridade Baixa no acompanhamento de entrega. O prazo registrado é 2023-07-29 00:00:00 e o escore de risco calculado é 0.18.

Solicitamos confirmação do status da entrega e previsão atualizada, quando aplicável.

Esta mensagem foi gerada pelo protótipo de monitoramento de compras públicas.",simulado
118,Fornecedor_4,Medicamentos,43311.6,2023-06-06,-1089,0.2607740919829819,Baixa,prazo próximo do vencimento,Acompanhamento da OF 118 - prioridade Baixa,"Prezado fornecedor Fornecedor_4,

A Ordem de Fornecimento 118 apresenta prioridade Baixa no acompanhamento de entrega. O prazo registrado é 2023-06-06 00:00:00 e o escore de risco calculado é 0.26.

Solicitamos confirmação do status da entrega e previsão atualizada, quando aplicável.

Esta mensagem foi gerada pelo protótipo de monitoramento de compras públicas.",simulado
119,Fornecedor_17,Tecnologia,35422.53,2023-06-05,-1090,0.2624539851746429,Baixa,prazo próximo do vencimento,Acompanhamento da OF 119 - prioridade Baixa,"Prezado fornecedor Fornecedor_17,

A Ordem de Fornecimento 119 apresenta prioridade Baixa no acompanhamento de entrega. O prazo registrado é 2023-06-05 00:00:00 e o escore de risco calculado é 0.26.

Solicitamos confirmação do status da entrega e previsão atualizada, quando aplicável.

Esta mensagem foi gerada pelo protótipo de monitoramento de compras públicas.",simulado
120,Fornecedor_6,Equipamentos,36640.21,2023-07-22,-1043,0.3922342098481499,Média,prazo próximo do vencimento,Acompanhamento da OF 120 - prioridade Média,"Prezado fornecedor Fornecedor_6,

A Ordem de Fornecimento 120 apresenta prioridade Média no acompanhamento de entrega. O prazo registrado é 2023-07-22 00:00:00 e o escore de risco calculado é 0.39.

Solicitamos confirmação do status da entrega e previsão atualizada, quando aplicável.

Esta mensagem foi gerada pelo protótipo de monitoramento de compras públicas.",simulado
121,Fornecedor_1,Insumos,8155.09,2023-04-13,-1143,0.2440718185540579,Baixa,prazo próximo do vencimento,Acompanhamento da OF 121 - prioridade Baixa,"Prezado fornecedor Fornecedor_1,

A Ordem de Fornecimento 121 apresenta prioridade Baixa no acompanhamento de entrega. O prazo registrado é 2023-04-13 00:00:00 e o escore de risco calculado é 0.24.

Solicitamos confirmação do status da entrega e previsão atualizada, quando aplicável.

Esta mensagem foi gerada pelo protótipo de monitoramento de compras públicas.",simulado
122,Fornecedor_4,Tecnologia,49178.28,2023-03-12,-1175,0.6699466827971355,Média,prazo próximo do vencimento,Acompanhamento da OF 122 - prioridade Média,"Prezado fornecedor Fornecedor_4,

A Ordem de Fornecimento 122 apresenta prioridade Média no acompanhamento de entrega. O prazo registrado é 2023-03-12 00:00:00 e o escore de risco calculado é 0.67.

Solicitamos confirmação do status da entrega e previsão atualizada, quando aplicável.

Esta mensagem foi gerada pelo protótipo de monitoramento de compras públicas.",simulado
123,Fornecedor_1,Insumos,2165.43,2023-06-25,-1070,0.2246753587484959,Baixa,prazo próximo do vencimento,Acompanhamento da OF 123 - prioridade Baixa,"Prezado fornecedor Fornecedor_1,

A Ordem de Fornecimento 123 apresenta prioridade Baixa no acompanhamento de entrega. O prazo registrado é 2023-06-25 00:00:00 e o escore de risco calculado é 0.22.

Solicitamos confirmação do status da entrega e previsão atualizada, quando aplicável.

Esta mensagem foi gerada pelo protótipo de monitoramento de compras públicas.",simulado
124,Fornecedor_4,Insumos,13183.58,2023-12-16,-896,0.4089923034751575,Média,prazo próximo do vencimento,Acompanhamento da OF 124 - prioridade Média,"Prezado fornecedor Fornecedor_4,

A Ordem de Fornecimento 124 apresenta prioridade Média no acompanhamento de entrega. O prazo registrado é 2023-12-16 00:00:00 e o escore de risco calculado é 0.41.

Solicitamos confirmação do status da entrega e previsão atualizada, quando aplicável.

Esta mensagem foi gerada pelo protótipo de monitoramento de compras públicas.",simulado
125,Fornecedor_19,Equipamentos,32142.17,2024-01-07,-874,0.2703610466259354,Baixa,prazo próximo do vencimento,Acompanhamento da OF 125 - prioridade Baixa,"Prezado fornecedor Fornecedor_19,

A Ordem de Fornecimento 125 apresenta prioridade Baixa no acompanhamento de entrega. O prazo registrado é 2024-01-07 00:00:00 e o escore de risco calculado é 0.27.

Solicitamos confirmação do status da entrega e previsão atualizada, quando aplicável.

Esta mensagem foi gerada pelo protótipo de monitoramento de compras públicas.",simulado
126,Fornecedor_2,Equipamentos,10828.51,2023-05-30,-1096,0.2347078192897402,Baixa,prazo próximo do vencimento,Acompanhamento da OF 126 - prioridade Baixa,"Prezado fornecedor Fornecedor_2,

A Ordem de Fornecimento 126 apresenta prioridade Baixa no acompanhamento de entrega. O prazo registrado é 2023-05-30 00:00:00 e o escore de risco calculado é 0.23.

Solicitamos confirmação do status da entrega e previsão atualizada, quando aplicável.

Esta mensagem foi gerada pelo protótipo de monitoramento de compras públicas.",simulado
127,Fornecedor_3,Insumos,8164.59,2023-08-28,-1006,0.1279220559152896,Baixa,prazo próximo do vencimento,Acompanhamento da OF 127 - prioridade Baixa,"Prezado fornecedor Fornecedor_3,

A Ordem de Fornecimento 127 apresenta prioridade Baixa no acompanhamento de entrega. O prazo registrado é 2023-08-28 00:00:00 e o escore de risco calculado é 0.13.

Solicitamos confirmação do status da entrega e previsão atualizada, quando aplicável.

Esta mensagem foi gerada pelo protótipo de monitoramento de compras públicas.",simulado
128,Fornecedor_15,Insumos,32417.68,2023-04-28,-1128,0.24970150434582,Baixa,prazo próximo do vencimento,Acompanhamento da OF 128 - prioridade Baixa,"Prezado fornecedor Fornecedor_15,

A Ordem de Fornecimento 128 apresenta prioridade Baixa no acompanhamento de entrega. O prazo registrado é 2023-04-28 00:00:00 e o escore de risco calculado é 0.25.

Solicitamos confirmação do status da entrega e previsão atualizada, quando aplicável.

Esta mensagem foi gerada pelo protótipo de monitoramento de compras públicas.",simulado
129,Fornecedor_14,Medicamentos,44243.96,2024-01-01,-880,0.6082813644184297,Média,prazo próximo do vencimento,Acompanhamento da OF 129 - prioridade Média,"Prezado fornecedor Fornecedor_14,

A Ordem de Fornecimento 129 apresenta prioridade Média no acompanhamento de entrega. O prazo registrado é 2024-01-01 00:00:00 e o escore de risco calculado é 0.61.

Solicitamos confirmação do status da entrega e previsão atualizada, quando aplicável.

Esta mensagem foi gerada pelo protótipo de monitoramento de compras públicas.",simulado
130,Fornecedor_17,Equipamentos,12955.96,2023-10-15,-958,0.5311130176801097,Média,prazo próximo do vencimento,Acompanhamento da OF 130 - prioridade Média,"Prezado fornecedor Fornecedor_17,

A Ordem de Fornecimento 130 apresenta prioridade Média no acompanhamento de entrega. O prazo registrado é 2023-10-15 00:00:00 e o escore de risco calculado é 0.53.

Solicitamos confirmação do status da entrega e previsão atualizada, quando aplicável.

Esta mensagem foi gerada pelo protótipo de monitoramento de compras públicas.",simulado
131,Fornecedor_1,Medicamentos,7745.01,2023-07-10,-1055,0.5675510906264579,Média,prazo próximo do vencimento,Acompanhamento da OF 131 - prioridade Média,"Prezado fornecedor Fornecedor_1,

A Ordem de Fornecimento 131 apresenta prioridade Média no acompanhamento de entrega. O prazo registrado é 2023-07-10 00:00:00 e o escore de risco calculado é 0.57.

Solicitamos confirmação do status da entrega e previsão atualizada, quando aplicável.

Esta mensagem foi gerada pelo protótipo de monitoramento de compras públicas.",simulado
132,Fornecedor_4,Medicamentos,46426.27,2023-12-31,-881,0.4443259990665912,Média,prazo próximo do vencimento,Acompanhamento da OF 132 - prioridade Média,"Prezado fornecedor Fornecedor_4,

A Ordem de Fornecimento 132 apresenta prioridade Média no acompanhamento de entrega. O prazo registrado é 2023-12-31 00:00:00 e o escore de risco calculado é 0.44.

Solicitamos confirmação do status da entrega e previsão atualizada, quando aplicável.

Esta mensagem foi gerada pelo protótipo de monitoramento de compras públicas.",simulado
133,Fornecedor_10,Insumos,8686.46,2023-12-16,-896,0.2681907161718767,Baixa,prazo próximo do vencimento,Acompanhamento da OF 133 - prioridade Baixa,"Prezado fornecedor Fornecedor_10,

A Ordem de Fornecimento 133 apresenta prioridade Baixa no acompanhamento de entrega. O prazo registrado é 2023-12-16 00:00:00 e o escore de risco calculado é 0.27.

Solicitamos confirmação do status da entrega e previsão atualizada, quando aplicável.

Esta mensagem foi gerada pelo protótipo de monitoramento de compras públicas.",simulado
134,Fornecedor_11,Medicamentos,14589.46,2023-07-23,-1042,0.0935403554351118,Baixa,prazo próximo do vencimento,Acompanhamento da OF 134 - prioridade Baixa,"Prezado fornecedor Fornecedor_11,

A Ordem de Fornecimento 134 apresenta prioridade Baixa no acompanhamento de entrega. O prazo registrado é 2023-07-23 00:00:00 e o escore de risco calculado é 0.09.

Solicitamos confirmação do status da entrega e previsão atualizada, quando aplicável.

Esta mensagem foi gerada pelo protótipo de monitoramento de compras públicas.",simulado
135,Fornecedor_18,Equipamentos,4706.05,2023-08-06,-1028,0.2594041183675137,Baixa,prazo próximo do vencimento,Acompanhamento da OF 135 - prioridade Baixa,"Prezado fornecedor Fornecedor_18,

A Ordem de Fornecimento 135 apresenta prioridade Baixa no acompanhamento de entrega. O prazo registrado é 2023-08-06 00:00:00 e o escore de risco calculado é 0.26.

Solicitamos confirmação do status da entrega e previsão atualizada, quando aplicável.

Esta mensagem foi gerada pelo protótipo de monitoramento de compras públicas.",simulado
136,Fornecedor_13,Medicamentos,11124.18,2023-12-08,-904,0.0990969497055804,Baixa,prazo próximo do vencimento,Acompanhamento da OF 136 - prioridade Baixa,"Prezado fornecedor Fornecedor_13,

A Ordem de Fornecimento 136 apresenta prioridade Baixa no acompanhamento de entrega. O prazo registrado é 2023-12-08 00:00:00 e o escore de risco calculado é 0.10.

Solicitamos confirmação do status da entrega e previsão atualizada, quando aplicável.

Esta mensagem foi gerada pelo protótipo de monitoramento de compras públicas.",simulado
137,Fornecedor_11,Tecnologia,20345.45,2023-07-10,-1055,0.0777391862513248,Baixa,prazo próximo do vencimento,Acompanhamento da OF 137 - prioridade Baixa,"Prezado fornecedor Fornecedor_11,

A Ordem de Fornecimento 137 apresenta prioridade Baixa no acompanhamento de entrega. O prazo registrado é 2023-07-10 00:00:00 e o escore de risco calculado é 0.08.

Solicitamos confirmação do status da entrega e previsão atualizada, quando aplicável.

Esta mensagem foi gerada pelo protótipo de monitoramento de compras públicas.",simulado
138,Fornecedor_11,Equipamentos,32062.94,2023-03-04,-1183,0.2737326538772617,Baixa,prazo próximo do vencimento,Acompanhamento da OF 138 - prioridade Baixa,"Prezado fornecedor Fornecedor_11,

A Ordem de Fornecimento 138 apresenta prioridade Baixa no acompanhamento de entrega. O prazo registrado é 2023-03-04 00:00:00 e o escore de risco calculado é 0.27.

Solicitamos confirmação do status da entrega e previsão atualizada, quando aplicável.

Esta mensagem foi gerada pelo protótipo de monitoramento de compras públicas.",simulado
139,Fornecedor_18,Medicamentos,14287.93,2023-02-08,-1207,0.3199938865348373,Baixa,prazo próximo do vencimento,Acompanhamento da OF 139 - prioridade Baixa,"Prezado fornecedor Fornecedor_18,

A Ordem de Fornecimento 139 apresenta prioridade Baixa no acompanhamento de entrega. O prazo registrado é 2023-02-08 00:00:00 e o escore de risco calculado é 0.32.

Solicitamos confirmação do status da entrega e previsão atualizada, quando aplicável.

Esta mensagem foi gerada pelo protótipo de monitoramento de compras públicas.",simulado
140,Fornecedor_2,Tecnologia,17103.09,2023-07-10,-1055,0.5620316980183749,Média,prazo próximo do vencimento,Acompanhamento da OF 140 - prioridade Média,"Prezado fornecedor Fornecedor_2,

A Ordem de Fornecimento 140 apresenta prioridade Média no acompanhamento de entrega. O prazo registrado é 2023-07-10 00:00:00 e o escore de risco calculado é 0.56.

Solicitamos confirmação do status da entrega e previsão atualizada, quando aplicável.

Esta mensagem foi gerada pelo protótipo de monitoramento de compras públicas.",simulado
141,Fornecedor_9,Insumos,43150.42,2023-01-27,-1219,0.15747103639942,Baixa,prazo próximo do vencimento,Acompanhamento da OF 141 - prioridade Baixa,"Prezado fornecedor Fornecedor_9,

A Ordem de Fornecimento 141 apresenta prioridade Baixa no acompanhamento de entrega. O prazo registrado é 2023-01-27 00:00:00 e o escore de risco calculado é 0.16.

Solicitamos confirmação do status da entrega e previsão atualizada, quando aplicável.

Esta mensagem foi gerada pelo protótipo de monitoramento de compras públicas.",simulado
142,Fornecedor_19,Medicamentos,40532.05,2023-05-11,-1115,0.2217222645998662,Baixa,prazo próximo do vencimento,Acompanhamento da OF 142 - prioridade Baixa,"Prezado fornecedor Fornecedor_19,

A Ordem de Fornecimento 142 apresenta prioridade Baixa no acompanhamento de entrega. O prazo registrado é 2023-05-11 00:00:00 e o escore de risco calculado é 0.22.

Solicitamos confirmação do status da entrega e previsão atualizada, quando aplicável.

Esta mensagem foi gerada pelo protótipo de monitoramento de compras públicas.",simulado
143,Fornecedor_11,Tecnologia,11053.02,2023-10-19,-954,0.0529469131214359,Baixa,prazo próximo do vencimento,Acompanhamento da OF 143 - prioridade Baixa,"Prezado fornecedor Fornecedor_11,

A Ordem de Fornecimento 143 apresenta prioridade Baixa no acompanhamento de entrega. O prazo registrado é 2023-10-19 00:00:00 e o escore de risco calculado é 0.05.

Solicitamos confirmação do status da entrega e previsão atualizada, quando aplicável.

Esta mensagem foi gerada pelo protótipo de monitoramento de compras públicas.",simulado
144,Fornecedor_7,Insumos,19497.13,2023-05-07,-1119,0.1518781941880738,Baixa,prazo próximo do vencimento,Acompanhamento da OF 144 - prioridade Baixa,"Prezado fornecedor Fornecedor_7,

A Ordem de Fornecimento 144 apresenta prioridade Baixa no acompanhamento de entrega. O prazo registrado é 2023-05-07 00:00:00 e o escore de risco calculado é 0.15.

Solicitamos confirmação do status da entrega e previsão atualizada, quando aplicável.

Esta mensagem foi gerada pelo protótipo de monitoramento de compras públicas.",simulado
145,Fornecedor_13,Equipamentos,27096.26,2023-05-02,-1124,0.6532054885350702,Média,prazo próximo do vencimento,Acompanhamento da OF 145 - prioridade Média,"Prezado fornecedor Fornecedor_13,

A Ordem de Fornecimento 145 apresenta prioridade Média no acompanhamento de entrega. O prazo registrado é 2023-05-02 00:00:00 e o escore de risco calculado é 0.65.

Solicitamos confirmação do status da entrega e previsão atualizada, quando aplicável.

Esta mensagem foi gerada pelo protótipo de monitoramento de compras públicas.",simulado
146,Fornecedor_16,Equipamentos,23665.37,2023-07-07,-1058,0.1899750919990634,Baixa,prazo próximo do vencimento,Acompanhamento da OF 146 - prioridade Baixa,"Prezado fornecedor Fornecedor_16,

A Ordem de Fornecimento 146 apresenta prioridade Baixa no acompanhamento de entrega. O prazo registrado é 2023-07-07 00:00:00 e o escore de risco calculado é 0.19.

Solicitamos confirmação do status da entrega e previsão atualizada, quando aplicável.

Esta mensagem foi gerada pelo protótipo de monitoramento de compras públicas.",simulado
147,Fornecedor_20,Equipamentos,14239.21,2023-12-19,-893,0.5568132810200982,Média,prazo próximo do vencimento,Acompanhamento da OF 147 - prioridade Média,"Prezado fornecedor Fornecedor_20,

A Ordem de Fornecimento 147 apresenta prioridade Média no acompanhamento de entrega. O prazo registrado é 2023-12-19 00:00:00 e o escore de risco calculado é 0.56.

Solicitamos confirmação do status da entrega e previsão atualizada, quando aplicável.

Esta mensagem foi gerada pelo protótipo de monitoramento de compras públicas.",simulado
148,Fornecedor_11,Equipamentos,2120.36,2023-01-19,-1227,0.5556054489885361,Média,prazo próximo do vencimento,Acompanhamento da OF 148 - prioridade Média,"Prezado fornecedor Fornecedor_11,

A Ordem de Fornecimento 148 apresenta prioridade Média no acompanhamento de entrega. O prazo registrado é 2023-01-19 00:00:00 e o escore de risco calculado é 0.56.

Solicitamos confirmação do status da entrega e previsão atualizada, quando aplicável.

Esta mensagem foi gerada pelo protótipo de monitoramento de compras públicas.",simulado
149,Fornecedor_12,Tecnologia,44181.94,2023-04-19,-1137,0.2371243024076164,Baixa,prazo próximo do vencimento,Acompanhamento da OF 149 - prioridade Baixa,"Prezado fornecedor Fornecedor_12,

A Ordem de Fornecimento 149 apresenta prioridade Baixa no acompanhamento de entrega. O prazo registrado é 2023-04-19 00:00:00 e o escore de risco calculado é 0.24.

Solicitamos confirmação do status da entrega e previsão atualizada, quando aplicável.

Esta mensagem foi gerada pelo protótipo de monitoramento de compras públicas.",simulado
150,Fornecedor_13,Equipamentos,22328.48,2023-07-17,-1048,0.3160065315057828,Baixa,prazo próximo do vencimento,Acompanhamento da OF 150 - prioridade Baixa,"Prezado fornecedor Fornecedor_13,

A Ordem de Fornecimento 150 apresenta prioridade Baixa no acompanhamento de entrega. O prazo registrado é 2023-07-17 00:00:00 e o escore de risco calculado é 0.32.

Solicitamos confirmação do status da entrega e previsão atualizada, quando aplicável.

Esta mensagem foi gerada pelo protótipo de monitoramento de compras públicas.",simulado
151,Fornecedor_8,Tecnologia,7955.99,2023-12-08,-904,0.3041193233973923,Baixa,prazo próximo do vencimento,Acompanhamento da OF 151 - prioridade Baixa,"Prezado fornecedor Fornecedor_8,

A Ordem de Fornecimento 151 apresenta prioridade Baixa no acompanhamento de entrega. O prazo registrado é 2023-12-08 00:00:00 e o escore de risco calculado é 0.30.

Solicitamos confirmação do status da entrega e previsão atualizada, quando aplicável.

Esta mensagem foi gerada pelo protótipo de monitoramento de compras públicas.",simulado
152,Fornecedor_19,Tecnologia,17369.92,2023-03-11,-1176,0.5468635204163147,Média,prazo próximo do vencimento,Acompanhamento da OF 152 - prioridade Média,"Prezado fornecedor Fornecedor_19,

A Ordem de Fornecimento 152 apresenta prioridade Média no acompanhamento de entrega. O prazo registrado é 2023-03-11 00:00:00 e o escore de risco calculado é 0.55.

Solicitamos confirmação do status da entrega e previsão atualizada, quando aplicável.

Esta mensagem foi gerada pelo protótipo de monitoramento de compras públicas.",simulado
153,Fornecedor_12,Insumos,26004.48,2023-08-18,-1016,0.1869872702678043,Baixa,prazo próximo do vencimento,Acompanhamento da OF 153 - prioridade Baixa,"Prezado fornecedor Fornecedor_12,

A Ordem de Fornecimento 153 apresenta prioridade Baixa no acompanhamento de entrega. O prazo registrado é 2023-08-18 00:00:00 e o escore de risco calculado é 0.19.

Solicitamos confirmação do status da entrega e previsão atualizada, quando aplicável.

Esta mensagem foi gerada pelo protótipo de monitoramento de compras públicas.",simulado
154,Fornecedor_11,Medicamentos,2282.29,2023-08-29,-1005,0.2068803912299936,Baixa,prazo próximo do vencimento,Acompanhamento da OF 154 - prioridade Baixa,"Prezado fornecedor Fornecedor_11,

A Ordem de Fornecimento 154 apresenta prioridade Baixa no acompanhamento de entrega. O prazo registrado é 2023-08-29 00:00:00 e o escore de risco calculado é 0.21.

Solicitamos confirmação do status da entrega e previsão atualizada, quando aplicável.

Esta mensagem foi gerada pelo protótipo de monitoramento de compras públicas.",simulado
155,Fornecedor_10,Tecnologia,29780.87,2023-04-25,-1131,0.6530849115020776,Média,prazo próximo do vencimento,Acompanhamento da OF 155 - prioridade Média,"Prezado fornecedor Fornecedor_10,

A Ordem de Fornecimento 155 apresenta prioridade Média no acompanhamento de entrega. O prazo registrado é 2023-04-25 00:00:00 e o escore de risco calculado é 0.65.

Solicitamos confirmação do status da entrega e previsão atualizada, quando aplicável.

Esta mensagem foi gerada pelo protótipo de monitoramento de compras públicas.",simulado
156,Fornecedor_16,Insumos,17740.28,2023-02-09,-1206,0.2763007823490173,Baixa,prazo próximo do vencimento,Acompanhamento da OF 156 - prioridade Baixa,"Prezado fornecedor Fornecedor_16,

A Ordem de Fornecimento 156 apresenta prioridade Baixa no acompanhamento de entrega. O prazo registrado é 2023-02-09 00:00:00 e o escore de risco calculado é 0.28.

Solicitamos confirmação do status da entrega e previsão atualizada, quando aplicável.

Esta mensagem foi gerada pelo protótipo de monitoramento de compras públicas.",simulado
157,Fornecedor_16,Equipamentos,31815.16,2023-06-11,-1084,0.5224755130220208,Média,prazo próximo do vencimento,Acompanhamento da OF 157 - prioridade Média,"Prezado fornecedor Fornecedor_16,

A Ordem de Fornecimento 157 apresenta prioridade Média no acompanhamento de entrega. O prazo registrado é 2023-06-11 00:00:00 e o escore de risco calculado é 0.52.

Solicitamos confirmação do status da entrega e previsão atualizada, quando aplicável.

Esta mensagem foi gerada pelo protótipo de monitoramento de compras públicas.",simulado
158,Fornecedor_13,Insumos,11558.04,2023-08-20,-1014,0.1414300775164974,Baixa,prazo próximo do vencimento,Acompanhamento da OF 158 - prioridade Baixa,"Prezado fornecedor Fornecedor_13,

A Ordem de Fornecimento 158 apresenta prioridade Baixa no acompanhamento de entrega. O prazo registrado é 2023-08-20 00:00:00 e o escore de risco calculado é 0.14.

Solicitamos confirmação do status da entrega e previsão atualizada, quando aplicável.

Esta mensagem foi gerada pelo protótipo de monitoramento de compras públicas.",simulado
159,Fornecedor_17,Medicamentos,10716.22,2023-05-02,-1124,0.1747136761630721,Baixa,prazo próximo do vencimento,Acompanhamento da OF 159 - prioridade Baixa,"Prezado fornecedor Fornecedor_17,

A Ordem de Fornecimento 159 apresenta prioridade Baixa no acompanhamento de entrega. O prazo registrado é 2023-05-02 00:00:00 e o escore de risco calculado é 0.17.

Solicitamos confirmação do status da entrega e previsão atualizada, quando aplicável.

Esta mensagem foi gerada pelo protótipo de monitoramento de compras públicas.",simulado
160,Fornecedor_10,Insumos,20862.08,2023-11-20,-922,0.195450633416496,Baixa,prazo próximo do vencimento,Acompanhamento da OF 160 - prioridade Baixa,"Prezado fornecedor Fornecedor_10,

A Ordem de Fornecimento 160 apresenta prioridade Baixa no acompanhamento de entrega. O prazo registrado é 2023-11-20 00:00:00 e o escore de risco calculado é 0.20.

Solicitamos confirmação do status da entrega e previsão atualizada, quando aplicável.

Esta mensagem foi gerada pelo protótipo de monitoramento de compras públicas.",simulado
161,Fornecedor_19,Equipamentos,2976.63,2023-06-08,-1087,0.4854334769573528,Média,prazo próximo do vencimento,Acompanhamento da OF 161 - prioridade Média,"Prezado fornecedor Fornecedor_19,

A Ordem de Fornecimento 161 apresenta prioridade Média no acompanhamento de entrega. O prazo registrado é 2023-06-08 00:00:00 e o escore de risco calculado é 0.49.

Solicitamos confirmação do status da entrega e previsão atualizada, quando aplicável.

Esta mensagem foi gerada pelo protótipo de monitoramento de compras públicas.",simulado
162,Fornecedor_17,Tecnologia,25483.75,2023-07-31,-1034,0.3544250155838915,Baixa,prazo próximo do vencimento,Acompanhamento da OF 162 - prioridade Baixa,"Prezado fornecedor Fornecedor_17,

A Ordem de Fornecimento 162 apresenta prioridade Baixa no acompanhamento de entrega. O prazo registrado é 2023-07-31 00:00:00 e o escore de risco calculado é 0.35.

Solicitamos confirmação do status da entrega e previsão atualizada, quando aplicável.

Esta mensagem foi gerada pelo protótipo de monitoramento de compras públicas.",simulado
163,Fornecedor_12,Insumos,24201.39,2023-07-17,-1048,0.1931035604890941,Baixa,prazo próximo do vencimento,Acompanhamento da OF 163 - prioridade Baixa,"Prezado fornecedor Fornecedor_12,

A Ordem de Fornecimento 163 apresenta prioridade Baixa no acompanhamento de entrega. O prazo registrado é 2023-07-17 00:00:00 e o escore de risco calculado é 0.19.

Solicitamos confirmação do status da entrega e previsão atualizada, quando aplicável.

Esta mensagem foi gerada pelo protótipo de monitoramento de compras públicas.",simulado
164,Fornecedor_10,Tecnologia,32982.69,2023-02-13,-1202,0.5797176112246094,Média,prazo próximo do vencimento,Acompanhamento da OF 164 - prioridade Média,"Prezado fornecedor Fornecedor_10,

A Ordem de Fornecimento 164 apresenta prioridade Média no acompanhamento de entrega. O prazo registrado é 2023-02-13 00:00:00 e o escore de risco calculado é 0.58.

Solicitamos confirmação do status da entrega e previsão atualizada, quando aplicável.

Esta mensagem foi gerada pelo protótipo de monitoramento de compras públicas.",simulado
165,Fornecedor_7,Insumos,23136.22,2023-06-02,-1093,0.296916527344674,Baixa,prazo próximo do vencimento,Acompanhamento da OF 165 - prioridade Baixa,"Prezado fornecedor Fornecedor_7,

A Ordem de Fornecimento 165 apresenta prioridade Baixa no acompanhamento de entrega. O prazo registrado é 2023-06-02 00:00:00 e o escore de risco calculado é 0.30.

Solicitamos confirmação do status da entrega e previsão atualizada, quando aplicável.

Esta mensagem foi gerada pelo protótipo de monitoramento de compras públicas.",simulado
166,Fornecedor_5,Equipamentos,13658.17,2023-08-08,-1026,0.4995671283320542,Média,prazo próximo do vencimento,Acompanhamento da OF 166 - prioridade Média,"Prezado fornecedor Fornecedor_5,

A Ordem de Fornecimento 166 apresenta prioridade Média no acompanhamento de entrega. O prazo registrado é 2023-08-08 00:00:00 e o escore de risco calculado é 0.50.

Solicitamos confirmação do status da entrega e previsão atualizada, quando aplicável.

Esta mensagem foi gerada pelo protótipo de monitoramento de compras públicas.",simulado
167,Fornecedor_13,Tecnologia,13299.7,2023-11-29,-913,0.2292674439942256,Baixa,prazo próximo do vencimento,Acompanhamento da OF 167 - prioridade Baixa,"Prezado fornecedor Fornecedor_13,

A Ordem de Fornecimento 167 apresenta prioridade Baixa no acompanhamento de entrega. O prazo registrado é 2023-11-29 00:00:00 e o escore de risco calculado é 0.23.

Solicitamos confirmação do status da entrega e previsão atualizada, quando aplicável.

Esta mensagem foi gerada pelo protótipo de monitoramento de compras públicas.",simulado
168,Fornecedor_17,Equipamentos,15391.45,2023-11-30,-912,0.3992464826060007,Média,prazo próximo do vencimento,Acompanhamento da OF 168 - prioridade Média,"Prezado fornecedor Fornecedor_17,

A Ordem de Fornecimento 168 apresenta prioridade Média no acompanhamento de entrega. O prazo registrado é 2023-11-30 00:00:00 e o escore de risco calculado é 0.40.

Solicitamos confirmação do status da entrega e previsão atualizada, quando aplicável.

Esta mensagem foi gerada pelo protótipo de monitoramento de compras públicas.",simulado
169,Fornecedor_5,Insumos,37791.87,2024-01-01,-880,0.7281063127909397,Alta,risco preditivo elevado; prazo próximo do vencimento,Acompanhamento da OF 169 - prioridade Alta,"Prezado fornecedor Fornecedor_5,

A Ordem de Fornecimento 169 apresenta prioridade Alta no acompanhamento de entrega. O prazo registrado é 2024-01-01 00:00:00 e o escore de risco calculado é 0.73.

Solicitamos confirmação do status da entrega e previsão atualizada, quando aplicável.

Esta mensagem foi gerada pelo protótipo de monitoramento de compras públicas.",simulado
170,Fornecedor_6,Insumos,44966.61,2023-09-18,-985,0.1597204821670699,Baixa,prazo próximo do vencimento,Acompanhamento da OF 170 - prioridade Baixa,"Prezado fornecedor Fornecedor_6,

A Ordem de Fornecimento 170 apresenta prioridade Baixa no acompanhamento de entrega. O prazo registrado é 2023-09-18 00:00:00 e o escore de risco calculado é 0.16.

Solicitamos confirmação do status da entrega e previsão atualizada, quando aplicável.

Esta mensagem foi gerada pelo protótipo de monitoramento de compras públicas.",simulado
171,Fornecedor_6,Insumos,46741.48,2023-02-06,-1209,0.3509854518361015,Baixa,prazo próximo do vencimento,Acompanhamento da OF 171 - prioridade Baixa,"Prezado fornecedor Fornecedor_6,

A Ordem de Fornecimento 171 apresenta prioridade Baixa no acompanhamento de entrega. O prazo registrado é 2023-02-06 00:00:00 e o escore de risco calculado é 0.35.

Solicitamos confirmação do status da entrega e previsão atualizada, quando aplicável.

Esta mensagem foi gerada pelo protótipo de monitoramento de compras públicas.",simulado
172,Fornecedor_6,Equipamentos,2233.86,2023-11-08,-934,0.1391639479526011,Baixa,prazo próximo do vencimento,Acompanhamento da OF 172 - prioridade Baixa,"Prezado fornecedor Fornecedor_6,

A Ordem de Fornecimento 172 apresenta prioridade Baixa no acompanhamento de entrega. O prazo registrado é 2023-11-08 00:00:00 e o escore de risco calculado é 0.14.

Solicitamos confirmação do status da entrega e previsão atualizada, quando aplicável.

Esta mensagem foi gerada pelo protótipo de monitoramento de compras públicas.",simulado
173,Fornecedor_2,Equipamentos,38402.59,2023-04-01,-1155,0.2190240860511124,Baixa,prazo próximo do vencimento,Acompanhamento da OF 173 - prioridade Baixa,"Prezado fornecedor Fornecedor_2,

A Ordem de Fornecimento 173 apresenta prioridade Baixa no acompanhamento de entrega. O prazo registrado é 2023-04-01 00:00:00 e o escore de risco calculado é 0.22.

Solicitamos confirmação do status da entrega e previsão atualizada, quando aplicável.

Esta mensagem foi gerada pelo protótipo de monitoramento de compras públicas.",simulado
174,Fornecedor_19,Medicamentos,19603.14,2023-08-25,-1009,0.1185902635588782,Baixa,prazo próximo do vencimento,Acompanhamento da OF 174 - prioridade Baixa,"Prezado fornecedor Fornecedor_19,

A Ordem de Fornecimento 174 apresenta prioridade Baixa no acompanhamento de entrega. O prazo registrado é 2023-08-25 00:00:00 e o escore de risco calculado é 0.12.

Solicitamos confirmação do status da entrega e previsão atualizada, quando aplicável.

Esta mensagem foi gerada pelo protótipo de monitoramento de compras públicas.",simulado
175,Fornecedor_5,Tecnologia,13650.14,2023-07-20,-1045,0.7274617751889759,Alta,risco preditivo elevado; prazo próximo do vencimento,Acompanhamento da OF 175 - prioridade Alta,"Prezado fornecedor Fornecedor_5,

A Ordem de Fornecimento 175 apresenta prioridade Alta no acompanhamento de entrega. O prazo registrado é 2023-07-20 00:00:00 e o escore de risco calculado é 0.73.

Solicitamos confirmação do status da entrega e previsão atualizada, quando aplicável.

Esta mensagem foi gerada pelo protótipo de monitoramento de compras públicas.",simulado
176,Fornecedor_18,Insumos,34590.26,2023-11-12,-930,0.6348737890514868,Média,prazo próximo do vencimento,Acompanhamento da OF 176 - prioridade Média,"Prezado fornecedor Fornecedor_18,

A Ordem de Fornecimento 176 apresenta prioridade Média no acompanhamento de entrega. O prazo registrado é 2023-11-12 00:00:00 e o escore de risco calculado é 0.63.

Solicitamos confirmação do status da entrega e previsão atualizada, quando aplicável.

Esta mensagem foi gerada pelo protótipo de monitoramento de compras públicas.",simulado
177,Fornecedor_19,Insumos,32486.0,2023-02-28,-1187,0.3061871137183811,Baixa,prazo próximo do vencimento,Acompanhamento da OF 177 - prioridade Baixa,"Prezado fornecedor Fornecedor_19,

A Ordem de Fornecimento 177 apresenta prioridade Baixa no acompanhamento de entrega. O prazo registrado é 2023-02-28 00:00:00 e o escore de risco calculado é 0.31.

Solicitamos confirmação do status da entrega e previsão atualizada, quando aplicável.

Esta mensagem foi gerada pelo protótipo de monitoramento de compras públicas.",simulado
178,Fornecedor_8,Medicamentos,38162.24,2023-12-29,-883,0.2193842208776929,Baixa,prazo próximo do vencimento,Acompanhamento da OF 178 - prioridade Baixa,"Prezado fornecedor Fornecedor_8,

A Ordem de Fornecimento 178 apresenta prioridade Baixa no acompanhamento de entrega. O prazo registrado é 2023-12-29 00:00:00 e o escore de risco calculado é 0.22.

Solicitamos confirmação do status da entrega e previsão atualizada, quando aplicável.

Esta mensagem foi gerada pelo protótipo de monitoramento de compras públicas.",simulado
179,Fornecedor_7,Tecnologia,21857.16,2023-06-01,-1094,0.5238868297387071,Média,prazo próximo do vencimento,Acompanhamento da OF 179 - prioridade Média,"Prezado fornecedor Fornecedor_7,

A Ordem de Fornecimento 179 apresenta prioridade Média no acompanhamento de entrega. O prazo registrado é 2023-06-01 00:00:00 e o escore de risco calculado é 0.52.

Solicitamos confirmação do status da entrega e previsão atualizada, quando aplicável.

Esta mensagem foi gerada pelo protótipo de monitoramento de compras públicas.",simulado
180,Fornecedor_10,Tecnologia,26191.18,2023-08-31,-1003,0.769618589847807,Alta,risco preditivo elevado; prazo próximo do vencimento,Acompanhamento da OF 180 - prioridade Alta,"Prezado fornecedor Fornecedor_10,

A Ordem de Fornecimento 180 apresenta prioridade Alta no acompanhamento de entrega. O prazo registrado é 2023-08-31 00:00:00 e o escore de risco calculado é 0.77.

Solicitamos confirmação do status da entrega e previsão atualizada, quando aplicável.

Esta mensagem foi gerada pelo protótipo de monitoramento de compras públicas.",simulado
181,Fornecedor_8,Insumos,40690.51,2023-03-08,-1179,0.3068666109041791,Baixa,prazo próximo do vencimento,Acompanhamento da OF 181 - prioridade Baixa,"Prezado fornecedor Fornecedor_8,

A Ordem de Fornecimento 181 apresenta prioridade Baixa no acompanhamento de entrega. O prazo registrado é 2023-03-08 00:00:00 e o escore de risco calculado é 0.31.

Solicitamos confirmação do status da entrega e previsão atualizada, quando aplicável.

Esta mensagem foi gerada pelo protótipo de monitoramento de compras públicas.",simulado
182,Fornecedor_16,Equipamentos,27039.65,2023-12-04,-908,0.1804403252932438,Baixa,prazo próximo do vencimento,Acompanhamento da OF 182 - prioridade Baixa,"Prezado fornecedor Fornecedor_16,

A Ordem de Fornecimento 182 apresenta prioridade Baixa no acompanhamento de entrega. O prazo registrado é 2023-12-04 00:00:00 e o escore de risco calculado é 0.18.

Solicitamos confirmação do status da entrega e previsão atualizada, quando aplicável.

Esta mensagem foi gerada pelo protótipo de monitoramento de compras públicas.",simulado
183,Fornecedor_16,Insumos,14876.62,2023-11-08,-934,0.150983846339654,Baixa,prazo próximo do vencimento,Acompanhamento da OF 183 - prioridade Baixa,"Prezado fornecedor Fornecedor_16,

A Ordem de Fornecimento 183 apresenta prioridade Baixa no acompanhamento de entrega. O prazo registrado é 2023-11-08 00:00:00 e o escore de risco calculado é 0.15.

Solicitamos confirmação do status da entrega e previsão atualizada, quando aplicável.

Esta mensagem foi gerada pelo protótipo de monitoramento de compras públicas.",simulado
184,Fornecedor_14,Equipamentos,42405.34,2023-03-26,-1161,0.1383556384025378,Baixa,prazo próximo do vencimento,Acompanhamento da OF 184 - prioridade Baixa,"Prezado fornecedor Fornecedor_14,

A Ordem de Fornecimento 184 apresenta prioridade Baixa no acompanhamento de entrega. O prazo registrado é 2023-03-26 00:00:00 e o escore de risco calculado é 0.14.

Solicitamos confirmação do status da entrega e previsão atualizada, quando aplicável.

Esta mensagem foi gerada pelo protótipo de monitoramento de compras públicas.",simulado
185,Fornecedor_12,Equipamentos,43213.36,2023-12-18,-894,0.4048102049705166,Média,prazo próximo do vencimento,Acompanhamento da OF 185 - prioridade Média,"Prezado fornecedor Fornecedor_12,

A Ordem de Fornecimento 185 apresenta prioridade Média no acompanhamento de entrega. O prazo registrado é 2023-12-18 00:00:00 e o escore de risco calculado é 0.40.

Solicitamos confirmação do status da entrega e previsão atualizada, quando aplicável.

Esta mensagem foi gerada pelo protótipo de monitoramento de compras públicas.",simulado
186,Fornecedor_3,Equipamentos,4420.51,2023-02-20,-1195,0.3049412080925898,Baixa,prazo próximo do vencimento,Acompanhamento da OF 186 - prioridade Baixa,"Prezado fornecedor Fornecedor_3,

A Ordem de Fornecimento 186 apresenta prioridade Baixa no acompanhamento de entrega. O prazo registrado é 2023-02-20 00:00:00 e o escore de risco calculado é 0.30.

Solicitamos confirmação do status da entrega e previsão atualizada, quando aplicável.

Esta mensagem foi gerada pelo protótipo de monitoramento de compras públicas.",simulado
187,Fornecedor_4,Medicamentos,45299.65,2023-02-10,-1205,0.6754602450893151,Média,prazo próximo do vencimento,Acompanhamento da OF 187 - prioridade Média,"Prezado fornecedor Fornecedor_4,

A Ordem de Fornecimento 187 apresenta prioridade Média no acompanhamento de entrega. O prazo registrado é 2023-02-10 00:00:00 e o escore de risco calculado é 0.68.

Solicitamos confirmação do status da entrega e previsão atualizada, quando aplicável.

Esta mensagem foi gerada pelo protótipo de monitoramento de compras públicas.",simulado
188,Fornecedor_7,Tecnologia,32358.16,2023-05-29,-1097,0.7403482378662233,Alta,risco preditivo elevado; prazo próximo do vencimento,Acompanhamento da OF 188 - prioridade Alta,"Prezado fornecedor Fornecedor_7,

A Ordem de Fornecimento 188 apresenta prioridade Alta no acompanhamento de entrega. O prazo registrado é 2023-05-29 00:00:00 e o escore de risco calculado é 0.74.

Solicitamos confirmação do status da entrega e previsão atualizada, quando aplicável.

Esta mensagem foi gerada pelo protótipo de monitoramento de compras públicas.",simulado
189,Fornecedor_6,Tecnologia,44142.1,2023-04-14,-1142,0.7480125037278326,Alta,risco preditivo elevado; prazo próximo do vencimento,Acompanhamento da OF 189 - prioridade Alta,"Prezado fornecedor Fornecedor_6,

A Ordem de Fornecimento 189 apresenta prioridade Alta no acompanhamento de entrega. O prazo registrado é 2023-04-14 00:00:00 e o escore de risco calculado é 0.75.

Solicitamos confirmação do status da entrega e previsão atualizada, quando aplicável.

Esta mensagem foi gerada pelo protótipo de monitoramento de compras públicas.",simulado
190,Fornecedor_8,Medicamentos,32803.96,2023-03-03,-1184,0.6449257431400389,Média,prazo próximo do vencimento,Acompanhamento da OF 190 - prioridade Média,"Prezado fornecedor Fornecedor_8,

A Ordem de Fornecimento 190 apresenta prioridade Média no acompanhamento de entrega. O prazo registrado é 2023-03-03 00:00:00 e o escore de risco calculado é 0.64.

Solicitamos confirmação do status da entrega e previsão atualizada, quando aplicável.

Esta mensagem foi gerada pelo protótipo de monitoramento de compras públicas.",simulado
191,Fornecedor_17,Tecnologia,11298.25,2023-11-15,-927,0.3261617335925881,Baixa,prazo próximo do vencimento,Acompanhamento da OF 191 - prioridade Baixa,"Prezado fornecedor Fornecedor_17,

A Ordem de Fornecimento 191 apresenta prioridade Baixa no acompanhamento de entrega. O prazo registrado é 2023-11-15 00:00:00 e o escore de risco calculado é 0.33.

Solicitamos confirmação do status da entrega e previsão atualizada, quando aplicável.

Esta mensagem foi gerada pelo protótipo de monitoramento de compras públicas.",simulado
192,Fornecedor_15,Medicamentos,48662.68,2023-11-06,-936,0.5088605701628023,Média,prazo próximo do vencimento,Acompanhamento da OF 192 - prioridade Média,"Prezado fornecedor Fornecedor_15,

A Ordem de Fornecimento 192 apresenta prioridade Média no acompanhamento de entrega. O prazo registrado é 2023-11-06 00:00:00 e o escore de risco calculado é 0.51.

Solicitamos confirmação do status da entrega e previsão atualizada, quando aplicável.

Esta mensagem foi gerada pelo protótipo de monitoramento de compras públicas.",simulado
193,Fornecedor_13,Medicamentos,28045.59,2023-10-01,-972,0.116624543930289,Baixa,prazo próximo do vencimento,Acompanhamento da OF 193 - prioridade Baixa,"Prezado fornecedor Fornecedor_13,

A Ordem de Fornecimento 193 apresenta prioridade Baixa no acompanhamento de entrega. O prazo registrado é 2023-10-01 00:00:00 e o escore de risco calculado é 0.12.

Solicitamos confirmação do status da entrega e previsão atualizada, quando aplicável.

Esta mensagem foi gerada pelo protótipo de monitoramento de compras públicas.",simulado
194,Fornecedor_9,Equipamentos,17864.23,2023-06-25,-1070,0.2680610820753085,Baixa,prazo próximo do vencimento,Acompanhamento da OF 194 - prioridade Baixa,"Prezado fornecedor Fornecedor_9,

A Ordem de Fornecimento 194 apresenta prioridade Baixa no acompanhamento de entrega. O prazo registrado é 2023-06-25 00:00:00 e o escore de risco calculado é 0.27.

Solicitamos confirmação do status da entrega e previsão atualizada, quando aplicável.

Esta mensagem foi gerada pelo protótipo de monitoramento de compras públicas.",simulado
195,Fornecedor_11,Insumos,15000.56,2023-03-19,-1168,0.197774711890631,Baixa,prazo próximo do vencimento,Acompanhamento da OF 195 - prioridade Baixa,"Prezado fornecedor Fornecedor_11,

A Ordem de Fornecimento 195 apresenta prioridade Baixa no acompanhamento de entrega. O prazo registrado é 2023-03-19 00:00:00 e o escore de risco calculado é 0.20.

Solicitamos confirmação do status da entrega e previsão atualizada, quando aplicável.

Esta mensagem foi gerada pelo protótipo de monitoramento de compras públicas.",simulado
196,Fornecedor_11,Medicamentos,37752.03,2023-08-19,-1015,0.035352180995377,Baixa,prazo próximo do vencimento,Acompanhamento da OF 196 - prioridade Baixa,"Prezado fornecedor Fornecedor_11,

A Ordem de Fornecimento 196 apresenta prioridade Baixa no acompanhamento de entrega. O prazo registrado é 2023-08-19 00:00:00 e o escore de risco calculado é 0.04.

Solicitamos confirmação do status da entrega e previsão atualizada, quando aplicável.

Esta mensagem foi gerada pelo protótipo de monitoramento de compras públicas.",simulado
197,Fornecedor_16,Equipamentos,26850.32,2023-10-23,-950,0.2234338435482184,Baixa,prazo próximo do vencimento,Acompanhamento da OF 197 - prioridade Baixa,"Prezado fornecedor Fornecedor_16,

A Ordem de Fornecimento 197 apresenta prioridade Baixa no acompanhamento de entrega. O prazo registrado é 2023-10-23 00:00:00 e o escore de risco calculado é 0.22.

Solicitamos confirmação do status da entrega e previsão atualizada, quando aplicável.

Esta mensagem foi gerada pelo protótipo de monitoramento de compras públicas.",simulado
198,Fornecedor_10,Medicamentos,9788.96,2023-02-12,-1203,0.368873095091189,Baixa,prazo próximo do vencimento,Acompanhamento da OF 198 - prioridade Baixa,"Prezado fornecedor Fornecedor_10,

A Ordem de Fornecimento 198 apresenta prioridade Baixa no acompanhamento de entrega. O prazo registrado é 2023-02-12 00:00:00 e o escore de risco calculado é 0.37.

Solicitamos confirmação do status da entrega e previsão atualizada, quando aplicável.

Esta mensagem foi gerada pelo protótipo de monitoramento de compras públicas.",simulado
199,Fornecedor_7,Insumos,45478.8,2023-08-30,-1004,0.2826725134578978,Baixa,prazo próximo do vencimento,Acompanhamento da OF 199 - prioridade Baixa,"Prezado fornecedor Fornecedor_7,

A Ordem de Fornecimento 199 apresenta prioridade Baixa no acompanhamento de entrega. O prazo registrado é 2023-08-30 00:00:00 e o escore de risco calculado é 0.28.

Solicitamos confirmação do status da entrega e previsão atualizada, quando aplicável.

Esta mensagem foi gerada pelo protótipo de monitoramento de compras públicas.",simulado
200,Fornecedor_15,Insumos,47946.82,2023-12-04,-908,0.690719371427487,Alta,prazo próximo do vencimento,Acompanhamento da OF 200 - prioridade Alta,"Prezado fornecedor Fornecedor_15,

A Ordem de Fornecimento 200 apresenta prioridade Alta no acompanhamento de entrega. O prazo registrado é 2023-12-04 00:00:00 e o escore de risco calculado é 0.69.

Solicitamos confirmação do status da entrega e previsão atualizada, quando aplicável.

Esta mensagem foi gerada pelo protótipo de monitoramento de compras públicas.",simulado
201,Fornecedor_8,Equipamentos,14196.76,2023-06-03,-1092,0.6454186329669691,Média,prazo próximo do vencimento,Acompanhamento da OF 201 - prioridade Média,"Prezado fornecedor Fornecedor_8,

A Ordem de Fornecimento 201 apresenta prioridade Média no acompanhamento de entrega. O prazo registrado é 2023-06-03 00:00:00 e o escore de risco calculado é 0.65.

Solicitamos confirmação do status da entrega e previsão atualizada, quando aplicável.

Esta mensagem foi gerada pelo protótipo de monitoramento de compras públicas.",simulado
202,Fornecedor_4,Insumos,29438.5,2023-04-25,-1131,0.4731940972612411,Média,prazo próximo do vencimento,Acompanhamento da OF 202 - prioridade Média,"Prezado fornecedor Fornecedor_4,

A Ordem de Fornecimento 202 apresenta prioridade Média no acompanhamento de entrega. O prazo registrado é 2023-04-25 00:00:00 e o escore de risco calculado é 0.47.

Solicitamos confirmação do status da entrega e previsão atualizada, quando aplicável.

Esta mensagem foi gerada pelo protótipo de monitoramento de compras públicas.",simulado
203,Fornecedor_8,Equipamentos,10293.25,2023-04-16,-1140,0.3253179621766512,Baixa,prazo próximo do vencimento,Acompanhamento da OF 203 - prioridade Baixa,"Prezado fornecedor Fornecedor_8,

A Ordem de Fornecimento 203 apresenta prioridade Baixa no acompanhamento de entrega. O prazo registrado é 2023-04-16 00:00:00 e o escore de risco calculado é 0.33.

Solicitamos confirmação do status da entrega e previsão atualizada, quando aplicável.

Esta mensagem foi gerada pelo protótipo de monitoramento de compras públicas.",simulado
204,Fornecedor_20,Insumos,15714.39,2023-02-09,-1206,0.6621301595526271,Média,prazo próximo do vencimento,Acompanhamento da OF 204 - prioridade Média,"Prezado fornecedor Fornecedor_20,

A Ordem de Fornecimento 204 apresenta prioridade Média no acompanhamento de entrega. O prazo registrado é 2023-02-09 00:00:00 e o escore de risco calculado é 0.66.

Solicitamos confirmação do status da entrega e previsão atualizada, quando aplicável.

Esta mensagem foi gerada pelo protótipo de monitoramento de compras públicas.",simulado
205,Fornecedor_19,Medicamentos,45458.11,2023-01-27,-1219,0.2565169026753001,Baixa,prazo próximo do vencimento,Acompanhamento da OF 205 - prioridade Baixa,"Prezado fornecedor Fornecedor_19,

A Ordem de Fornecimento 205 apresenta prioridade Baixa no acompanhamento de entrega. O prazo registrado é 2023-01-27 00:00:00 e o escore de risco calculado é 0.26.

Solicitamos confirmação do status da entrega e previsão atualizada, quando aplicável.

Esta mensagem foi gerada pelo protótipo de monitoramento de compras públicas.",simulado
206,Fornecedor_16,Tecnologia,29687.81,2023-04-11,-1145,0.595255553498412,Média,prazo próximo do vencimento,Acompanhamento da OF 206 - prioridade Média,"Prezado fornecedor Fornecedor_16,

A Ordem de Fornecimento 206 apresenta prioridade Média no acompanhamento de entrega. O prazo registrado é 2023-04-11 00:00:00 e o escore de risco calculado é 0.60.

Solicitamos confirmação do status da entrega e previsão atualizada, quando aplicável.

Esta mensagem foi gerada pelo protótipo de monitoramento de compras públicas.",simulado
207,Fornecedor_19,Equipamentos,29332.36,2023-03-16,-1171,0.5773632218162189,Média,prazo próximo do vencimento,Acompanhamento da OF 207 - prioridade Média,"Prezado fornecedor Fornecedor_19,

A Ordem de Fornecimento 207 apresenta prioridade Média no acompanhamento de entrega. O prazo registrado é 2023-03-16 00:00:00 e o escore de risco calculado é 0.58.

Solicitamos confirmação do status da entrega e previsão atualizada, quando aplicável.

Esta mensagem foi gerada pelo protótipo de monitoramento de compras públicas.",simulado
208,Fornecedor_16,Insumos,45295.28,2023-04-06,-1150,0.4030887928514467,Média,prazo próximo do vencimento,Acompanhamento da OF 208 - prioridade Média,"Prezado fornecedor Fornecedor_16,

A Ordem de Fornecimento 208 apresenta prioridade Média no acompanhamento de entrega. O prazo registrado é 2023-04-06 00:00:00 e o escore de risco calculado é 0.40.

Solicitamos confirmação do status da entrega e previsão atualizada, quando aplicável.

Esta mensagem foi gerada pelo protótipo de monitoramento de compras públicas.",simulado
209,Fornecedor_8,Tecnologia,6683.97,2023-07-03,-1062,0.2920891514336998,Baixa,prazo próximo do vencimento,Acompanhamento da OF 209 - prioridade Baixa,"Prezado fornecedor Fornecedor_8,

A Ordem de Fornecimento 209 apresenta prioridade Baixa no acompanhamento de entrega. O prazo registrado é 2023-07-03 00:00:00 e o escore de risco calculado é 0.29.

Solicitamos confirmação do status da entrega e previsão atualizada, quando aplicável.

Esta mensagem foi gerada pelo protótipo de monitoramento de compras públicas.",simulado
210,Fornecedor_10,Medicamentos,39658.12,2023-12-07,-905,0.1995624351793349,Baixa,prazo próximo do vencimento,Acompanhamento da OF 210 - prioridade Baixa,"Prezado fornecedor Fornecedor_10,

A Ordem de Fornecimento 210 apresenta prioridade Baixa no acompanhamento de entrega. O prazo registrado é 2023-12-07 00:00:00 e o escore de risco calculado é 0.20.

Solicitamos confirmação do status da entrega e previsão atualizada, quando aplicável.

Esta mensagem foi gerada pelo protótipo de monitoramento de compras públicas.",simulado
211,Fornecedor_16,Tecnologia,20160.98,2023-05-07,-1119,0.2506506261996163,Baixa,prazo próximo do vencimento,Acompanhamento da OF 211 - prioridade Baixa,"Prezado fornecedor Fornecedor_16,

A Ordem de Fornecimento 211 apresenta prioridade Baixa no acompanhamento de entrega. O prazo registrado é 2023-05-07 00:00:00 e o escore de risco calculado é 0.25.

Solicitamos confirmação do status da entrega e previsão atualizada, quando aplicável.

Esta mensagem foi gerada pelo protótipo de monitoramento de compras públicas.",simulado
212,Fornecedor_18,Tecnologia,22535.14,2023-08-13,-1021,0.2665906518239004,Baixa,prazo próximo do vencimento,Acompanhamento da OF 212 - prioridade Baixa,"Prezado fornecedor Fornecedor_18,

A Ordem de Fornecimento 212 apresenta prioridade Baixa no acompanhamento de entrega. O prazo registrado é 2023-08-13 00:00:00 e o escore de risco calculado é 0.27.

Solicitamos confirmação do status da entrega e previsão atualizada, quando aplicável.

Esta mensagem foi gerada pelo protótipo de monitoramento de compras públicas.",simulado
213,Fornecedor_14,Equipamentos,43411.58,2023-02-05,-1210,0.2387329662209147,Baixa,prazo próximo do vencimento,Acompanhamento da OF 213 - prioridade Baixa,"Prezado fornecedor Fornecedor_14,

A Ordem de Fornecimento 213 apresenta prioridade Baixa no acompanhamento de entrega. O prazo registrado é 2023-02-05 00:00:00 e o escore de risco calculado é 0.24.

Solicitamos confirmação do status da entrega e previsão atualizada, quando aplicável.

Esta mensagem foi gerada pelo protótipo de monitoramento de compras públicas.",simulado
214,Fornecedor_20,Equipamentos,31089.69,2023-05-14,-1112,0.7109709190138062,Alta,risco preditivo elevado; prazo próximo do vencimento,Acompanhamento da OF 214 - prioridade Alta,"Prezado fornecedor Fornecedor_20,

A Ordem de Fornecimento 214 apresenta prioridade Alta no acompanhamento de entrega. O prazo registrado é 2023-05-14 00:00:00 e o escore de risco calculado é 0.71.

Solicitamos confirmação do status da entrega e previsão atualizada, quando aplicável.

Esta mensagem foi gerada pelo protótipo de monitoramento de compras públicas.",simulado
215,Fornecedor_6,Medicamentos,21466.75,2023-10-18,-955,0.570526443093565,Média,prazo próximo do vencimento,Acompanhamento da OF 215 - prioridade Média,"Prezado fornecedor Fornecedor_6,

A Ordem de Fornecimento 215 apresenta prioridade Média no acompanhamento de entrega. O prazo registrado é 2023-10-18 00:00:00 e o escore de risco calculado é 0.57.

Solicitamos confirmação do status da entrega e previsão atualizada, quando aplicável.

Esta mensagem foi gerada pelo protótipo de monitoramento de compras públicas.",simulado
216,Fornecedor_14,Insumos,17308.92,2023-03-05,-1182,0.1407884157588502,Baixa,prazo próximo do vencimento,Acompanhamento da OF 216 - prioridade Baixa,"Prezado fornecedor Fornecedor_14,

A Ordem de Fornecimento 216 apresenta prioridade Baixa no acompanhamento de entrega. O prazo registrado é 2023-03-05 00:00:00 e o escore de risco calculado é 0.14.

Solicitamos confirmação do status da entrega e previsão atualizada, quando aplicável.

Esta mensagem foi gerada pelo protótipo de monitoramento de compras públicas.",simulado
217,Fornecedor_11,Insumos,30267.62,2023-10-22,-951,0.1171745049414184,Baixa,prazo próximo do vencimento,Acompanhamento da OF 217 - prioridade Baixa,"Prezado fornecedor Fornecedor_11,

A Ordem de Fornecimento 217 apresenta prioridade Baixa no acompanhamento de entrega. O prazo registrado é 2023-10-22 00:00:00 e o escore de risco calculado é 0.12.

Solicitamos confirmação do status da entrega e previsão atualizada, quando aplicável.

Esta mensagem foi gerada pelo protótipo de monitoramento de compras públicas.",simulado
218,Fornecedor_13,Equipamentos,29901.81,2023-06-14,-1081,0.4615163277696621,Média,prazo próximo do vencimento,Acompanhamento da OF 218 - prioridade Média,"Prezado fornecedor Fornecedor_13,

A Ordem de Fornecimento 218 apresenta prioridade Média no acompanhamento de entrega. O prazo registrado é 2023-06-14 00:00:00 e o escore de risco calculado é 0.46.

Solicitamos confirmação do status da entrega e previsão atualizada, quando aplicável.

Esta mensagem foi gerada pelo protótipo de monitoramento de compras públicas.",simulado
219,Fornecedor_13,Insumos,24030.46,2023-10-14,-959,0.2787195099467912,Baixa,prazo próximo do vencimento,Acompanhamento da OF 219 - prioridade Baixa,"Prezado fornecedor Fornecedor_13,

A Ordem de Fornecimento 219 apresenta prioridade Baixa no acompanhamento de entrega. O prazo registrado é 2023-10-14 00:00:00 e o escore de risco calculado é 0.28.

Solicitamos confirmação do status da entrega e previsão atualizada, quando aplicável.

Esta mensagem foi gerada pelo protótipo de monitoramento de compras públicas.",simulado
220,Fornecedor_19,Insumos,18157.91,2023-09-25,-978,0.3252532562627652,Baixa,prazo próximo do vencimento,Acompanhamento da OF 220 - prioridade Baixa,"Prezado fornecedor Fornecedor_19,

A Ordem de Fornecimento 220 apresenta prioridade Baixa no acompanhamento de entrega. O prazo registrado é 2023-09-25 00:00:00 e o escore de risco calculado é 0.33.

Solicitamos confirmação do status da entrega e previsão atualizada, quando aplicável.

Esta mensagem foi gerada pelo protótipo de monitoramento de compras públicas.",simulado
221,Fornecedor_12,Insumos,37058.45,2023-06-23,-1072,0.5999749807624125,Média,prazo próximo do vencimento,Acompanhamento da OF 221 - prioridade Média,"Prezado fornecedor Fornecedor_12,

A Ordem de Fornecimento 221 apresenta prioridade Média no acompanhamento de entrega. O prazo registrado é 2023-06-23 00:00:00 e o escore de risco calculado é 0.60.

Solicitamos confirmação do status da entrega e previsão atualizada, quando aplicável.

Esta mensagem foi gerada pelo protótipo de monitoramento de compras públicas.",simulado
222,Fornecedor_11,Equipamentos,9493.98,2023-09-07,-996,0.1123957615934347,Baixa,prazo próximo do vencimento,Acompanhamento da OF 222 - prioridade Baixa,"Prezado fornecedor Fornecedor_11,

A Ordem de Fornecimento 222 apresenta prioridade Baixa no acompanhamento de entrega. O prazo registrado é 2023-09-07 00:00:00 e o escore de risco calculado é 0.11.

Solicitamos confirmação do status da entrega e previsão atualizada, quando aplicável.

Esta mensagem foi gerada pelo protótipo de monitoramento de compras públicas.",simulado
223,Fornecedor_17,Tecnologia,7527.35,2023-04-12,-1144,0.3491627190134101,Baixa,prazo próximo do vencimento,Acompanhamento da OF 223 - prioridade Baixa,"Prezado fornecedor Fornecedor_17,

A Ordem de Fornecimento 223 apresenta prioridade Baixa no acompanhamento de entrega. O prazo registrado é 2023-04-12 00:00:00 e o escore de risco calculado é 0.35.

Solicitamos confirmação do status da entrega e previsão atualizada, quando aplicável.

Esta mensagem foi gerada pelo protótipo de monitoramento de compras públicas.",simulado
224,Fornecedor_8,Medicamentos,48289.89,2023-08-24,-1010,0.6808759941196646,Média,prazo próximo do vencimento,Acompanhamento da OF 224 - prioridade Média,"Prezado fornecedor Fornecedor_8,

A Ordem de Fornecimento 224 apresenta prioridade Média no acompanhamento de entrega. O prazo registrado é 2023-08-24 00:00:00 e o escore de risco calculado é 0.68.

Solicitamos confirmação do status da entrega e previsão atualizada, quando aplicável.

Esta mensagem foi gerada pelo protótipo de monitoramento de compras públicas.",simulado
225,Fornecedor_19,Tecnologia,2149.34,2023-03-17,-1170,0.3831979001848626,Baixa,prazo próximo do vencimento,Acompanhamento da OF 225 - prioridade Baixa,"Prezado fornecedor Fornecedor_19,

A Ordem de Fornecimento 225 apresenta prioridade Baixa no acompanhamento de entrega. O prazo registrado é 2023-03-17 00:00:00 e o escore de risco calculado é 0.38.

Solicitamos confirmação do status da entrega e previsão atualizada, quando aplicável.

Esta mensagem foi gerada pelo protótipo de monitoramento de compras públicas.",simulado
226,Fornecedor_2,Insumos,10002.65,2023-09-21,-982,0.1270047323834262,Baixa,prazo próximo do vencimento,Acompanhamento da OF 226 - prioridade Baixa,"Prezado fornecedor Fornecedor_2,

A Ordem de Fornecimento 226 apresenta prioridade Baixa no acompanhamento de entrega. O prazo registrado é 2023-09-21 00:00:00 e o escore de risco calculado é 0.13.

Solicitamos confirmação do status da entrega e previsão atualizada, quando aplicável.

Esta mensagem foi gerada pelo protótipo de monitoramento de compras públicas.",simulado
227,Fornecedor_9,Tecnologia,43741.48,2023-10-26,-947,0.1215511831605849,Baixa,prazo próximo do vencimento,Acompanhamento da OF 227 - prioridade Baixa,"Prezado fornecedor Fornecedor_9,

A Ordem de Fornecimento 227 apresenta prioridade Baixa no acompanhamento de entrega. O prazo registrado é 2023-10-26 00:00:00 e o escore de risco calculado é 0.12.

Solicitamos confirmação do status da entrega e previsão atualizada, quando aplicável.

Esta mensagem foi gerada pelo protótipo de monitoramento de compras públicas.",simulado
228,Fornecedor_9,Insumos,26180.35,2023-05-01,-1125,0.2517588216784444,Baixa,prazo próximo do vencimento,Acompanhamento da OF 228 - prioridade Baixa,"Prezado fornecedor Fornecedor_9,

A Ordem de Fornecimento 228 apresenta prioridade Baixa no acompanhamento de entrega. O prazo registrado é 2023-05-01 00:00:00 e o escore de risco calculado é 0.25.

Solicitamos confirmação do status da entrega e previsão atualizada, quando aplicável.

Esta mensagem foi gerada pelo protótipo de monitoramento de compras públicas.",simulado
229,Fornecedor_4,Insumos,14557.32,2023-08-28,-1006,0.6345120917837994,Média,prazo próximo do vencimento,Acompanhamento da OF 229 - prioridade Média,"Prezado fornecedor Fornecedor_4,

A Ordem de Fornecimento 229 apresenta prioridade Média no acompanhamento de entrega. O prazo registrado é 2023-08-28 00:00:00 e o escore de risco calculado é 0.63.

Solicitamos confirmação do status da entrega e previsão atualizada, quando aplicável.

Esta mensagem foi gerada pelo protótipo de monitoramento de compras públicas.",simulado
230,Fornecedor_13,Tecnologia,14082.28,2023-10-31,-942,0.2013463065009605,Baixa,prazo próximo do vencimento,Acompanhamento da OF 230 - prioridade Baixa,"Prezado fornecedor Fornecedor_13,

A Ordem de Fornecimento 230 apresenta prioridade Baixa no acompanhamento de entrega. O prazo registrado é 2023-10-31 00:00:00 e o escore de risco calculado é 0.20.

Solicitamos confirmação do status da entrega e previsão atualizada, quando aplicável.

Esta mensagem foi gerada pelo protótipo de monitoramento de compras públicas.",simulado
231,Fornecedor_12,Tecnologia,24031.01,2023-10-18,-955,0.1709797247224608,Baixa,prazo próximo do vencimento,Acompanhamento da OF 231 - prioridade Baixa,"Prezado fornecedor Fornecedor_12,

A Ordem de Fornecimento 231 apresenta prioridade Baixa no acompanhamento de entrega. O prazo registrado é 2023-10-18 00:00:00 e o escore de risco calculado é 0.17.

Solicitamos confirmação do status da entrega e previsão atualizada, quando aplicável.

Esta mensagem foi gerada pelo protótipo de monitoramento de compras públicas.",simulado
232,Fornecedor_6,Tecnologia,20959.38,2023-08-18,-1016,0.6376401152730873,Média,prazo próximo do vencimento,Acompanhamento da OF 232 - prioridade Média,"Prezado fornecedor Fornecedor_6,

A Ordem de Fornecimento 232 apresenta prioridade Média no acompanhamento de entrega. O prazo registrado é 2023-08-18 00:00:00 e o escore de risco calculado é 0.64.

Solicitamos confirmação do status da entrega e previsão atualizada, quando aplicável.

Esta mensagem foi gerada pelo protótipo de monitoramento de compras públicas.",simulado
233,Fornecedor_3,Insumos,27275.98,2023-09-06,-997,0.2144211108765681,Baixa,prazo próximo do vencimento,Acompanhamento da OF 233 - prioridade Baixa,"Prezado fornecedor Fornecedor_3,

A Ordem de Fornecimento 233 apresenta prioridade Baixa no acompanhamento de entrega. O prazo registrado é 2023-09-06 00:00:00 e o escore de risco calculado é 0.21.

Solicitamos confirmação do status da entrega e previsão atualizada, quando aplicável.

Esta mensagem foi gerada pelo protótipo de monitoramento de compras públicas.",simulado
234,Fornecedor_4,Insumos,4001.0,2023-04-25,-1131,0.2784423709343222,Baixa,prazo próximo do vencimento,Acompanhamento da OF 234 - prioridade Baixa,"Prezado fornecedor Fornecedor_4,

A Ordem de Fornecimento 234 apresenta prioridade Baixa no acompanhamento de entrega. O prazo registrado é 2023-04-25 00:00:00 e o escore de risco calculado é 0.28.

Solicitamos confirmação do status da entrega e previsão atualizada, quando aplicável.

Esta mensagem foi gerada pelo protótipo de monitoramento de compras públicas.",simulado
235,Fornecedor_17,Equipamentos,23642.85,2023-06-25,-1070,0.2289247262003939,Baixa,prazo próximo do vencimento,Acompanhamento da OF 235 - prioridade Baixa,"Prezado fornecedor Fornecedor_17,

A Ordem de Fornecimento 235 apresenta prioridade Baixa no acompanhamento de entrega. O prazo registrado é 2023-06-25 00:00:00 e o escore de risco calculado é 0.23.

Solicitamos confirmação do status da entrega e previsão atualizada, quando aplicável.

Esta mensagem foi gerada pelo protótipo de monitoramento de compras públicas.",simulado
236,Fornecedor_17,Equipamentos,41917.57,2023-07-16,-1049,0.3870628309500837,Baixa,prazo próximo do vencimento,Acompanhamento da OF 236 - prioridade Baixa,"Prezado fornecedor Fornecedor_17,

A Ordem de Fornecimento 236 apresenta prioridade Baixa no acompanhamento de entrega. O prazo registrado é 2023-07-16 00:00:00 e o escore de risco calculado é 0.39.

Solicitamos confirmação do status da entrega e previsão atualizada, quando aplicável.

Esta mensagem foi gerada pelo protótipo de monitoramento de compras públicas.",simulado
237,Fornecedor_4,Insumos,13085.2,2023-09-13,-990,0.2103717174568241,Baixa,prazo próximo do vencimento,Acompanhamento da OF 237 - prioridade Baixa,"Prezado fornecedor Fornecedor_4,

A Ordem de Fornecimento 237 apresenta prioridade Baixa no acompanhamento de entrega. O prazo registrado é 2023-09-13 00:00:00 e o escore de risco calculado é 0.21.

Solicitamos confirmação do status da entrega e previsão atualizada, quando aplicável.

Esta mensagem foi gerada pelo protótipo de monitoramento de compras públicas.",simulado
238,Fornecedor_18,Equipamentos,9221.15,2023-04-04,-1152,0.4567175527343339,Média,prazo próximo do vencimento,Acompanhamento da OF 238 - prioridade Média,"Prezado fornecedor Fornecedor_18,

A Ordem de Fornecimento 238 apresenta prioridade Média no acompanhamento de entrega. O prazo registrado é 2023-04-04 00:00:00 e o escore de risco calculado é 0.46.

Solicitamos confirmação do status da entrega e previsão atualizada, quando aplicável.

Esta mensagem foi gerada pelo protótipo de monitoramento de compras públicas.",simulado
239,Fornecedor_20,Medicamentos,28233.21,2023-03-29,-1158,0.383203137635822,Baixa,prazo próximo do vencimento,Acompanhamento da OF 239 - prioridade Baixa,"Prezado fornecedor Fornecedor_20,

A Ordem de Fornecimento 239 apresenta prioridade Baixa no acompanhamento de entrega. O prazo registrado é 2023-03-29 00:00:00 e o escore de risco calculado é 0.38.

Solicitamos confirmação do status da entrega e previsão atualizada, quando aplicável.

Esta mensagem foi gerada pelo protótipo de monitoramento de compras públicas.",simulado
240,Fornecedor_12,Medicamentos,25555.53,2023-04-21,-1135,0.203547846492954,Baixa,prazo próximo do vencimento,Acompanhamento da OF 240 - prioridade Baixa,"Prezado fornecedor Fornecedor_12,

A Ordem de Fornecimento 240 apresenta prioridade Baixa no acompanhamento de entrega. O prazo registrado é 2023-04-21 00:00:00 e o escore de risco calculado é 0.20.

Solicitamos confirmação do status da entrega e previsão atualizada, quando aplicável.

Esta mensagem foi gerada pelo protótipo de monitoramento de compras públicas.",simulado
241,Fornecedor_9,Medicamentos,28016.66,2023-11-14,-928,0.1150060535610313,Baixa,prazo próximo do vencimento,Acompanhamento da OF 241 - prioridade Baixa,"Prezado fornecedor Fornecedor_9,

A Ordem de Fornecimento 241 apresenta prioridade Baixa no acompanhamento de entrega. O prazo registrado é 2023-11-14 00:00:00 e o escore de risco calculado é 0.12.

Solicitamos confirmação do status da entrega e previsão atualizada, quando aplicável.

Esta mensagem foi gerada pelo protótipo de monitoramento de compras públicas.",simulado
242,Fornecedor_2,Insumos,19427.52,2023-08-02,-1032,0.1915031844601857,Baixa,prazo próximo do vencimento,Acompanhamento da OF 242 - prioridade Baixa,"Prezado fornecedor Fornecedor_2,

A Ordem de Fornecimento 242 apresenta prioridade Baixa no acompanhamento de entrega. O prazo registrado é 2023-08-02 00:00:00 e o escore de risco calculado é 0.19.

Solicitamos confirmação do status da entrega e previsão atualizada, quando aplicável.

Esta mensagem foi gerada pelo protótipo de monitoramento de compras públicas.",simulado
243,Fornecedor_15,Tecnologia,11184.75,2023-07-24,-1041,0.7607135743362472,Alta,risco preditivo elevado; prazo próximo do vencimento,Acompanhamento da OF 243 - prioridade Alta,"Prezado fornecedor Fornecedor_15,

A Ordem de Fornecimento 243 apresenta prioridade Alta no acompanhamento de entrega. O prazo registrado é 2023-07-24 00:00:00 e o escore de risco calculado é 0.76.

Solicitamos confirmação do status da entrega e previsão atualizada, quando aplicável.

Esta mensagem foi gerada pelo protótipo de monitoramento de compras públicas.",simulado
244,Fornecedor_11,Tecnologia,10675.0,2023-08-14,-1020,0.0475253462790404,Baixa,prazo próximo do vencimento,Acompanhamento da OF 244 - prioridade Baixa,"Prezado fornecedor Fornecedor_11,

A Ordem de Fornecimento 244 apresenta prioridade Baixa no acompanhamento de entrega. O prazo registrado é 2023-08-14 00:00:00 e o escore de risco calculado é 0.05.

Solicitamos confirmação do status da entrega e previsão atualizada, quando aplicável.

Esta mensagem foi gerada pelo protótipo de monitoramento de compras públicas.",simulado
245,Fornecedor_13,Insumos,49912.77,2023-09-03,-1000,0.7285622432578135,Alta,risco preditivo elevado; prazo próximo do vencimento,Acompanhamento da OF 245 - prioridade Alta,"Prezado fornecedor Fornecedor_13,

A Ordem de Fornecimento 245 apresenta prioridade Alta no acompanhamento de entrega. O prazo registrado é 2023-09-03 00:00:00 e o escore de risco calculado é 0.73.

Solicitamos confirmação do status da entrega e previsão atualizada, quando aplicável.

Esta mensagem foi gerada pelo protótipo de monitoramento de compras públicas.",simulado
246,Fornecedor_2,Medicamentos,28240.86,2023-06-20,-1075,0.2031770628095186,Baixa,prazo próximo do vencimento,Acompanhamento da OF 246 - prioridade Baixa,"Prezado fornecedor Fornecedor_2,

A Ordem de Fornecimento 246 apresenta prioridade Baixa no acompanhamento de entrega. O prazo registrado é 2023-06-20 00:00:00 e o escore de risco calculado é 0.20.

Solicitamos confirmação do status da entrega e previsão atualizada, quando aplicável.

Esta mensagem foi gerada pelo protótipo de monitoramento de compras públicas.",simulado
247,Fornecedor_15,Equipamentos,47666.67,2023-06-02,-1093,0.3470375874249461,Baixa,prazo próximo do vencimento,Acompanhamento da OF 247 - prioridade Baixa,"Prezado fornecedor Fornecedor_15,

A Ordem de Fornecimento 247 apresenta prioridade Baixa no acompanhamento de entrega. O prazo registrado é 2023-06-02 00:00:00 e o escore de risco calculado é 0.35.

Solicitamos confirmação do status da entrega e previsão atualizada, quando aplicável.

Esta mensagem foi gerada pelo protótipo de monitoramento de compras públicas.",simulado
248,Fornecedor_14,Medicamentos,8131.68,2023-12-09,-903,0.4663195761185924,Média,prazo próximo do vencimento,Acompanhamento da OF 248 - prioridade Média,"Prezado fornecedor Fornecedor_14,

A Ordem de Fornecimento 248 apresenta prioridade Média no acompanhamento de entrega. O prazo registrado é 2023-12-09 00:00:00 e o escore de risco calculado é 0.47.

Solicitamos confirmação do status da entrega e previsão atualizada, quando aplicável.

Esta mensagem foi gerada pelo protótipo de monitoramento de compras públicas.",simulado
249,Fornecedor_20,Equipamentos,7681.83,2023-12-02,-910,0.6802267344831394,Média,prazo próximo do vencimento,Acompanhamento da OF 249 - prioridade Média,"Prezado fornecedor Fornecedor_20,

A Ordem de Fornecimento 249 apresenta prioridade Média no acompanhamento de entrega. O prazo registrado é 2023-12-02 00:00:00 e o escore de risco calculado é 0.68.

Solicitamos confirmação do status da entrega e previsão atualizada, quando aplicável.

Esta mensagem foi gerada pelo protótipo de monitoramento de compras públicas.",simulado
250,Fornecedor_19,Medicamentos,43429.34,2023-07-30,-1035,0.2945661012857437,Baixa,prazo próximo do vencimento,Acompanhamento da OF 250 - prioridade Baixa,"Prezado fornecedor Fornecedor_19,

A Ordem de Fornecimento 250 apresenta prioridade Baixa no acompanhamento de entrega. O prazo registrado é 2023-07-30 00:00:00 e o escore de risco calculado é 0.29.

Solicitamos confirmação do status da entrega e previsão atualizada, quando aplicável.

Esta mensagem foi gerada pelo protótipo de monitoramento de compras públicas.",simulado
251,Fornecedor_20,Insumos,40020.01,2023-08-01,-1033,0.7039452678928579,Alta,risco preditivo elevado; prazo próximo do vencimento,Acompanhamento da OF 251 - prioridade Alta,"Prezado fornecedor Fornecedor_20,

A Ordem de Fornecimento 251 apresenta prioridade Alta no acompanhamento de entrega. O prazo registrado é 2023-08-01 00:00:00 e o escore de risco calculado é 0.70.

Solicitamos confirmação do status da entrega e previsão atualizada, quando aplicável.

Esta mensagem foi gerada pelo protótipo de monitoramento de compras públicas.",simulado
252,Fornecedor_10,Equipamentos,15148.07,2023-06-13,-1082,0.7510859804501632,Alta,risco preditivo elevado; prazo próximo do vencimento,Acompanhamento da OF 252 - prioridade Alta,"Prezado fornecedor Fornecedor_10,

A Ordem de Fornecimento 252 apresenta prioridade Alta no acompanhamento de entrega. O prazo registrado é 2023-06-13 00:00:00 e o escore de risco calculado é 0.75.

Solicitamos confirmação do status da entrega e previsão atualizada, quando aplicável.

Esta mensagem foi gerada pelo protótipo de monitoramento de compras públicas.",simulado
253,Fornecedor_13,Equipamentos,47709.51,2023-07-07,-1058,0.3190039538954981,Baixa,prazo próximo do vencimento,Acompanhamento da OF 253 - prioridade Baixa,"Prezado fornecedor Fornecedor_13,

A Ordem de Fornecimento 253 apresenta prioridade Baixa no acompanhamento de entrega. O prazo registrado é 2023-07-07 00:00:00 e o escore de risco calculado é 0.32.

Solicitamos confirmação do status da entrega e previsão atualizada, quando aplicável.

Esta mensagem foi gerada pelo protótipo de monitoramento de compras públicas.",simulado
254,Fornecedor_14,Insumos,24518.64,2023-07-05,-1060,0.2862869326138976,Baixa,prazo próximo do vencimento,Acompanhamento da OF 254 - prioridade Baixa,"Prezado fornecedor Fornecedor_14,

A Ordem de Fornecimento 254 apresenta prioridade Baixa no acompanhamento de entrega. O prazo registrado é 2023-07-05 00:00:00 e o escore de risco calculado é 0.29.

Solicitamos confirmação do status da entrega e previsão atualizada, quando aplicável.

Esta mensagem foi gerada pelo protótipo de monitoramento de compras públicas.",simulado
255,Fornecedor_6,Tecnologia,49066.12,2023-06-12,-1083,0.386174584352916,Baixa,prazo próximo do vencimento,Acompanhamento da OF 255 - prioridade Baixa,"Prezado fornecedor Fornecedor_6,

A Ordem de Fornecimento 255 apresenta prioridade Baixa no acompanhamento de entrega. O prazo registrado é 2023-06-12 00:00:00 e o escore de risco calculado é 0.39.

Solicitamos confirmação do status da entrega e previsão atualizada, quando aplicável.

Esta mensagem foi gerada pelo protótipo de monitoramento de compras públicas.",simulado
256,Fornecedor_20,Tecnologia,15357.68,2023-06-16,-1079,0.3642032743527174,Baixa,prazo próximo do vencimento,Acompanhamento da OF 256 - prioridade Baixa,"Prezado fornecedor Fornecedor_20,

A Ordem de Fornecimento 256 apresenta prioridade Baixa no acompanhamento de entrega. O prazo registrado é 2023-06-16 00:00:00 e o escore de risco calculado é 0.36.

Solicitamos confirmação do status da entrega e previsão atualizada, quando aplicável.

Esta mensagem foi gerada pelo protótipo de monitoramento de compras públicas.",simulado
257,Fornecedor_18,Insumos,7699.06,2023-11-07,-935,0.2550338585584477,Baixa,prazo próximo do vencimento,Acompanhamento da OF 257 - prioridade Baixa,"Prezado fornecedor Fornecedor_18,

A Ordem de Fornecimento 257 apresenta prioridade Baixa no acompanhamento de entrega. O prazo registrado é 2023-11-07 00:00:00 e o escore de risco calculado é 0.26.

Solicitamos confirmação do status da entrega e previsão atualizada, quando aplicável.

Esta mensagem foi gerada pelo protótipo de monitoramento de compras públicas.",simulado
258,Fornecedor_7,Equipamentos,43840.61,2023-06-26,-1069,0.5396421461957875,Média,prazo próximo do vencimento,Acompanhamento da OF 258 - prioridade Média,"Prezado fornecedor Fornecedor_7,

A Ordem de Fornecimento 258 apresenta prioridade Média no acompanhamento de entrega. O prazo registrado é 2023-06-26 00:00:00 e o escore de risco calculado é 0.54.

Solicitamos confirmação do status da entrega e previsão atualizada, quando aplicável.

Esta mensagem foi gerada pelo protótipo de monitoramento de compras públicas.",simulado
259,Fornecedor_16,Tecnologia,9329.88,2023-08-01,-1033,0.2236902950206484,Baixa,prazo próximo do vencimento,Acompanhamento da OF 259 - prioridade Baixa,"Prezado fornecedor Fornecedor_16,

A Ordem de Fornecimento 259 apresenta prioridade Baixa no acompanhamento de entrega. O prazo registrado é 2023-08-01 00:00:00 e o escore de risco calculado é 0.22.

Solicitamos confirmação do status da entrega e previsão atualizada, quando aplicável.

Esta mensagem foi gerada pelo protótipo de monitoramento de compras públicas.",simulado
260,Fornecedor_11,Equipamentos,18914.69,2023-11-28,-914,0.1534447407369489,Baixa,prazo próximo do vencimento,Acompanhamento da OF 260 - prioridade Baixa,"Prezado fornecedor Fornecedor_11,

A Ordem de Fornecimento 260 apresenta prioridade Baixa no acompanhamento de entrega. O prazo registrado é 2023-11-28 00:00:00 e o escore de risco calculado é 0.15.

Solicitamos confirmação do status da entrega e previsão atualizada, quando aplicável.

Esta mensagem foi gerada pelo protótipo de monitoramento de compras públicas.",simulado
261,Fornecedor_1,Medicamentos,13653.6,2023-06-27,-1068,0.2732630182202157,Baixa,prazo próximo do vencimento,Acompanhamento da OF 261 - prioridade Baixa,"Prezado fornecedor Fornecedor_1,

A Ordem de Fornecimento 261 apresenta prioridade Baixa no acompanhamento de entrega. O prazo registrado é 2023-06-27 00:00:00 e o escore de risco calculado é 0.27.

Solicitamos confirmação do status da entrega e previsão atualizada, quando aplicável.

Esta mensagem foi gerada pelo protótipo de monitoramento de compras públicas.",simulado
262,Fornecedor_20,Tecnologia,46334.95,2023-09-12,-991,0.3673792324780187,Baixa,prazo próximo do vencimento,Acompanhamento da OF 262 - prioridade Baixa,"Prezado fornecedor Fornecedor_20,

A Ordem de Fornecimento 262 apresenta prioridade Baixa no acompanhamento de entrega. O prazo registrado é 2023-09-12 00:00:00 e o escore de risco calculado é 0.37.

Solicitamos confirmação do status da entrega e previsão atualizada, quando aplicável.

Esta mensagem foi gerada pelo protótipo de monitoramento de compras públicas.",simulado
263,Fornecedor_10,Equipamentos,42661.42,2023-09-10,-993,0.1470576569609096,Baixa,prazo próximo do vencimento,Acompanhamento da OF 263 - prioridade Baixa,"Prezado fornecedor Fornecedor_10,

A Ordem de Fornecimento 263 apresenta prioridade Baixa no acompanhamento de entrega. O prazo registrado é 2023-09-10 00:00:00 e o escore de risco calculado é 0.15.

Solicitamos confirmação do status da entrega e previsão atualizada, quando aplicável.

Esta mensagem foi gerada pelo protótipo de monitoramento de compras públicas.",simulado
264,Fornecedor_19,Equipamentos,26575.96,2023-02-26,-1189,0.2467493909188212,Baixa,prazo próximo do vencimento,Acompanhamento da OF 264 - prioridade Baixa,"Prezado fornecedor Fornecedor_19,

A Ordem de Fornecimento 264 apresenta prioridade Baixa no acompanhamento de entrega. O prazo registrado é 2023-02-26 00:00:00 e o escore de risco calculado é 0.25.

Solicitamos confirmação do status da entrega e previsão atualizada, quando aplicável.

Esta mensagem foi gerada pelo protótipo de monitoramento de compras públicas.",simulado
265,Fornecedor_9,Medicamentos,14529.45,2023-07-18,-1047,0.2016809687759135,Baixa,prazo próximo do vencimento,Acompanhamento da OF 265 - prioridade Baixa,"Prezado fornecedor Fornecedor_9,

A Ordem de Fornecimento 265 apresenta prioridade Baixa no acompanhamento de entrega. O prazo registrado é 2023-07-18 00:00:00 e o escore de risco calculado é 0.20.

Solicitamos confirmação do status da entrega e previsão atualizada, quando aplicável.

Esta mensagem foi gerada pelo protótipo de monitoramento de compras públicas.",simulado
266,Fornecedor_6,Insumos,43126.51,2023-11-14,-928,0.1636359359294824,Baixa,prazo próximo do vencimento,Acompanhamento da OF 266 - prioridade Baixa,"Prezado fornecedor Fornecedor_6,

A Ordem de Fornecimento 266 apresenta prioridade Baixa no acompanhamento de entrega. O prazo registrado é 2023-11-14 00:00:00 e o escore de risco calculado é 0.16.

Solicitamos confirmação do status da entrega e previsão atualizada, quando aplicável.

Esta mensagem foi gerada pelo protótipo de monitoramento de compras públicas.",simulado
267,Fornecedor_3,Tecnologia,15961.28,2023-05-05,-1121,0.1734678316295524,Baixa,prazo próximo do vencimento,Acompanhamento da OF 267 - prioridade Baixa,"Prezado fornecedor Fornecedor_3,

A Ordem de Fornecimento 267 apresenta prioridade Baixa no acompanhamento de entrega. O prazo registrado é 2023-05-05 00:00:00 e o escore de risco calculado é 0.17.

Solicitamos confirmação do status da entrega e previsão atualizada, quando aplicável.

Esta mensagem foi gerada pelo protótipo de monitoramento de compras públicas.",simulado
268,Fornecedor_17,Insumos,10608.8,2023-07-13,-1052,0.1581995191972316,Baixa,prazo próximo do vencimento,Acompanhamento da OF 268 - prioridade Baixa,"Prezado fornecedor Fornecedor_17,

A Ordem de Fornecimento 268 apresenta prioridade Baixa no acompanhamento de entrega. O prazo registrado é 2023-07-13 00:00:00 e o escore de risco calculado é 0.16.

Solicitamos confirmação do status da entrega e previsão atualizada, quando aplicável.

Esta mensagem foi gerada pelo protótipo de monitoramento de compras públicas.",simulado
269,Fornecedor_10,Equipamentos,10473.11,2023-09-24,-979,0.2775697522795205,Baixa,prazo próximo do vencimento,Acompanhamento da OF 269 - prioridade Baixa,"Prezado fornecedor Fornecedor_10,

A Ordem de Fornecimento 269 apresenta prioridade Baixa no acompanhamento de entrega. O prazo registrado é 2023-09-24 00:00:00 e o escore de risco calculado é 0.28.

Solicitamos confirmação do status da entrega e previsão atualizada, quando aplicável.

Esta mensagem foi gerada pelo protótipo de monitoramento de compras públicas.",simulado
270,Fornecedor_4,Equipamentos,35657.99,2023-12-16,-896,0.260494760029353,Baixa,prazo próximo do vencimento,Acompanhamento da OF 270 - prioridade Baixa,"Prezado fornecedor Fornecedor_4,

A Ordem de Fornecimento 270 apresenta prioridade Baixa no acompanhamento de entrega. O prazo registrado é 2023-12-16 00:00:00 e o escore de risco calculado é 0.26.

Solicitamos confirmação do status da entrega e previsão atualizada, quando aplicável.

Esta mensagem foi gerada pelo protótipo de monitoramento de compras públicas.",simulado
271,Fornecedor_5,Medicamentos,22098.02,2023-10-15,-958,0.2273678809672485,Baixa,prazo próximo do vencimento,Acompanhamento da OF 271 - prioridade Baixa,"Prezado fornecedor Fornecedor_5,

A Ordem de Fornecimento 271 apresenta prioridade Baixa no acompanhamento de entrega. O prazo registrado é 2023-10-15 00:00:00 e o escore de risco calculado é 0.23.

Solicitamos confirmação do status da entrega e previsão atualizada, quando aplicável.

Esta mensagem foi gerada pelo protótipo de monitoramento de compras públicas.",simulado
272,Fornecedor_11,Equipamentos,27204.54,2023-10-23,-950,0.0581561714473222,Baixa,prazo próximo do vencimento,Acompanhamento da OF 272 - prioridade Baixa,"Prezado fornecedor Fornecedor_11,

A Ordem de Fornecimento 272 apresenta prioridade Baixa no acompanhamento de entrega. O prazo registrado é 2023-10-23 00:00:00 e o escore de risco calculado é 0.06.

Solicitamos confirmação do status da entrega e previsão atualizada, quando aplicável.

Esta mensagem foi gerada pelo protótipo de monitoramento de compras públicas.",simulado
273,Fornecedor_11,Medicamentos,47268.72,2023-10-12,-961,0.0340625743218587,Baixa,prazo próximo do vencimento,Acompanhamento da OF 273 - prioridade Baixa,"Prezado fornecedor Fornecedor_11,

A Ordem de Fornecimento 273 apresenta prioridade Baixa no acompanhamento de entrega. O prazo registrado é 2023-10-12 00:00:00 e o escore de risco calculado é 0.03.

Solicitamos confirmação do status da entrega e previsão atualizada, quando aplicável.

Esta mensagem foi gerada pelo protótipo de monitoramento de compras públicas.",simulado
274,Fornecedor_15,Tecnologia,11070.2,2023-04-29,-1127,0.7765795485474313,Alta,risco preditivo elevado; prazo próximo do vencimento,Acompanhamento da OF 274 - prioridade Alta,"Prezado fornecedor Fornecedor_15,

A Ordem de Fornecimento 274 apresenta prioridade Alta no acompanhamento de entrega. O prazo registrado é 2023-04-29 00:00:00 e o escore de risco calculado é 0.78.

Solicitamos confirmação do status da entrega e previsão atualizada, quando aplicável.

Esta mensagem foi gerada pelo protótipo de monitoramento de compras públicas.",simulado
275,Fornecedor_13,Medicamentos,10910.7,2023-08-25,-1009,0.1059450601468609,Baixa,prazo próximo do vencimento,Acompanhamento da OF 275 - prioridade Baixa,"Prezado fornecedor Fornecedor_13,

A Ordem de Fornecimento 275 apresenta prioridade Baixa no acompanhamento de entrega. O prazo registrado é 2023-08-25 00:00:00 e o escore de risco calculado é 0.11.

Solicitamos confirmação do status da entrega e previsão atualizada, quando aplicável.

Esta mensagem foi gerada pelo protótipo de monitoramento de compras públicas.",simulado
276,Fornecedor_16,Insumos,7744.8,2023-03-10,-1177,0.2881953519009961,Baixa,prazo próximo do vencimento,Acompanhamento da OF 276 - prioridade Baixa,"Prezado fornecedor Fornecedor_16,

A Ordem de Fornecimento 276 apresenta prioridade Baixa no acompanhamento de entrega. O prazo registrado é 2023-03-10 00:00:00 e o escore de risco calculado é 0.29.

Solicitamos confirmação do status da entrega e previsão atualizada, quando aplicável.

Esta mensagem foi gerada pelo protótipo de monitoramento de compras públicas.",simulado
277,Fornecedor_19,Tecnologia,48500.9,2023-06-08,-1087,0.4338390263317924,Média,prazo próximo do vencimento,Acompanhamento da OF 277 - prioridade Média,"Prezado fornecedor Fornecedor_19,

A Ordem de Fornecimento 277 apresenta prioridade Média no acompanhamento de entrega. O prazo registrado é 2023-06-08 00:00:00 e o escore de risco calculado é 0.43.

Solicitamos confirmação do status da entrega e previsão atualizada, quando aplicável.

Esta mensagem foi gerada pelo protótipo de monitoramento de compras públicas.",simulado
278,Fornecedor_3,Equipamentos,22786.82,2023-05-27,-1099,0.3576255043927298,Baixa,prazo próximo do vencimento,Acompanhamento da OF 278 - prioridade Baixa,"Prezado fornecedor Fornecedor_3,

A Ordem de Fornecimento 278 apresenta prioridade Baixa no acompanhamento de entrega. O prazo registrado é 2023-05-27 00:00:00 e o escore de risco calculado é 0.36.

Solicitamos confirmação do status da entrega e previsão atualizada, quando aplicável.

Esta mensagem foi gerada pelo protótipo de monitoramento de compras públicas.",simulado
279,Fornecedor_6,Tecnologia,28036.38,2023-12-09,-903,0.3205371051719883,Baixa,prazo próximo do vencimento,Acompanhamento da OF 279 - prioridade Baixa,"Prezado fornecedor Fornecedor_6,

A Ordem de Fornecimento 279 apresenta prioridade Baixa no acompanhamento de entrega. O prazo registrado é 2023-12-09 00:00:00 e o escore de risco calculado é 0.32.

Solicitamos confirmação do status da entrega e previsão atualizada, quando aplicável.

Esta mensagem foi gerada pelo protótipo de monitoramento de compras públicas.",simulado
280,Fornecedor_5,Insumos,11130.66,2023-10-04,-969,0.3271228048831407,Baixa,prazo próximo do vencimento,Acompanhamento da OF 280 - prioridade Baixa,"Prezado fornecedor Fornecedor_5,

A Ordem de Fornecimento 280 apresenta prioridade Baixa no acompanhamento de entrega. O prazo registrado é 2023-10-04 00:00:00 e o escore de risco calculado é 0.33.

Solicitamos confirmação do status da entrega e previsão atualizada, quando aplicável.

Esta mensagem foi gerada pelo protótipo de monitoramento de compras públicas.",simulado
281,Fornecedor_19,Equipamentos,44809.61,2023-07-22,-1043,0.1535792536801331,Baixa,prazo próximo do vencimento,Acompanhamento da OF 281 - prioridade Baixa,"Prezado fornecedor Fornecedor_19,

A Ordem de Fornecimento 281 apresenta prioridade Baixa no acompanhamento de entrega. O prazo registrado é 2023-07-22 00:00:00 e o escore de risco calculado é 0.15.

Solicitamos confirmação do status da entrega e previsão atualizada, quando aplicável.

Esta mensagem foi gerada pelo protótipo de monitoramento de compras públicas.",simulado
282,Fornecedor_6,Tecnologia,27494.95,2023-01-28,-1218,0.6925230870799481,Alta,prazo próximo do vencimento,Acompanhamento da OF 282 - prioridade Alta,"Prezado fornecedor Fornecedor_6,

A Ordem de Fornecimento 282 apresenta prioridade Alta no acompanhamento de entrega. O prazo registrado é 2023-01-28 00:00:00 e o escore de risco calculado é 0.69.

Solicitamos confirmação do status da entrega e previsão atualizada, quando aplicável.

Esta mensagem foi gerada pelo protótipo de monitoramento de compras públicas.",simulado
283,Fornecedor_20,Medicamentos,12318.87,2023-07-18,-1047,0.6019514572632088,Média,prazo próximo do vencimento,Acompanhamento da OF 283 - prioridade Média,"Prezado fornecedor Fornecedor_20,

A Ordem de Fornecimento 283 apresenta prioridade Média no acompanhamento de entrega. O prazo registrado é 2023-07-18 00:00:00 e o escore de risco calculado é 0.60.

Solicitamos confirmação do status da entrega e previsão atualizada, quando aplicável.

Esta mensagem foi gerada pelo protótipo de monitoramento de compras públicas.",simulado
284,Fornecedor_5,Tecnologia,26967.39,2023-05-31,-1095,0.5861746506272152,Média,prazo próximo do vencimento,Acompanhamento da OF 284 - prioridade Média,"Prezado fornecedor Fornecedor_5,

A Ordem de Fornecimento 284 apresenta prioridade Média no acompanhamento de entrega. O prazo registrado é 2023-05-31 00:00:00 e o escore de risco calculado é 0.59.

Solicitamos confirmação do status da entrega e previsão atualizada, quando aplicável.

Esta mensagem foi gerada pelo protótipo de monitoramento de compras públicas.",simulado
285,Fornecedor_20,Medicamentos,35793.47,2023-12-16,-896,0.237708001063655,Baixa,prazo próximo do vencimento,Acompanhamento da OF 285 - prioridade Baixa,"Prezado fornecedor Fornecedor_20,

A Ordem de Fornecimento 285 apresenta prioridade Baixa no acompanhamento de entrega. O prazo registrado é 2023-12-16 00:00:00 e o escore de risco calculado é 0.24.

Solicitamos confirmação do status da entrega e previsão atualizada, quando aplicável.

Esta mensagem foi gerada pelo protótipo de monitoramento de compras públicas.",simulado
286,Fornecedor_19,Medicamentos,24491.65,2023-08-16,-1018,0.1349178165038413,Baixa,prazo próximo do vencimento,Acompanhamento da OF 286 - prioridade Baixa,"Prezado fornecedor Fornecedor_19,

A Ordem de Fornecimento 286 apresenta prioridade Baixa no acompanhamento de entrega. O prazo registrado é 2023-08-16 00:00:00 e o escore de risco calculado é 0.13.

Solicitamos confirmação do status da entrega e previsão atualizada, quando aplicável.

Esta mensagem foi gerada pelo protótipo de monitoramento de compras públicas.",simulado
287,Fornecedor_1,Insumos,24673.93,2023-03-02,-1185,0.2536224052546572,Baixa,prazo próximo do vencimento,Acompanhamento da OF 287 - prioridade Baixa,"Prezado fornecedor Fornecedor_1,

A Ordem de Fornecimento 287 apresenta prioridade Baixa no acompanhamento de entrega. O prazo registrado é 2023-03-02 00:00:00 e o escore de risco calculado é 0.25.

Solicitamos confirmação do status da entrega e previsão atualizada, quando aplicável.

Esta mensagem foi gerada pelo protótipo de monitoramento de compras públicas.",simulado
288,Fornecedor_6,Medicamentos,12858.58,2023-03-30,-1157,0.6819099200257478,Média,prazo próximo do vencimento,Acompanhamento da OF 288 - prioridade Média,"Prezado fornecedor Fornecedor_6,

A Ordem de Fornecimento 288 apresenta prioridade Média no acompanhamento de entrega. O prazo registrado é 2023-03-30 00:00:00 e o escore de risco calculado é 0.68.

Solicitamos confirmação do status da entrega e previsão atualizada, quando aplicável.

Esta mensagem foi gerada pelo protótipo de monitoramento de compras públicas.",simulado
289,Fornecedor_15,Tecnologia,46984.36,2023-02-05,-1210,0.6254264942686096,Média,prazo próximo do vencimento,Acompanhamento da OF 289 - prioridade Média,"Prezado fornecedor Fornecedor_15,

A Ordem de Fornecimento 289 apresenta prioridade Média no acompanhamento de entrega. O prazo registrado é 2023-02-05 00:00:00 e o escore de risco calculado é 0.63.

Solicitamos confirmação do status da entrega e previsão atualizada, quando aplicável.

Esta mensagem foi gerada pelo protótipo de monitoramento de compras públicas.",simulado
290,Fornecedor_6,Medicamentos,40848.22,2023-07-30,-1035,0.2754822115940793,Baixa,prazo próximo do vencimento,Acompanhamento da OF 290 - prioridade Baixa,"Prezado fornecedor Fornecedor_6,

A Ordem de Fornecimento 290 apresenta prioridade Baixa no acompanhamento de entrega. O prazo registrado é 2023-07-30 00:00:00 e o escore de risco calculado é 0.28.

Solicitamos confirmação do status da entrega e previsão atualizada, quando aplicável.

Esta mensagem foi gerada pelo protótipo de monitoramento de compras públicas.",simulado
291,Fornecedor_10,Insumos,30389.6,2023-06-11,-1084,0.7321540048489752,Alta,risco preditivo elevado; prazo próximo do vencimento,Acompanhamento da OF 291 - prioridade Alta,"Prezado fornecedor Fornecedor_10,

A Ordem de Fornecimento 291 apresenta prioridade Alta no acompanhamento de entrega. O prazo registrado é 2023-06-11 00:00:00 e o escore de risco calculado é 0.73.

Solicitamos confirmação do status da entrega e previsão atualizada, quando aplicável.

Esta mensagem foi gerada pelo protótipo de monitoramento de compras públicas.",simulado
292,Fornecedor_11,Tecnologia,26764.34,2023-11-24,-918,0.110180758222805,Baixa,prazo próximo do vencimento,Acompanhamento da OF 292 - prioridade Baixa,"Prezado fornecedor Fornecedor_11,

A Ordem de Fornecimento 292 apresenta prioridade Baixa no acompanhamento de entrega. O prazo registrado é 2023-11-24 00:00:00 e o escore de risco calculado é 0.11.

Solicitamos confirmação do status da entrega e previsão atualizada, quando aplicável.

Esta mensagem foi gerada pelo protótipo de monitoramento de compras públicas.",simulado
293,Fornecedor_3,Medicamentos,30952.62,2023-08-24,-1010,0.5617188558208056,Média,prazo próximo do vencimento,Acompanhamento da OF 293 - prioridade Média,"Prezado fornecedor Fornecedor_3,

A Ordem de Fornecimento 293 apresenta prioridade Média no acompanhamento de entrega. O prazo registrado é 2023-08-24 00:00:00 e o escore de risco calculado é 0.56.

Solicitamos confirmação do status da entrega e previsão atualizada, quando aplicável.

Esta mensagem foi gerada pelo protótipo de monitoramento de compras públicas.",simulado
294,Fornecedor_18,Tecnologia,28181.08,2023-05-04,-1122,0.3247024704506803,Baixa,prazo próximo do vencimento,Acompanhamento da OF 294 - prioridade Baixa,"Prezado fornecedor Fornecedor_18,

A Ordem de Fornecimento 294 apresenta prioridade Baixa no acompanhamento de entrega. O prazo registrado é 2023-05-04 00:00:00 e o escore de risco calculado é 0.32.

Solicitamos confirmação do status da entrega e previsão atualizada, quando aplicável.

Esta mensagem foi gerada pelo protótipo de monitoramento de compras públicas.",simulado
295,Fornecedor_17,Tecnologia,38885.97,2023-09-11,-992,0.3430760326920443,Baixa,prazo próximo do vencimento,Acompanhamento da OF 295 - prioridade Baixa,"Prezado fornecedor Fornecedor_17,

A Ordem de Fornecimento 295 apresenta prioridade Baixa no acompanhamento de entrega. O prazo registrado é 2023-09-11 00:00:00 e o escore de risco calculado é 0.34.

Solicitamos confirmação do status da entrega e previsão atualizada, quando aplicável.

Esta mensagem foi gerada pelo protótipo de monitoramento de compras públicas.",simulado
296,Fornecedor_19,Equipamentos,49123.25,2023-03-04,-1183,0.2534529983772789,Baixa,prazo próximo do vencimento,Acompanhamento da OF 296 - prioridade Baixa,"Prezado fornecedor Fornecedor_19,

A Ordem de Fornecimento 296 apresenta prioridade Baixa no acompanhamento de entrega. O prazo registrado é 2023-03-04 00:00:00 e o escore de risco calculado é 0.25.

Solicitamos confirmação do status da entrega e previsão atualizada, quando aplicável.

Esta mensagem foi gerada pelo protótipo de monitoramento de compras públicas.",simulado
297,Fornecedor_18,Equipamentos,46605.11,2023-02-26,-1189,0.7173298493634906,Alta,risco preditivo elevado; prazo próximo do vencimento,Acompanhamento da OF 297 - prioridade Alta,"Prezado fornecedor Fornecedor_18,

A Ordem de Fornecimento 297 apresenta prioridade Alta no acompanhamento de entrega. O prazo registrado é 2023-02-26 00:00:00 e o escore de risco calculado é 0.72.

Solicitamos confirmação do status da entrega e previsão atualizada, quando aplicável.

Esta mensagem foi gerada pelo protótipo de monitoramento de compras públicas.",simulado
298,Fornecedor_5,Tecnologia,13500.13,2023-06-12,-1083,0.6608200632102866,Média,prazo próximo do vencimento,Acompanhamento da OF 298 - prioridade Média,"Prezado fornecedor Fornecedor_5,

A Ordem de Fornecimento 298 apresenta prioridade Média no acompanhamento de entrega. O prazo registrado é 2023-06-12 00:00:00 e o escore de risco calculado é 0.66.

Solicitamos confirmação do status da entrega e previsão atualizada, quando aplicável.

Esta mensagem foi gerada pelo protótipo de monitoramento de compras públicas.",simulado
299,Fornecedor_11,Equipamentos,22686.74,2023-12-07,-905,0.1269157342631318,Baixa,prazo próximo do vencimento,Acompanhamento da OF 299 - prioridade Baixa,"Prezado fornecedor Fornecedor_11,

A Ordem de Fornecimento 299 apresenta prioridade Baixa no acompanhamento de entrega. O prazo registrado é 2023-12-07 00:00:00 e o escore de risco calculado é 0.13.

Solicitamos confirmação do status da entrega e previsão atualizada, quando aplicável.

Esta mensagem foi gerada pelo protótipo de monitoramento de compras públicas.",simulado
300,Fornecedor_2,Equipamentos,3177.08,2023-01-19,-1227,0.4841978388834974,Média,prazo próximo do vencimento,Acompanhamento da OF 300 - prioridade Média,"Prezado fornecedor Fornecedor_2,

A Ordem de Fornecimento 300 apresenta prioridade Média no acompanhamento de entrega. O prazo registrado é 2023-01-19 00:00:00 e o escore de risco calculado é 0.48.

Solicitamos confirmação do status da entrega e previsão atualizada, quando aplicável.

Esta mensagem foi gerada pelo protótipo de monitoramento de compras públicas.",simulado
301,Fornecedor_17,Medicamentos,34421.48,2023-11-27,-915,0.6443981918112481,Média,prazo próximo do vencimento,Acompanhamento da OF 301 - prioridade Média,"Prezado fornecedor Fornecedor_17,

A Ordem de Fornecimento 301 apresenta prioridade Média no acompanhamento de entrega. O prazo registrado é 2023-11-27 00:00:00 e o escore de risco calculado é 0.64.

Solicitamos confirmação do status da entrega e previsão atualizada, quando aplicável.

Esta mensagem foi gerada pelo protótipo de monitoramento de compras públicas.",simulado
302,Fornecedor_16,Medicamentos,35379.08,2023-08-09,-1025,0.6311953763119892,Média,prazo próximo do vencimento,Acompanhamento da OF 302 - prioridade Média,"Prezado fornecedor Fornecedor_16,

A Ordem de Fornecimento 302 apresenta prioridade Média no acompanhamento de entrega. O prazo registrado é 2023-08-09 00:00:00 e o escore de risco calculado é 0.63.

Solicitamos confirmação do status da entrega e previsão atualizada, quando aplicável.

Esta mensagem foi gerada pelo protótipo de monitoramento de compras públicas.",simulado
303,Fornecedor_6,Tecnologia,46942.81,2023-05-16,-1110,0.6621639297413429,Média,prazo próximo do vencimento,Acompanhamento da OF 303 - prioridade Média,"Prezado fornecedor Fornecedor_6,

A Ordem de Fornecimento 303 apresenta prioridade Média no acompanhamento de entrega. O prazo registrado é 2023-05-16 00:00:00 e o escore de risco calculado é 0.66.

Solicitamos confirmação do status da entrega e previsão atualizada, quando aplicável.

Esta mensagem foi gerada pelo protótipo de monitoramento de compras públicas.",simulado
304,Fornecedor_7,Tecnologia,15209.27,2023-03-02,-1185,0.3211276599993521,Baixa,prazo próximo do vencimento,Acompanhamento da OF 304 - prioridade Baixa,"Prezado fornecedor Fornecedor_7,

A Ordem de Fornecimento 304 apresenta prioridade Baixa no acompanhamento de entrega. O prazo registrado é 2023-03-02 00:00:00 e o escore de risco calculado é 0.32.

Solicitamos confirmação do status da entrega e previsão atualizada, quando aplicável.

Esta mensagem foi gerada pelo protótipo de monitoramento de compras públicas.",simulado
305,Fornecedor_2,Insumos,11582.99,2023-11-13,-929,0.0838616903126482,Baixa,prazo próximo do vencimento,Acompanhamento da OF 305 - prioridade Baixa,"Prezado fornecedor Fornecedor_2,

A Ordem de Fornecimento 305 apresenta prioridade Baixa no acompanhamento de entrega. O prazo registrado é 2023-11-13 00:00:00 e o escore de risco calculado é 0.08.

Solicitamos confirmação do status da entrega e previsão atualizada, quando aplicável.

Esta mensagem foi gerada pelo protótipo de monitoramento de compras públicas.",simulado
306,Fornecedor_1,Tecnologia,38697.49,2023-04-17,-1139,0.411357406018572,Média,prazo próximo do vencimento,Acompanhamento da OF 306 - prioridade Média,"Prezado fornecedor Fornecedor_1,

A Ordem de Fornecimento 306 apresenta prioridade Média no acompanhamento de entrega. O prazo registrado é 2023-04-17 00:00:00 e o escore de risco calculado é 0.41.

Solicitamos confirmação do status da entrega e previsão atualizada, quando aplicável.

Esta mensagem foi gerada pelo protótipo de monitoramento de compras públicas.",simulado
307,Fornecedor_16,Tecnologia,17296.42,2023-05-12,-1114,0.2475924131230424,Baixa,prazo próximo do vencimento,Acompanhamento da OF 307 - prioridade Baixa,"Prezado fornecedor Fornecedor_16,

A Ordem de Fornecimento 307 apresenta prioridade Baixa no acompanhamento de entrega. O prazo registrado é 2023-05-12 00:00:00 e o escore de risco calculado é 0.25.

Solicitamos confirmação do status da entrega e previsão atualizada, quando aplicável.

Esta mensagem foi gerada pelo protótipo de monitoramento de compras públicas.",simulado
308,Fornecedor_19,Tecnologia,12909.31,2023-09-20,-983,0.747025459365744,Alta,risco preditivo elevado; prazo próximo do vencimento,Acompanhamento da OF 308 - prioridade Alta,"Prezado fornecedor Fornecedor_19,

A Ordem de Fornecimento 308 apresenta prioridade Alta no acompanhamento de entrega. O prazo registrado é 2023-09-20 00:00:00 e o escore de risco calculado é 0.75.

Solicitamos confirmação do status da entrega e previsão atualizada, quando aplicável.

Esta mensagem foi gerada pelo protótipo de monitoramento de compras públicas.",simulado
309,Fornecedor_3,Equipamentos,12235.86,2023-12-15,-897,0.219311592149046,Baixa,prazo próximo do vencimento,Acompanhamento da OF 309 - prioridade Baixa,"Prezado fornecedor Fornecedor_3,

A Ordem de Fornecimento 309 apresenta prioridade Baixa no acompanhamento de entrega. O prazo registrado é 2023-12-15 00:00:00 e o escore de risco calculado é 0.22.

Solicitamos confirmação do status da entrega e previsão atualizada, quando aplicável.

Esta mensagem foi gerada pelo protótipo de monitoramento de compras públicas.",simulado
310,Fornecedor_10,Insumos,47254.78,2023-09-06,-997,0.2678372658428221,Baixa,prazo próximo do vencimento,Acompanhamento da OF 310 - prioridade Baixa,"Prezado fornecedor Fornecedor_10,

A Ordem de Fornecimento 310 apresenta prioridade Baixa no acompanhamento de entrega. O prazo registrado é 2023-09-06 00:00:00 e o escore de risco calculado é 0.27.

Solicitamos confirmação do status da entrega e previsão atualizada, quando aplicável.

Esta mensagem foi gerada pelo protótipo de monitoramento de compras públicas.",simulado
311,Fornecedor_13,Tecnologia,49161.62,2023-07-15,-1050,0.3475908263208903,Baixa,prazo próximo do vencimento,Acompanhamento da OF 311 - prioridade Baixa,"Prezado fornecedor Fornecedor_13,

A Ordem de Fornecimento 311 apresenta prioridade Baixa no acompanhamento de entrega. O prazo registrado é 2023-07-15 00:00:00 e o escore de risco calculado é 0.35.

Solicitamos confirmação do status da entrega e previsão atualizada, quando aplicável.

Esta mensagem foi gerada pelo protótipo de monitoramento de compras públicas.",simulado
312,Fornecedor_18,Medicamentos,38392.67,2023-07-24,-1041,0.3544314562003478,Baixa,prazo próximo do vencimento,Acompanhamento da OF 312 - prioridade Baixa,"Prezado fornecedor Fornecedor_18,

A Ordem de Fornecimento 312 apresenta prioridade Baixa no acompanhamento de entrega. O prazo registrado é 2023-07-24 00:00:00 e o escore de risco calculado é 0.35.

Solicitamos confirmação do status da entrega e previsão atualizada, quando aplicável.

Esta mensagem foi gerada pelo protótipo de monitoramento de compras públicas.",simulado
313,Fornecedor_7,Medicamentos,45682.65,2023-04-06,-1150,0.6297426407327952,Média,prazo próximo do vencimento,Acompanhamento da OF 313 - prioridade Média,"Prezado fornecedor Fornecedor_7,

A Ordem de Fornecimento 313 apresenta prioridade Média no acompanhamento de entrega. O prazo registrado é 2023-04-06 00:00:00 e o escore de risco calculado é 0.63.

Solicitamos confirmação do status da entrega e previsão atualizada, quando aplicável.

Esta mensagem foi gerada pelo protótipo de monitoramento de compras públicas.",simulado
314,Fornecedor_7,Insumos,9821.55,2023-11-17,-925,0.1781576222210159,Baixa,prazo próximo do vencimento,Acompanhamento da OF 314 - prioridade Baixa,"Prezado fornecedor Fornecedor_7,

A Ordem de Fornecimento 314 apresenta prioridade Baixa no acompanhamento de entrega. O prazo registrado é 2023-11-17 00:00:00 e o escore de risco calculado é 0.18.

Solicitamos confirmação do status da entrega e previsão atualizada, quando aplicável.

Esta mensagem foi gerada pelo protótipo de monitoramento de compras públicas.",simulado
315,Fornecedor_14,Tecnologia,26852.59,2023-04-12,-1144,0.4095576968445669,Média,prazo próximo do vencimento,Acompanhamento da OF 315 - prioridade Média,"Prezado fornecedor Fornecedor_14,

A Ordem de Fornecimento 315 apresenta prioridade Média no acompanhamento de entrega. O prazo registrado é 2023-04-12 00:00:00 e o escore de risco calculado é 0.41.

Solicitamos confirmação do status da entrega e previsão atualizada, quando aplicável.

Esta mensagem foi gerada pelo protótipo de monitoramento de compras públicas.",simulado
316,Fornecedor_9,Tecnologia,10247.83,2023-02-02,-1213,0.1610903010106399,Baixa,prazo próximo do vencimento,Acompanhamento da OF 316 - prioridade Baixa,"Prezado fornecedor Fornecedor_9,

A Ordem de Fornecimento 316 apresenta prioridade Baixa no acompanhamento de entrega. O prazo registrado é 2023-02-02 00:00:00 e o escore de risco calculado é 0.16.

Solicitamos confirmação do status da entrega e previsão atualizada, quando aplicável.

Esta mensagem foi gerada pelo protótipo de monitoramento de compras públicas.",simulado
317,Fornecedor_5,Insumos,6879.06,2023-02-20,-1195,0.1990191587184582,Baixa,prazo próximo do vencimento,Acompanhamento da OF 317 - prioridade Baixa,"Prezado fornecedor Fornecedor_5,

A Ordem de Fornecimento 317 apresenta prioridade Baixa no acompanhamento de entrega. O prazo registrado é 2023-02-20 00:00:00 e o escore de risco calculado é 0.20.

Solicitamos confirmação do status da entrega e previsão atualizada, quando aplicável.

Esta mensagem foi gerada pelo protótipo de monitoramento de compras públicas.",simulado
318,Fornecedor_3,Insumos,2465.96,2023-01-26,-1220,0.1903839466269682,Baixa,prazo próximo do vencimento,Acompanhamento da OF 318 - prioridade Baixa,"Prezado fornecedor Fornecedor_3,

A Ordem de Fornecimento 318 apresenta prioridade Baixa no acompanhamento de entrega. O prazo registrado é 2023-01-26 00:00:00 e o escore de risco calculado é 0.19.

Solicitamos confirmação do status da entrega e previsão atualizada, quando aplicável.

Esta mensagem foi gerada pelo protótipo de monitoramento de compras públicas.",simulado
319,Fornecedor_3,Insumos,48621.6,2023-12-14,-898,0.4951817137229996,Média,prazo próximo do vencimento,Acompanhamento da OF 319 - prioridade Média,"Prezado fornecedor Fornecedor_3,

A Ordem de Fornecimento 319 apresenta prioridade Média no acompanhamento de entrega. O prazo registrado é 2023-12-14 00:00:00 e o escore de risco calculado é 0.50.

Solicitamos confirmação do status da entrega e previsão atualizada, quando aplicável.

Esta mensagem foi gerada pelo protótipo de monitoramento de compras públicas.",simulado
320,Fornecedor_7,Insumos,43218.33,2023-05-29,-1097,0.5318777250868302,Média,prazo próximo do vencimento,Acompanhamento da OF 320 - prioridade Média,"Prezado fornecedor Fornecedor_7,

A Ordem de Fornecimento 320 apresenta prioridade Média no acompanhamento de entrega. O prazo registrado é 2023-05-29 00:00:00 e o escore de risco calculado é 0.53.

Solicitamos confirmação do status da entrega e previsão atualizada, quando aplicável.

Esta mensagem foi gerada pelo protótipo de monitoramento de compras públicas.",simulado
321,Fornecedor_8,Equipamentos,39998.25,2023-04-23,-1133,0.6039654074072107,Média,prazo próximo do vencimento,Acompanhamento da OF 321 - prioridade Média,"Prezado fornecedor Fornecedor_8,

A Ordem de Fornecimento 321 apresenta prioridade Média no acompanhamento de entrega. O prazo registrado é 2023-04-23 00:00:00 e o escore de risco calculado é 0.60.

Solicitamos confirmação do status da entrega e previsão atualizada, quando aplicável.

Esta mensagem foi gerada pelo protótipo de monitoramento de compras públicas.",simulado
322,Fornecedor_11,Equipamentos,8365.37,2023-12-16,-896,0.1753616927436805,Baixa,prazo próximo do vencimento,Acompanhamento da OF 322 - prioridade Baixa,"Prezado fornecedor Fornecedor_11,

A Ordem de Fornecimento 322 apresenta prioridade Baixa no acompanhamento de entrega. O prazo registrado é 2023-12-16 00:00:00 e o escore de risco calculado é 0.18.

Solicitamos confirmação do status da entrega e previsão atualizada, quando aplicável.

Esta mensagem foi gerada pelo protótipo de monitoramento de compras públicas.",simulado
323,Fornecedor_6,Medicamentos,11100.4,2023-02-09,-1206,0.2977367111825225,Baixa,prazo próximo do vencimento,Acompanhamento da OF 323 - prioridade Baixa,"Prezado fornecedor Fornecedor_6,

A Ordem de Fornecimento 323 apresenta prioridade Baixa no acompanhamento de entrega. O prazo registrado é 2023-02-09 00:00:00 e o escore de risco calculado é 0.30.

Solicitamos confirmação do status da entrega e previsão atualizada, quando aplicável.

Esta mensagem foi gerada pelo protótipo de monitoramento de compras públicas.",simulado
324,Fornecedor_7,Equipamentos,9310.46,2024-01-02,-879,0.5488803304100544,Média,prazo próximo do vencimento,Acompanhamento da OF 324 - prioridade Média,"Prezado fornecedor Fornecedor_7,

A Ordem de Fornecimento 324 apresenta prioridade Média no acompanhamento de entrega. O prazo registrado é 2024-01-02 00:00:00 e o escore de risco calculado é 0.55.

Solicitamos confirmação do status da entrega e previsão atualizada, quando aplicável.

Esta mensagem foi gerada pelo protótipo de monitoramento de compras públicas.",simulado
325,Fornecedor_8,Insumos,24211.43,2023-03-29,-1158,0.7033456520269654,Alta,risco preditivo elevado; prazo próximo do vencimento,Acompanhamento da OF 325 - prioridade Alta,"Prezado fornecedor Fornecedor_8,

A Ordem de Fornecimento 325 apresenta prioridade Alta no acompanhamento de entrega. O prazo registrado é 2023-03-29 00:00:00 e o escore de risco calculado é 0.70.

Solicitamos confirmação do status da entrega e previsão atualizada, quando aplicável.

Esta mensagem foi gerada pelo protótipo de monitoramento de compras públicas.",simulado
326,Fornecedor_13,Insumos,10292.77,2023-06-09,-1086,0.3135957188285861,Baixa,prazo próximo do vencimento,Acompanhamento da OF 326 - prioridade Baixa,"Prezado fornecedor Fornecedor_13,

A Ordem de Fornecimento 326 apresenta prioridade Baixa no acompanhamento de entrega. O prazo registrado é 2023-06-09 00:00:00 e o escore de risco calculado é 0.31.

Solicitamos confirmação do status da entrega e previsão atualizada, quando aplicável.

Esta mensagem foi gerada pelo protótipo de monitoramento de compras públicas.",simulado
327,Fornecedor_17,Tecnologia,34886.51,2023-04-26,-1130,0.3462522574976957,Baixa,prazo próximo do vencimento,Acompanhamento da OF 327 - prioridade Baixa,"Prezado fornecedor Fornecedor_17,

A Ordem de Fornecimento 327 apresenta prioridade Baixa no acompanhamento de entrega. O prazo registrado é 2023-04-26 00:00:00 e o escore de risco calculado é 0.35.

Solicitamos confirmação do status da entrega e previsão atualizada, quando aplicável.

Esta mensagem foi gerada pelo protótipo de monitoramento de compras públicas.",simulado
328,Fornecedor_6,Tecnologia,46554.81,2023-11-13,-929,0.3719015339849373,Baixa,prazo próximo do vencimento,Acompanhamento da OF 328 - prioridade Baixa,"Prezado fornecedor Fornecedor_6,

A Ordem de Fornecimento 328 apresenta prioridade Baixa no acompanhamento de entrega. O prazo registrado é 2023-11-13 00:00:00 e o escore de risco calculado é 0.37.

Solicitamos confirmação do status da entrega e previsão atualizada, quando aplicável.

Esta mensagem foi gerada pelo protótipo de monitoramento de compras públicas.",simulado
329,Fornecedor_10,Insumos,9319.84,2023-05-17,-1109,0.5605913865487309,Média,prazo próximo do vencimento,Acompanhamento da OF 329 - prioridade Média,"Prezado fornecedor Fornecedor_10,

A Ordem de Fornecimento 329 apresenta prioridade Média no acompanhamento de entrega. O prazo registrado é 2023-05-17 00:00:00 e o escore de risco calculado é 0.56.

Solicitamos confirmação do status da entrega e previsão atualizada, quando aplicável.

Esta mensagem foi gerada pelo protótipo de monitoramento de compras públicas.",simulado
330,Fornecedor_20,Equipamentos,5093.49,2023-04-04,-1152,0.6492087314433224,Média,prazo próximo do vencimento,Acompanhamento da OF 330 - prioridade Média,"Prezado fornecedor Fornecedor_20,

A Ordem de Fornecimento 330 apresenta prioridade Média no acompanhamento de entrega. O prazo registrado é 2023-04-04 00:00:00 e o escore de risco calculado é 0.65.

Solicitamos confirmação do status da entrega e previsão atualizada, quando aplicável.

Esta mensagem foi gerada pelo protótipo de monitoramento de compras públicas.",simulado
331,Fornecedor_15,Equipamentos,30508.93,2023-06-14,-1081,0.1854116877301761,Baixa,prazo próximo do vencimento,Acompanhamento da OF 331 - prioridade Baixa,"Prezado fornecedor Fornecedor_15,

A Ordem de Fornecimento 331 apresenta prioridade Baixa no acompanhamento de entrega. O prazo registrado é 2023-06-14 00:00:00 e o escore de risco calculado é 0.19.

Solicitamos confirmação do status da entrega e previsão atualizada, quando aplicável.

Esta mensagem foi gerada pelo protótipo de monitoramento de compras públicas.",simulado
332,Fornecedor_20,Tecnologia,17263.27,2023-11-02,-940,0.3833556305989308,Baixa,prazo próximo do vencimento,Acompanhamento da OF 332 - prioridade Baixa,"Prezado fornecedor Fornecedor_20,

A Ordem de Fornecimento 332 apresenta prioridade Baixa no acompanhamento de entrega. O prazo registrado é 2023-11-02 00:00:00 e o escore de risco calculado é 0.38.

Solicitamos confirmação do status da entrega e previsão atualizada, quando aplicável.

Esta mensagem foi gerada pelo protótipo de monitoramento de compras públicas.",simulado
333,Fornecedor_1,Tecnologia,45538.64,2023-08-25,-1009,0.3045391337204203,Baixa,prazo próximo do vencimento,Acompanhamento da OF 333 - prioridade Baixa,"Prezado fornecedor Fornecedor_1,

A Ordem de Fornecimento 333 apresenta prioridade Baixa no acompanhamento de entrega. O prazo registrado é 2023-08-25 00:00:00 e o escore de risco calculado é 0.30.

Solicitamos confirmação do status da entrega e previsão atualizada, quando aplicável.

Esta mensagem foi gerada pelo protótipo de monitoramento de compras públicas.",simulado
334,Fornecedor_7,Tecnologia,32323.73,2023-03-30,-1157,0.7462794193703284,Alta,risco preditivo elevado; prazo próximo do vencimento,Acompanhamento da OF 334 - prioridade Alta,"Prezado fornecedor Fornecedor_7,

A Ordem de Fornecimento 334 apresenta prioridade Alta no acompanhamento de entrega. O prazo registrado é 2023-03-30 00:00:00 e o escore de risco calculado é 0.75.

Solicitamos confirmação do status da entrega e previsão atualizada, quando aplicável.

Esta mensagem foi gerada pelo protótipo de monitoramento de compras públicas.",simulado
335,Fornecedor_17,Equipamentos,13158.77,2023-09-11,-992,0.3232409577060016,Baixa,prazo próximo do vencimento,Acompanhamento da OF 335 - prioridade Baixa,"Prezado fornecedor Fornecedor_17,

A Ordem de Fornecimento 335 apresenta prioridade Baixa no acompanhamento de entrega. O prazo registrado é 2023-09-11 00:00:00 e o escore de risco calculado é 0.32.

Solicitamos confirmação do status da entrega e previsão atualizada, quando aplicável.

Esta mensagem foi gerada pelo protótipo de monitoramento de compras públicas.",simulado
336,Fornecedor_7,Medicamentos,25005.03,2023-07-04,-1061,0.4152442435117,Média,prazo próximo do vencimento,Acompanhamento da OF 336 - prioridade Média,"Prezado fornecedor Fornecedor_7,

A Ordem de Fornecimento 336 apresenta prioridade Média no acompanhamento de entrega. O prazo registrado é 2023-07-04 00:00:00 e o escore de risco calculado é 0.42.

Solicitamos confirmação do status da entrega e previsão atualizada, quando aplicável.

Esta mensagem foi gerada pelo protótipo de monitoramento de compras públicas.",simulado
337,Fornecedor_19,Equipamentos,19146.04,2023-11-25,-917,0.3338284017062294,Baixa,prazo próximo do vencimento,Acompanhamento da OF 337 - prioridade Baixa,"Prezado fornecedor Fornecedor_19,

A Ordem de Fornecimento 337 apresenta prioridade Baixa no acompanhamento de entrega. O prazo registrado é 2023-11-25 00:00:00 e o escore de risco calculado é 0.33.

Solicitamos confirmação do status da entrega e previsão atualizada, quando aplicável.

Esta mensagem foi gerada pelo protótipo de monitoramento de compras públicas.",simulado
338,Fornecedor_15,Medicamentos,25434.03,2023-10-13,-960,0.1295591882587377,Baixa,prazo próximo do vencimento,Acompanhamento da OF 338 - prioridade Baixa,"Prezado fornecedor Fornecedor_15,

A Ordem de Fornecimento 338 apresenta prioridade Baixa no acompanhamento de entrega. O prazo registrado é 2023-10-13 00:00:00 e o escore de risco calculado é 0.13.

Solicitamos confirmação do status da entrega e previsão atualizada, quando aplicável.

Esta mensagem foi gerada pelo protótipo de monitoramento de compras públicas.",simulado
339,Fornecedor_2,Insumos,27651.19,2023-07-01,-1064,0.5710209324074293,Média,prazo próximo do vencimento,Acompanhamento da OF 339 - prioridade Média,"Prezado fornecedor Fornecedor_2,

A Ordem de Fornecimento 339 apresenta prioridade Média no acompanhamento de entrega. O prazo registrado é 2023-07-01 00:00:00 e o escore de risco calculado é 0.57.

Solicitamos confirmação do status da entrega e previsão atualizada, quando aplicável.

Esta mensagem foi gerada pelo protótipo de monitoramento de compras públicas.",simulado
340,Fornecedor_7,Tecnologia,27404.28,2023-10-23,-950,0.7061502833079092,Alta,risco preditivo elevado; prazo próximo do vencimento,Acompanhamento da OF 340 - prioridade Alta,"Prezado fornecedor Fornecedor_7,

A Ordem de Fornecimento 340 apresenta prioridade Alta no acompanhamento de entrega. O prazo registrado é 2023-10-23 00:00:00 e o escore de risco calculado é 0.71.

Solicitamos confirmação do status da entrega e previsão atualizada, quando aplicável.

Esta mensagem foi gerada pelo protótipo de monitoramento de compras públicas.",simulado
341,Fornecedor_3,Tecnologia,3813.33,2023-05-15,-1111,0.5775941892492633,Média,prazo próximo do vencimento,Acompanhamento da OF 341 - prioridade Média,"Prezado fornecedor Fornecedor_3,

A Ordem de Fornecimento 341 apresenta prioridade Média no acompanhamento de entrega. O prazo registrado é 2023-05-15 00:00:00 e o escore de risco calculado é 0.58.

Solicitamos confirmação do status da entrega e previsão atualizada, quando aplicável.

Esta mensagem foi gerada pelo protótipo de monitoramento de compras públicas.",simulado
342,Fornecedor_19,Tecnologia,49212.02,2023-09-28,-975,0.7344806573068963,Alta,risco preditivo elevado; prazo próximo do vencimento,Acompanhamento da OF 342 - prioridade Alta,"Prezado fornecedor Fornecedor_19,

A Ordem de Fornecimento 342 apresenta prioridade Alta no acompanhamento de entrega. O prazo registrado é 2023-09-28 00:00:00 e o escore de risco calculado é 0.73.

Solicitamos confirmação do status da entrega e previsão atualizada, quando aplicável.

Esta mensagem foi gerada pelo protótipo de monitoramento de compras públicas.",simulado
343,Fornecedor_7,Equipamentos,16414.32,2023-12-23,-889,0.8109780820759328,Alta,risco preditivo elevado; prazo próximo do vencimento,Acompanhamento da OF 343 - prioridade Alta,"Prezado fornecedor Fornecedor_7,

A Ordem de Fornecimento 343 apresenta prioridade Alta no acompanhamento de entrega. O prazo registrado é 2023-12-23 00:00:00 e o escore de risco calculado é 0.81.

Solicitamos confirmação do status da entrega e previsão atualizada, quando aplicável.

Esta mensagem foi gerada pelo protótipo de monitoramento de compras públicas.",simulado
344,Fornecedor_14,Medicamentos,35140.83,2023-03-08,-1179,0.3517746068107862,Baixa,prazo próximo do vencimento,Acompanhamento da OF 344 - prioridade Baixa,"Prezado fornecedor Fornecedor_14,

A Ordem de Fornecimento 344 apresenta prioridade Baixa no acompanhamento de entrega. O prazo registrado é 2023-03-08 00:00:00 e o escore de risco calculado é 0.35.

Solicitamos confirmação do status da entrega e previsão atualizada, quando aplicável.

Esta mensagem foi gerada pelo protótipo de monitoramento de compras públicas.",simulado
345,Fornecedor_7,Tecnologia,49305.83,2023-07-05,-1060,0.5920544483792076,Média,prazo próximo do vencimento,Acompanhamento da OF 345 - prioridade Média,"Prezado fornecedor Fornecedor_7,

A Ordem de Fornecimento 345 apresenta prioridade Média no acompanhamento de entrega. O prazo registrado é 2023-07-05 00:00:00 e o escore de risco calculado é 0.59.

Solicitamos confirmação do status da entrega e previsão atualizada, quando aplicável.

Esta mensagem foi gerada pelo protótipo de monitoramento de compras públicas.",simulado
346,Fornecedor_2,Equipamentos,22714.99,2024-01-04,-877,0.2034066151302649,Baixa,prazo próximo do vencimento,Acompanhamento da OF 346 - prioridade Baixa,"Prezado fornecedor Fornecedor_2,

A Ordem de Fornecimento 346 apresenta prioridade Baixa no acompanhamento de entrega. O prazo registrado é 2024-01-04 00:00:00 e o escore de risco calculado é 0.20.

Solicitamos confirmação do status da entrega e previsão atualizada, quando aplicável.

Esta mensagem foi gerada pelo protótipo de monitoramento de compras públicas.",simulado
347,Fornecedor_14,Equipamentos,18397.65,2023-09-19,-984,0.308513170271355,Baixa,prazo próximo do vencimento,Acompanhamento da OF 347 - prioridade Baixa,"Prezado fornecedor Fornecedor_14,

A Ordem de Fornecimento 347 apresenta prioridade Baixa no acompanhamento de entrega. O prazo registrado é 2023-09-19 00:00:00 e o escore de risco calculado é 0.31.

Solicitamos confirmação do status da entrega e previsão atualizada, quando aplicável.

Esta mensagem foi gerada pelo protótipo de monitoramento de compras públicas.",simulado
348,Fornecedor_17,Insumos,20683.46,2023-09-01,-1002,0.287408548836102,Baixa,prazo próximo do vencimento,Acompanhamento da OF 348 - prioridade Baixa,"Prezado fornecedor Fornecedor_17,

A Ordem de Fornecimento 348 apresenta prioridade Baixa no acompanhamento de entrega. O prazo registrado é 2023-09-01 00:00:00 e o escore de risco calculado é 0.29.

Solicitamos confirmação do status da entrega e previsão atualizada, quando aplicável.

Esta mensagem foi gerada pelo protótipo de monitoramento de compras públicas.",simulado
349,Fornecedor_7,Equipamentos,17625.93,2023-09-25,-978,0.3060935294260095,Baixa,prazo próximo do vencimento,Acompanhamento da OF 349 - prioridade Baixa,"Prezado fornecedor Fornecedor_7,

A Ordem de Fornecimento 349 apresenta prioridade Baixa no acompanhamento de entrega. O prazo registrado é 2023-09-25 00:00:00 e o escore de risco calculado é 0.31.

Solicitamos confirmação do status da entrega e previsão atualizada, quando aplicável.

Esta mensagem foi gerada pelo protótipo de monitoramento de compras públicas.",simulado
350,Fornecedor_7,Tecnologia,15154.03,2023-08-08,-1026,0.4033402191634951,Média,prazo próximo do vencimento,Acompanhamento da OF 350 - prioridade Média,"Prezado fornecedor Fornecedor_7,

A Ordem de Fornecimento 350 apresenta prioridade Média no acompanhamento de entrega. O prazo registrado é 2023-08-08 00:00:00 e o escore de risco calculado é 0.40.

Solicitamos confirmação do status da entrega e previsão atualizada, quando aplicável.

Esta mensagem foi gerada pelo protótipo de monitoramento de compras públicas.",simulado
351,Fornecedor_5,Equipamentos,29423.42,2023-12-17,-895,0.6519024992635213,Média,prazo próximo do vencimento,Acompanhamento da OF 351 - prioridade Média,"Prezado fornecedor Fornecedor_5,

A Ordem de Fornecimento 351 apresenta prioridade Média no acompanhamento de entrega. O prazo registrado é 2023-12-17 00:00:00 e o escore de risco calculado é 0.65.

Solicitamos confirmação do status da entrega e previsão atualizada, quando aplicável.

Esta mensagem foi gerada pelo protótipo de monitoramento de compras públicas.",simulado
352,Fornecedor_8,Tecnologia,6891.03,2024-01-09,-872,0.2593418675523003,Baixa,prazo próximo do vencimento,Acompanhamento da OF 352 - prioridade Baixa,"Prezado fornecedor Fornecedor_8,

A Ordem de Fornecimento 352 apresenta prioridade Baixa no acompanhamento de entrega. O prazo registrado é 2024-01-09 00:00:00 e o escore de risco calculado é 0.26.

Solicitamos confirmação do status da entrega e previsão atualizada, quando aplicável.

Esta mensagem foi gerada pelo protótipo de monitoramento de compras públicas.",simulado
353,Fornecedor_13,Insumos,40599.26,2023-04-28,-1128,0.5169941942894972,Média,prazo próximo do vencimento,Acompanhamento da OF 353 - prioridade Média,"Prezado fornecedor Fornecedor_13,

A Ordem de Fornecimento 353 apresenta prioridade Média no acompanhamento de entrega. O prazo registrado é 2023-04-28 00:00:00 e o escore de risco calculado é 0.52.

Solicitamos confirmação do status da entrega e previsão atualizada, quando aplicável.

Esta mensagem foi gerada pelo protótipo de monitoramento de compras públicas.",simulado
354,Fornecedor_20,Medicamentos,42204.26,2023-02-26,-1189,0.3274204697644585,Baixa,prazo próximo do vencimento,Acompanhamento da OF 354 - prioridade Baixa,"Prezado fornecedor Fornecedor_20,

A Ordem de Fornecimento 354 apresenta prioridade Baixa no acompanhamento de entrega. O prazo registrado é 2023-02-26 00:00:00 e o escore de risco calculado é 0.33.

Solicitamos confirmação do status da entrega e previsão atualizada, quando aplicável.

Esta mensagem foi gerada pelo protótipo de monitoramento de compras públicas.",simulado
355,Fornecedor_8,Equipamentos,15775.22,2023-05-10,-1116,0.7093945555852872,Alta,risco preditivo elevado; prazo próximo do vencimento,Acompanhamento da OF 355 - prioridade Alta,"Prezado fornecedor Fornecedor_8,

A Ordem de Fornecimento 355 apresenta prioridade Alta no acompanhamento de entrega. O prazo registrado é 2023-05-10 00:00:00 e o escore de risco calculado é 0.71.

Solicitamos confirmação do status da entrega e previsão atualizada, quando aplicável.

Esta mensagem foi gerada pelo protótipo de monitoramento de compras públicas.",simulado
356,Fornecedor_12,Equipamentos,4096.56,2023-06-18,-1077,0.2450829032335355,Baixa,prazo próximo do vencimento,Acompanhamento da OF 356 - prioridade Baixa,"Prezado fornecedor Fornecedor_12,

A Ordem de Fornecimento 356 apresenta prioridade Baixa no acompanhamento de entrega. O prazo registrado é 2023-06-18 00:00:00 e o escore de risco calculado é 0.25.

Solicitamos confirmação do status da entrega e previsão atualizada, quando aplicável.

Esta mensagem foi gerada pelo protótipo de monitoramento de compras públicas.",simulado
357,Fornecedor_20,Insumos,5814.21,2023-06-13,-1082,0.2164970358841172,Baixa,prazo próximo do vencimento,Acompanhamento da OF 357 - prioridade Baixa,"Prezado fornecedor Fornecedor_20,

A Ordem de Fornecimento 357 apresenta prioridade Baixa no acompanhamento de entrega. O prazo registrado é 2023-06-13 00:00:00 e o escore de risco calculado é 0.22.

Solicitamos confirmação do status da entrega e previsão atualizada, quando aplicável.

Esta mensagem foi gerada pelo protótipo de monitoramento de compras públicas.",simulado
358,Fornecedor_4,Insumos,13724.35,2023-05-04,-1122,0.6442615710394755,Média,prazo próximo do vencimento,Acompanhamento da OF 358 - prioridade Média,"Prezado fornecedor Fornecedor_4,

A Ordem de Fornecimento 358 apresenta prioridade Média no acompanhamento de entrega. O prazo registrado é 2023-05-04 00:00:00 e o escore de risco calculado é 0.64.

Solicitamos confirmação do status da entrega e previsão atualizada, quando aplicável.

Esta mensagem foi gerada pelo protótipo de monitoramento de compras públicas.",simulado
359,Fornecedor_9,Tecnologia,16010.97,2023-05-11,-1115,0.1819732006545364,Baixa,prazo próximo do vencimento,Acompanhamento da OF 359 - prioridade Baixa,"Prezado fornecedor Fornecedor_9,

A Ordem de Fornecimento 359 apresenta prioridade Baixa no acompanhamento de entrega. O prazo registrado é 2023-05-11 00:00:00 e o escore de risco calculado é 0.18.

Solicitamos confirmação do status da entrega e previsão atualizada, quando aplicável.

Esta mensagem foi gerada pelo protótipo de monitoramento de compras públicas.",simulado
360,Fornecedor_11,Equipamentos,13988.47,2023-08-21,-1013,0.0680995844925735,Baixa,prazo próximo do vencimento,Acompanhamento da OF 360 - prioridade Baixa,"Prezado fornecedor Fornecedor_11,

A Ordem de Fornecimento 360 apresenta prioridade Baixa no acompanhamento de entrega. O prazo registrado é 2023-08-21 00:00:00 e o escore de risco calculado é 0.07.

Solicitamos confirmação do status da entrega e previsão atualizada, quando aplicável.

Esta mensagem foi gerada pelo protótipo de monitoramento de compras públicas.",simulado
361,Fornecedor_6,Equipamentos,25510.77,2023-10-27,-946,0.3020971250642577,Baixa,prazo próximo do vencimento,Acompanhamento da OF 361 - prioridade Baixa,"Prezado fornecedor Fornecedor_6,

A Ordem de Fornecimento 361 apresenta prioridade Baixa no acompanhamento de entrega. O prazo registrado é 2023-10-27 00:00:00 e o escore de risco calculado é 0.30.

Solicitamos confirmação do status da entrega e previsão atualizada, quando aplicável.

Esta mensagem foi gerada pelo protótipo de monitoramento de compras públicas.",simulado
362,Fornecedor_12,Tecnologia,22440.5,2023-12-26,-886,0.1730509487801539,Baixa,prazo próximo do vencimento,Acompanhamento da OF 362 - prioridade Baixa,"Prezado fornecedor Fornecedor_12,

A Ordem de Fornecimento 362 apresenta prioridade Baixa no acompanhamento de entrega. O prazo registrado é 2023-12-26 00:00:00 e o escore de risco calculado é 0.17.

Solicitamos confirmação do status da entrega e previsão atualizada, quando aplicável.

Esta mensagem foi gerada pelo protótipo de monitoramento de compras públicas.",simulado
363,Fornecedor_19,Insumos,48445.23,2023-09-23,-980,0.4775611274903145,Média,prazo próximo do vencimento,Acompanhamento da OF 363 - prioridade Média,"Prezado fornecedor Fornecedor_19,

A Ordem de Fornecimento 363 apresenta prioridade Média no acompanhamento de entrega. O prazo registrado é 2023-09-23 00:00:00 e o escore de risco calculado é 0.48.

Solicitamos confirmação do status da entrega e previsão atualizada, quando aplicável.

Esta mensagem foi gerada pelo protótipo de monitoramento de compras públicas.",simulado
364,Fornecedor_2,Equipamentos,19025.92,2023-08-22,-1012,0.5547542868187647,Média,prazo próximo do vencimento,Acompanhamento da OF 364 - prioridade Média,"Prezado fornecedor Fornecedor_2,

A Ordem de Fornecimento 364 apresenta prioridade Média no acompanhamento de entrega. O prazo registrado é 2023-08-22 00:00:00 e o escore de risco calculado é 0.55.

Solicitamos confirmação do status da entrega e previsão atualizada, quando aplicável.

Esta mensagem foi gerada pelo protótipo de monitoramento de compras públicas.",simulado
365,Fornecedor_16,Medicamentos,39222.78,2023-04-09,-1147,0.837458834313931,Alta,risco preditivo elevado; prazo próximo do vencimento,Acompanhamento da OF 365 - prioridade Alta,"Prezado fornecedor Fornecedor_16,

A Ordem de Fornecimento 365 apresenta prioridade Alta no acompanhamento de entrega. O prazo registrado é 2023-04-09 00:00:00 e o escore de risco calculado é 0.84.

Solicitamos confirmação do status da entrega e previsão atualizada, quando aplicável.

Esta mensagem foi gerada pelo protótipo de monitoramento de compras públicas.",simulado
366,Fornecedor_2,Tecnologia,33012.35,2023-07-08,-1057,0.6710939423754176,Média,prazo próximo do vencimento,Acompanhamento da OF 366 - prioridade Média,"Prezado fornecedor Fornecedor_2,

A Ordem de Fornecimento 366 apresenta prioridade Média no acompanhamento de entrega. O prazo registrado é 2023-07-08 00:00:00 e o escore de risco calculado é 0.67.

Solicitamos confirmação do status da entrega e previsão atualizada, quando aplicável.

Esta mensagem foi gerada pelo protótipo de monitoramento de compras públicas.",simulado
367,Fornecedor_5,Medicamentos,39290.34,2023-05-07,-1119,0.4557065297773325,Média,prazo próximo do vencimento,Acompanhamento da OF 367 - prioridade Média,"Prezado fornecedor Fornecedor_5,

A Ordem de Fornecimento 367 apresenta prioridade Média no acompanhamento de entrega. O prazo registrado é 2023-05-07 00:00:00 e o escore de risco calculado é 0.46.

Solicitamos confirmação do status da entrega e previsão atualizada, quando aplicável.

Esta mensagem foi gerada pelo protótipo de monitoramento de compras públicas.",simulado
368,Fornecedor_7,Insumos,36276.22,2023-11-04,-938,0.4123061986989886,Média,prazo próximo do vencimento,Acompanhamento da OF 368 - prioridade Média,"Prezado fornecedor Fornecedor_7,

A Ordem de Fornecimento 368 apresenta prioridade Média no acompanhamento de entrega. O prazo registrado é 2023-11-04 00:00:00 e o escore de risco calculado é 0.41.

Solicitamos confirmação do status da entrega e previsão atualizada, quando aplicável.

Esta mensagem foi gerada pelo protótipo de monitoramento de compras públicas.",simulado
369,Fornecedor_20,Tecnologia,36501.2,2023-12-09,-903,0.6064498921296584,Média,prazo próximo do vencimento,Acompanhamento da OF 369 - prioridade Média,"Prezado fornecedor Fornecedor_20,

A Ordem de Fornecimento 369 apresenta prioridade Média no acompanhamento de entrega. O prazo registrado é 2023-12-09 00:00:00 e o escore de risco calculado é 0.61.

Solicitamos confirmação do status da entrega e previsão atualizada, quando aplicável.

Esta mensagem foi gerada pelo protótipo de monitoramento de compras públicas.",simulado
370,Fornecedor_3,Medicamentos,35433.16,2023-10-29,-944,0.4032669179958931,Média,prazo próximo do vencimento,Acompanhamento da OF 370 - prioridade Média,"Prezado fornecedor Fornecedor_3,

A Ordem de Fornecimento 370 apresenta prioridade Média no acompanhamento de entrega. O prazo registrado é 2023-10-29 00:00:00 e o escore de risco calculado é 0.40.

Solicitamos confirmação do status da entrega e previsão atualizada, quando aplicável.

Esta mensagem foi gerada pelo protótipo de monitoramento de compras públicas.",simulado
371,Fornecedor_13,Medicamentos,17151.4,2023-12-10,-902,0.1161952866368874,Baixa,prazo próximo do vencimento,Acompanhamento da OF 371 - prioridade Baixa,"Prezado fornecedor Fornecedor_13,

A Ordem de Fornecimento 371 apresenta prioridade Baixa no acompanhamento de entrega. O prazo registrado é 2023-12-10 00:00:00 e o escore de risco calculado é 0.12.

Solicitamos confirmação do status da entrega e previsão atualizada, quando aplicável.

Esta mensagem foi gerada pelo protótipo de monitoramento de compras públicas.",simulado
372,Fornecedor_20,Insumos,22696.82,2023-02-15,-1200,0.6633735900600336,Média,prazo próximo do vencimento,Acompanhamento da OF 372 - prioridade Média,"Prezado fornecedor Fornecedor_20,

A Ordem de Fornecimento 372 apresenta prioridade Média no acompanhamento de entrega. O prazo registrado é 2023-02-15 00:00:00 e o escore de risco calculado é 0.66.

Solicitamos confirmação do status da entrega e previsão atualizada, quando aplicável.

Esta mensagem foi gerada pelo protótipo de monitoramento de compras públicas.",simulado
373,Fornecedor_12,Insumos,19456.85,2023-05-30,-1096,0.1813218442275379,Baixa,prazo próximo do vencimento,Acompanhamento da OF 373 - prioridade Baixa,"Prezado fornecedor Fornecedor_12,

A Ordem de Fornecimento 373 apresenta prioridade Baixa no acompanhamento de entrega. O prazo registrado é 2023-05-30 00:00:00 e o escore de risco calculado é 0.18.

Solicitamos confirmação do status da entrega e previsão atualizada, quando aplicável.

Esta mensagem foi gerada pelo protótipo de monitoramento de compras públicas.",simulado
374,Fornecedor_17,Tecnologia,46192.43,2023-09-04,-999,0.6320004191096396,Média,prazo próximo do vencimento,Acompanhamento da OF 374 - prioridade Média,"Prezado fornecedor Fornecedor_17,

A Ordem de Fornecimento 374 apresenta prioridade Média no acompanhamento de entrega. O prazo registrado é 2023-09-04 00:00:00 e o escore de risco calculado é 0.63.

Solicitamos confirmação do status da entrega e previsão atualizada, quando aplicável.

Esta mensagem foi gerada pelo protótipo de monitoramento de compras públicas.",simulado
375,Fornecedor_8,Medicamentos,9477.31,2023-11-06,-936,0.1791043211998756,Baixa,prazo próximo do vencimento,Acompanhamento da OF 375 - prioridade Baixa,"Prezado fornecedor Fornecedor_8,

A Ordem de Fornecimento 375 apresenta prioridade Baixa no acompanhamento de entrega. O prazo registrado é 2023-11-06 00:00:00 e o escore de risco calculado é 0.18.

Solicitamos confirmação do status da entrega e previsão atualizada, quando aplicável.

Esta mensagem foi gerada pelo protótipo de monitoramento de compras públicas.",simulado
376,Fornecedor_7,Medicamentos,41828.45,2023-09-02,-1001,0.2182366800562739,Baixa,prazo próximo do vencimento,Acompanhamento da OF 376 - prioridade Baixa,"Prezado fornecedor Fornecedor_7,

A Ordem de Fornecimento 376 apresenta prioridade Baixa no acompanhamento de entrega. O prazo registrado é 2023-09-02 00:00:00 e o escore de risco calculado é 0.22.

Solicitamos confirmação do status da entrega e previsão atualizada, quando aplicável.

Esta mensagem foi gerada pelo protótipo de monitoramento de compras públicas.",simulado
377,Fornecedor_1,Tecnologia,35685.79,2023-07-01,-1064,0.6664909150937851,Média,prazo próximo do vencimento,Acompanhamento da OF 377 - prioridade Média,"Prezado fornecedor Fornecedor_1,

A Ordem de Fornecimento 377 apresenta prioridade Média no acompanhamento de entrega. O prazo registrado é 2023-07-01 00:00:00 e o escore de risco calculado é 0.67.

Solicitamos confirmação do status da entrega e previsão atualizada, quando aplicável.

Esta mensagem foi gerada pelo protótipo de monitoramento de compras públicas.",simulado
378,Fornecedor_10,Insumos,30968.65,2023-01-24,-1222,0.381388871487741,Baixa,prazo próximo do vencimento,Acompanhamento da OF 378 - prioridade Baixa,"Prezado fornecedor Fornecedor_10,

A Ordem de Fornecimento 378 apresenta prioridade Baixa no acompanhamento de entrega. O prazo registrado é 2023-01-24 00:00:00 e o escore de risco calculado é 0.38.

Solicitamos confirmação do status da entrega e previsão atualizada, quando aplicável.

Esta mensagem foi gerada pelo protótipo de monitoramento de compras públicas.",simulado
379,Fornecedor_2,Insumos,41506.7,2023-09-04,-999,0.1953520329198178,Baixa,prazo próximo do vencimento,Acompanhamento da OF 379 - prioridade Baixa,"Prezado fornecedor Fornecedor_2,

A Ordem de Fornecimento 379 apresenta prioridade Baixa no acompanhamento de entrega. O prazo registrado é 2023-09-04 00:00:00 e o escore de risco calculado é 0.20.

Solicitamos confirmação do status da entrega e previsão atualizada, quando aplicável.

Esta mensagem foi gerada pelo protótipo de monitoramento de compras públicas.",simulado
380,Fornecedor_20,Medicamentos,14418.64,2023-11-27,-915,0.221265389071342,Baixa,prazo próximo do vencimento,Acompanhamento da OF 380 - prioridade Baixa,"Prezado fornecedor Fornecedor_20,

A Ordem de Fornecimento 380 apresenta prioridade Baixa no acompanhamento de entrega. O prazo registrado é 2023-11-27 00:00:00 e o escore de risco calculado é 0.22.

Solicitamos confirmação do status da entrega e previsão atualizada, quando aplicável.

Esta mensagem foi gerada pelo protótipo de monitoramento de compras públicas.",simulado
381,Fornecedor_10,Medicamentos,10554.74,2023-03-06,-1181,0.3330489739329542,Baixa,prazo próximo do vencimento,Acompanhamento da OF 381 - prioridade Baixa,"Prezado fornecedor Fornecedor_10,

A Ordem de Fornecimento 381 apresenta prioridade Baixa no acompanhamento de entrega. O prazo registrado é 2023-03-06 00:00:00 e o escore de risco calculado é 0.33.

Solicitamos confirmação do status da entrega e previsão atualizada, quando aplicável.

Esta mensagem foi gerada pelo protótipo de monitoramento de compras públicas.",simulado
382,Fornecedor_7,Medicamentos,22682.58,2024-01-04,-877,0.3133169483747677,Baixa,prazo próximo do vencimento,Acompanhamento da OF 382 - prioridade Baixa,"Prezado fornecedor Fornecedor_7,

A Ordem de Fornecimento 382 apresenta prioridade Baixa no acompanhamento de entrega. O prazo registrado é 2024-01-04 00:00:00 e o escore de risco calculado é 0.31.

Solicitamos confirmação do status da entrega e previsão atualizada, quando aplicável.

Esta mensagem foi gerada pelo protótipo de monitoramento de compras públicas.",simulado
383,Fornecedor_9,Medicamentos,23704.26,2023-08-18,-1016,0.0671587203425267,Baixa,prazo próximo do vencimento,Acompanhamento da OF 383 - prioridade Baixa,"Prezado fornecedor Fornecedor_9,

A Ordem de Fornecimento 383 apresenta prioridade Baixa no acompanhamento de entrega. O prazo registrado é 2023-08-18 00:00:00 e o escore de risco calculado é 0.07.

Solicitamos confirmação do status da entrega e previsão atualizada, quando aplicável.

Esta mensagem foi gerada pelo protótipo de monitoramento de compras públicas.",simulado
384,Fornecedor_14,Medicamentos,26948.71,2023-05-12,-1114,0.6493894433928195,Média,prazo próximo do vencimento,Acompanhamento da OF 384 - prioridade Média,"Prezado fornecedor Fornecedor_14,

A Ordem de Fornecimento 384 apresenta prioridade Média no acompanhamento de entrega. O prazo registrado é 2023-05-12 00:00:00 e o escore de risco calculado é 0.65.

Solicitamos confirmação do status da entrega e previsão atualizada, quando aplicável.

Esta mensagem foi gerada pelo protótipo de monitoramento de compras públicas.",simulado
385,Fornecedor_17,Equipamentos,7258.0,2024-01-15,-866,0.3051813114159816,Baixa,prazo próximo do vencimento,Acompanhamento da OF 385 - prioridade Baixa,"Prezado fornecedor Fornecedor_17,

A Ordem de Fornecimento 385 apresenta prioridade Baixa no acompanhamento de entrega. O prazo registrado é 2024-01-15 00:00:00 e o escore de risco calculado é 0.31.

Solicitamos confirmação do status da entrega e previsão atualizada, quando aplicável.

Esta mensagem foi gerada pelo protótipo de monitoramento de compras públicas.",simulado
386,Fornecedor_19,Insumos,30119.76,2023-01-24,-1222,0.3059163438115371,Baixa,prazo próximo do vencimento,Acompanhamento da OF 386 - prioridade Baixa,"Prezado fornecedor Fornecedor_19,

A Ordem de Fornecimento 386 apresenta prioridade Baixa no acompanhamento de entrega. O prazo registrado é 2023-01-24 00:00:00 e o escore de risco calculado é 0.31.

Solicitamos confirmação do status da entrega e previsão atualizada, quando aplicável.

Esta mensagem foi gerada pelo protótipo de monitoramento de compras públicas.",simulado
387,Fornecedor_9,Equipamentos,27267.99,2023-04-28,-1128,0.1884238073082163,Baixa,prazo próximo do vencimento,Acompanhamento da OF 387 - prioridade Baixa,"Prezado fornecedor Fornecedor_9,

A Ordem de Fornecimento 387 apresenta prioridade Baixa no acompanhamento de entrega. O prazo registrado é 2023-04-28 00:00:00 e o escore de risco calculado é 0.19.

Solicitamos confirmação do status da entrega e previsão atualizada, quando aplicável.

Esta mensagem foi gerada pelo protótipo de monitoramento de compras públicas.",simulado
388,Fornecedor_14,Insumos,29555.59,2023-10-30,-943,0.2150540810119778,Baixa,prazo próximo do vencimento,Acompanhamento da OF 388 - prioridade Baixa,"Prezado fornecedor Fornecedor_14,

A Ordem de Fornecimento 388 apresenta prioridade Baixa no acompanhamento de entrega. O prazo registrado é 2023-10-30 00:00:00 e o escore de risco calculado é 0.22.

Solicitamos confirmação do status da entrega e previsão atualizada, quando aplicável.

Esta mensagem foi gerada pelo protótipo de monitoramento de compras públicas.",simulado
389,Fornecedor_11,Tecnologia,29101.28,2023-08-19,-1015,0.1391851984738652,Baixa,prazo próximo do vencimento,Acompanhamento da OF 389 - prioridade Baixa,"Prezado fornecedor Fornecedor_11,

A Ordem de Fornecimento 389 apresenta prioridade Baixa no acompanhamento de entrega. O prazo registrado é 2023-08-19 00:00:00 e o escore de risco calculado é 0.14.

Solicitamos confirmação do status da entrega e previsão atualizada, quando aplicável.

Esta mensagem foi gerada pelo protótipo de monitoramento de compras públicas.",simulado
390,Fornecedor_10,Equipamentos,6854.14,2023-08-12,-1022,0.2447163879072667,Baixa,prazo próximo do vencimento,Acompanhamento da OF 390 - prioridade Baixa,"Prezado fornecedor Fornecedor_10,

A Ordem de Fornecimento 390 apresenta prioridade Baixa no acompanhamento de entrega. O prazo registrado é 2023-08-12 00:00:00 e o escore de risco calculado é 0.24.

Solicitamos confirmação do status da entrega e previsão atualizada, quando aplicável.

Esta mensagem foi gerada pelo protótipo de monitoramento de compras públicas.",simulado
391,Fornecedor_4,Tecnologia,36020.68,2023-06-26,-1069,0.2564770141407348,Baixa,prazo próximo do vencimento,Acompanhamento da OF 391 - prioridade Baixa,"Prezado fornecedor Fornecedor_4,

A Ordem de Fornecimento 391 apresenta prioridade Baixa no acompanhamento de entrega. O prazo registrado é 2023-06-26 00:00:00 e o escore de risco calculado é 0.26.

Solicitamos confirmação do status da entrega e previsão atualizada, quando aplicável.

Esta mensagem foi gerada pelo protótipo de monitoramento de compras públicas.",simulado
392,Fornecedor_2,Equipamentos,25602.88,2023-10-24,-949,0.2349033854404541,Baixa,prazo próximo do vencimento,Acompanhamento da OF 392 - prioridade Baixa,"Prezado fornecedor Fornecedor_2,

A Ordem de Fornecimento 392 apresenta prioridade Baixa no acompanhamento de entrega. O prazo registrado é 2023-10-24 00:00:00 e o escore de risco calculado é 0.23.

Solicitamos confirmação do status da entrega e previsão atualizada, quando aplicável.

Esta mensagem foi gerada pelo protótipo de monitoramento de compras públicas.",simulado
393,Fornecedor_10,Medicamentos,8766.58,2023-08-29,-1005,0.5483874274899835,Média,prazo próximo do vencimento,Acompanhamento da OF 393 - prioridade Média,"Prezado fornecedor Fornecedor_10,

A Ordem de Fornecimento 393 apresenta prioridade Média no acompanhamento de entrega. O prazo registrado é 2023-08-29 00:00:00 e o escore de risco calculado é 0.55.

Solicitamos confirmação do status da entrega e previsão atualizada, quando aplicável.

Esta mensagem foi gerada pelo protótipo de monitoramento de compras públicas.",simulado
394,Fornecedor_14,Equipamentos,39477.43,2023-03-24,-1163,0.1573884920472756,Baixa,prazo próximo do vencimento,Acompanhamento da OF 394 - prioridade Baixa,"Prezado fornecedor Fornecedor_14,

A Ordem de Fornecimento 394 apresenta prioridade Baixa no acompanhamento de entrega. O prazo registrado é 2023-03-24 00:00:00 e o escore de risco calculado é 0.16.

Solicitamos confirmação do status da entrega e previsão atualizada, quando aplicável.

Esta mensagem foi gerada pelo protótipo de monitoramento de compras públicas.",simulado
395,Fornecedor_7,Equipamentos,37611.48,2023-02-14,-1201,0.7099121417724465,Alta,risco preditivo elevado; prazo próximo do vencimento,Acompanhamento da OF 395 - prioridade Alta,"Prezado fornecedor Fornecedor_7,

A Ordem de Fornecimento 395 apresenta prioridade Alta no acompanhamento de entrega. O prazo registrado é 2023-02-14 00:00:00 e o escore de risco calculado é 0.71.

Solicitamos confirmação do status da entrega e previsão atualizada, quando aplicável.

Esta mensagem foi gerada pelo protótipo de monitoramento de compras públicas.",simulado
396,Fornecedor_15,Insumos,17285.94,2023-09-01,-1002,0.219181269281962,Baixa,prazo próximo do vencimento,Acompanhamento da OF 396 - prioridade Baixa,"Prezado fornecedor Fornecedor_15,

A Ordem de Fornecimento 396 apresenta prioridade Baixa no acompanhamento de entrega. O prazo registrado é 2023-09-01 00:00:00 e o escore de risco calculado é 0.22.

Solicitamos confirmação do status da entrega e previsão atualizada, quando aplicável.

Esta mensagem foi gerada pelo protótipo de monitoramento de compras públicas.",simulado
397,Fornecedor_5,Equipamentos,2131.32,2023-08-31,-1003,0.3456989833962,Baixa,prazo próximo do vencimento,Acompanhamento da OF 397 - prioridade Baixa,"Prezado fornecedor Fornecedor_5,

A Ordem de Fornecimento 397 apresenta prioridade Baixa no acompanhamento de entrega. O prazo registrado é 2023-08-31 00:00:00 e o escore de risco calculado é 0.35.

Solicitamos confirmação do status da entrega e previsão atualizada, quando aplicável.

Esta mensagem foi gerada pelo protótipo de monitoramento de compras públicas.",simulado
398,Fornecedor_1,Tecnologia,14520.22,2023-10-14,-959,0.6358584981206369,Média,prazo próximo do vencimento,Acompanhamento da OF 398 - prioridade Média,"Prezado fornecedor Fornecedor_1,

A Ordem de Fornecimento 398 apresenta prioridade Média no acompanhamento de entrega. O prazo registrado é 2023-10-14 00:00:00 e o escore de risco calculado é 0.64.

Solicitamos confirmação do status da entrega e previsão atualizada, quando aplicável.

Esta mensagem foi gerada pelo protótipo de monitoramento de compras públicas.",simulado
399,Fornecedor_19,Insumos,17343.21,2023-01-19,-1227,0.6913343458457433,Alta,prazo próximo do vencimento,Acompanhamento da OF 399 - prioridade Alta,"Prezado fornecedor Fornecedor_19,

A Ordem de Fornecimento 399 apresenta prioridade Alta no acompanhamento de entrega. O prazo registrado é 2023-01-19 00:00:00 e o escore de risco calculado é 0.69.

Solicitamos confirmação do status da entrega e previsão atualizada, quando aplicável.

Esta mensagem foi gerada pelo protótipo de monitoramento de compras públicas.",simulado
400,Fornecedor_13,Tecnologia,31215.36,2023-04-12,-1144,0.6779581760238916,Média,prazo próximo do vencimento,Acompanhamento da OF 400 - prioridade Média,"Prezado fornecedor Fornecedor_13,

A Ordem de Fornecimento 400 apresenta prioridade Média no acompanhamento de entrega. O prazo registrado é 2023-04-12 00:00:00 e o escore de risco calculado é 0.68.

Solicitamos confirmação do status da entrega e previsão atualizada, quando aplicável.

Esta mensagem foi gerada pelo protótipo de monitoramento de compras públicas.",simulado
401,Fornecedor_4,Medicamentos,22204.31,2023-05-31,-1095,0.3177237323503826,Baixa,prazo próximo do vencimento,Acompanhamento da OF 401 - prioridade Baixa,"Prezado fornecedor Fornecedor_4,

A Ordem de Fornecimento 401 apresenta prioridade Baixa no acompanhamento de entrega. O prazo registrado é 2023-05-31 00:00:00 e o escore de risco calculado é 0.32.

Solicitamos confirmação do status da entrega e previsão atualizada, quando aplicável.

Esta mensagem foi gerada pelo protótipo de monitoramento de compras públicas.",simulado
402,Fornecedor_18,Insumos,13177.0,2023-04-19,-1137,0.283490870350634,Baixa,prazo próximo do vencimento,Acompanhamento da OF 402 - prioridade Baixa,"Prezado fornecedor Fornecedor_18,

A Ordem de Fornecimento 402 apresenta prioridade Baixa no acompanhamento de entrega. O prazo registrado é 2023-04-19 00:00:00 e o escore de risco calculado é 0.28.

Solicitamos confirmação do status da entrega e previsão atualizada, quando aplicável.

Esta mensagem foi gerada pelo protótipo de monitoramento de compras públicas.",simulado
403,Fornecedor_20,Tecnologia,20042.02,2023-12-15,-897,0.6593346873775573,Média,prazo próximo do vencimento,Acompanhamento da OF 403 - prioridade Média,"Prezado fornecedor Fornecedor_20,

A Ordem de Fornecimento 403 apresenta prioridade Média no acompanhamento de entrega. O prazo registrado é 2023-12-15 00:00:00 e o escore de risco calculado é 0.66.

Solicitamos confirmação do status da entrega e previsão atualizada, quando aplicável.

Esta mensagem foi gerada pelo protótipo de monitoramento de compras públicas.",simulado
404,Fornecedor_7,Tecnologia,16670.87,2023-08-11,-1023,0.2725197310788623,Baixa,prazo próximo do vencimento,Acompanhamento da OF 404 - prioridade Baixa,"Prezado fornecedor Fornecedor_7,

A Ordem de Fornecimento 404 apresenta prioridade Baixa no acompanhamento de entrega. O prazo registrado é 2023-08-11 00:00:00 e o escore de risco calculado é 0.27.

Solicitamos confirmação do status da entrega e previsão atualizada, quando aplicável.

Esta mensagem foi gerada pelo protótipo de monitoramento de compras públicas.",simulado
405,Fornecedor_9,Tecnologia,40266.55,2023-07-19,-1046,0.2514272083544849,Baixa,prazo próximo do vencimento,Acompanhamento da OF 405 - prioridade Baixa,"Prezado fornecedor Fornecedor_9,

A Ordem de Fornecimento 405 apresenta prioridade Baixa no acompanhamento de entrega. O prazo registrado é 2023-07-19 00:00:00 e o escore de risco calculado é 0.25.

Solicitamos confirmação do status da entrega e previsão atualizada, quando aplicável.

Esta mensagem foi gerada pelo protótipo de monitoramento de compras públicas.",simulado
406,Fornecedor_2,Equipamentos,49347.32,2023-02-11,-1204,0.2935477459492217,Baixa,prazo próximo do vencimento,Acompanhamento da OF 406 - prioridade Baixa,"Prezado fornecedor Fornecedor_2,

A Ordem de Fornecimento 406 apresenta prioridade Baixa no acompanhamento de entrega. O prazo registrado é 2023-02-11 00:00:00 e o escore de risco calculado é 0.29.

Solicitamos confirmação do status da entrega e previsão atualizada, quando aplicável.

Esta mensagem foi gerada pelo protótipo de monitoramento de compras públicas.",simulado
407,Fornecedor_2,Medicamentos,11219.63,2023-04-26,-1130,0.1149530469737002,Baixa,prazo próximo do vencimento,Acompanhamento da OF 407 - prioridade Baixa,"Prezado fornecedor Fornecedor_2,

A Ordem de Fornecimento 407 apresenta prioridade Baixa no acompanhamento de entrega. O prazo registrado é 2023-04-26 00:00:00 e o escore de risco calculado é 0.11.

Solicitamos confirmação do status da entrega e previsão atualizada, quando aplicável.

Esta mensagem foi gerada pelo protótipo de monitoramento de compras públicas.",simulado
408,Fornecedor_7,Medicamentos,20084.36,2023-12-27,-885,0.2859364199696453,Baixa,prazo próximo do vencimento,Acompanhamento da OF 408 - prioridade Baixa,"Prezado fornecedor Fornecedor_7,

A Ordem de Fornecimento 408 apresenta prioridade Baixa no acompanhamento de entrega. O prazo registrado é 2023-12-27 00:00:00 e o escore de risco calculado é 0.29.

Solicitamos confirmação do status da entrega e previsão atualizada, quando aplicável.

Esta mensagem foi gerada pelo protótipo de monitoramento de compras públicas.",simulado
409,Fornecedor_13,Equipamentos,29886.37,2023-07-16,-1049,0.2928809694111374,Baixa,prazo próximo do vencimento,Acompanhamento da OF 409 - prioridade Baixa,"Prezado fornecedor Fornecedor_13,

A Ordem de Fornecimento 409 apresenta prioridade Baixa no acompanhamento de entrega. O prazo registrado é 2023-07-16 00:00:00 e o escore de risco calculado é 0.29.

Solicitamos confirmação do status da entrega e previsão atualizada, quando aplicável.

Esta mensagem foi gerada pelo protótipo de monitoramento de compras públicas.",simulado
410,Fornecedor_7,Medicamentos,31214.83,2023-05-28,-1098,0.3483289372151932,Baixa,prazo próximo do vencimento,Acompanhamento da OF 410 - prioridade Baixa,"Prezado fornecedor Fornecedor_7,

A Ordem de Fornecimento 410 apresenta prioridade Baixa no acompanhamento de entrega. O prazo registrado é 2023-05-28 00:00:00 e o escore de risco calculado é 0.35.

Solicitamos confirmação do status da entrega e previsão atualizada, quando aplicável.

Esta mensagem foi gerada pelo protótipo de monitoramento de compras públicas.",simulado
411,Fornecedor_20,Equipamentos,6260.85,2023-06-13,-1082,0.4507173888476285,Média,prazo próximo do vencimento,Acompanhamento da OF 411 - prioridade Média,"Prezado fornecedor Fornecedor_20,

A Ordem de Fornecimento 411 apresenta prioridade Média no acompanhamento de entrega. O prazo registrado é 2023-06-13 00:00:00 e o escore de risco calculado é 0.45.

Solicitamos confirmação do status da entrega e previsão atualizada, quando aplicável.

Esta mensagem foi gerada pelo protótipo de monitoramento de compras públicas.",simulado
412,Fornecedor_3,Insumos,28689.17,2023-04-28,-1128,0.1785231524013786,Baixa,prazo próximo do vencimento,Acompanhamento da OF 412 - prioridade Baixa,"Prezado fornecedor Fornecedor_3,

A Ordem de Fornecimento 412 apresenta prioridade Baixa no acompanhamento de entrega. O prazo registrado é 2023-04-28 00:00:00 e o escore de risco calculado é 0.18.

Solicitamos confirmação do status da entrega e previsão atualizada, quando aplicável.

Esta mensagem foi gerada pelo protótipo de monitoramento de compras públicas.",simulado
413,Fornecedor_19,Tecnologia,25783.88,2023-06-26,-1069,0.709834681062281,Alta,risco preditivo elevado; prazo próximo do vencimento,Acompanhamento da OF 413 - prioridade Alta,"Prezado fornecedor Fornecedor_19,

A Ordem de Fornecimento 413 apresenta prioridade Alta no acompanhamento de entrega. O prazo registrado é 2023-06-26 00:00:00 e o escore de risco calculado é 0.71.

Solicitamos confirmação do status da entrega e previsão atualizada, quando aplicável.

Esta mensagem foi gerada pelo protótipo de monitoramento de compras públicas.",simulado
414,Fornecedor_4,Medicamentos,36645.05,2023-10-26,-947,0.3091076962249667,Baixa,prazo próximo do vencimento,Acompanhamento da OF 414 - prioridade Baixa,"Prezado fornecedor Fornecedor_4,

A Ordem de Fornecimento 414 apresenta prioridade Baixa no acompanhamento de entrega. O prazo registrado é 2023-10-26 00:00:00 e o escore de risco calculado é 0.31.

Solicitamos confirmação do status da entrega e previsão atualizada, quando aplicável.

Esta mensagem foi gerada pelo protótipo de monitoramento de compras públicas.",simulado
415,Fornecedor_7,Tecnologia,24394.09,2023-06-25,-1070,0.500629645906688,Média,prazo próximo do vencimento,Acompanhamento da OF 415 - prioridade Média,"Prezado fornecedor Fornecedor_7,

A Ordem de Fornecimento 415 apresenta prioridade Média no acompanhamento de entrega. O prazo registrado é 2023-06-25 00:00:00 e o escore de risco calculado é 0.50.

Solicitamos confirmação do status da entrega e previsão atualizada, quando aplicável.

Esta mensagem foi gerada pelo protótipo de monitoramento de compras públicas.",simulado
416,Fornecedor_19,Insumos,48995.26,2023-03-18,-1169,0.2015120368409267,Baixa,prazo próximo do vencimento,Acompanhamento da OF 416 - prioridade Baixa,"Prezado fornecedor Fornecedor_19,

A Ordem de Fornecimento 416 apresenta prioridade Baixa no acompanhamento de entrega. O prazo registrado é 2023-03-18 00:00:00 e o escore de risco calculado é 0.20.

Solicitamos confirmação do status da entrega e previsão atualizada, quando aplicável.

Esta mensagem foi gerada pelo protótipo de monitoramento de compras públicas.",simulado
417,Fornecedor_1,Equipamentos,47095.13,2023-05-06,-1120,0.3491563067061186,Baixa,prazo próximo do vencimento,Acompanhamento da OF 417 - prioridade Baixa,"Prezado fornecedor Fornecedor_1,

A Ordem de Fornecimento 417 apresenta prioridade Baixa no acompanhamento de entrega. O prazo registrado é 2023-05-06 00:00:00 e o escore de risco calculado é 0.35.

Solicitamos confirmação do status da entrega e previsão atualizada, quando aplicável.

Esta mensagem foi gerada pelo protótipo de monitoramento de compras públicas.",simulado
418,Fornecedor_11,Medicamentos,28193.09,2023-08-30,-1004,0.0331111460378802,Baixa,prazo próximo do vencimento,Acompanhamento da OF 418 - prioridade Baixa,"Prezado fornecedor Fornecedor_11,

A Ordem de Fornecimento 418 apresenta prioridade Baixa no acompanhamento de entrega. O prazo registrado é 2023-08-30 00:00:00 e o escore de risco calculado é 0.03.

Solicitamos confirmação do status da entrega e previsão atualizada, quando aplicável.

Esta mensagem foi gerada pelo protótipo de monitoramento de compras públicas.",simulado
419,Fornecedor_4,Equipamentos,6951.05,2023-11-18,-924,0.2346794240147377,Baixa,prazo próximo do vencimento,Acompanhamento da OF 419 - prioridade Baixa,"Prezado fornecedor Fornecedor_4,

A Ordem de Fornecimento 419 apresenta prioridade Baixa no acompanhamento de entrega. O prazo registrado é 2023-11-18 00:00:00 e o escore de risco calculado é 0.23.

Solicitamos confirmação do status da entrega e previsão atualizada, quando aplicável.

Esta mensagem foi gerada pelo protótipo de monitoramento de compras públicas.",simulado
420,Fornecedor_8,Insumos,44364.9,2023-11-07,-935,0.2421449749010641,Baixa,prazo próximo do vencimento,Acompanhamento da OF 420 - prioridade Baixa,"Prezado fornecedor Fornecedor_8,

A Ordem de Fornecimento 420 apresenta prioridade Baixa no acompanhamento de entrega. O prazo registrado é 2023-11-07 00:00:00 e o escore de risco calculado é 0.24.

Solicitamos confirmação do status da entrega e previsão atualizada, quando aplicável.

Esta mensagem foi gerada pelo protótipo de monitoramento de compras públicas.",simulado
421,Fornecedor_10,Tecnologia,30893.12,2023-01-30,-1216,0.5459975191291555,Média,prazo próximo do vencimento,Acompanhamento da OF 421 - prioridade Média,"Prezado fornecedor Fornecedor_10,

A Ordem de Fornecimento 421 apresenta prioridade Média no acompanhamento de entrega. O prazo registrado é 2023-01-30 00:00:00 e o escore de risco calculado é 0.55.

Solicitamos confirmação do status da entrega e previsão atualizada, quando aplicável.

Esta mensagem foi gerada pelo protótipo de monitoramento de compras públicas.",simulado
422,Fornecedor_3,Equipamentos,29622.05,2023-10-20,-953,0.3591466647606973,Baixa,prazo próximo do vencimento,Acompanhamento da OF 422 - prioridade Baixa,"Prezado fornecedor Fornecedor_3,

A Ordem de Fornecimento 422 apresenta prioridade Baixa no acompanhamento de entrega. O prazo registrado é 2023-10-20 00:00:00 e o escore de risco calculado é 0.36.

Solicitamos confirmação do status da entrega e previsão atualizada, quando aplicável.

Esta mensagem foi gerada pelo protótipo de monitoramento de compras públicas.",simulado
423,Fornecedor_6,Equipamentos,11406.42,2023-08-29,-1005,0.2298336440169819,Baixa,prazo próximo do vencimento,Acompanhamento da OF 423 - prioridade Baixa,"Prezado fornecedor Fornecedor_6,

A Ordem de Fornecimento 423 apresenta prioridade Baixa no acompanhamento de entrega. O prazo registrado é 2023-08-29 00:00:00 e o escore de risco calculado é 0.23.

Solicitamos confirmação do status da entrega e previsão atualizada, quando aplicável.

Esta mensagem foi gerada pelo protótipo de monitoramento de compras públicas.",simulado
424,Fornecedor_8,Tecnologia,32921.39,2023-06-17,-1078,0.6799773367713012,Média,prazo próximo do vencimento,Acompanhamento da OF 424 - prioridade Média,"Prezado fornecedor Fornecedor_8,

A Ordem de Fornecimento 424 apresenta prioridade Média no acompanhamento de entrega. O prazo registrado é 2023-06-17 00:00:00 e o escore de risco calculado é 0.68.

Solicitamos confirmação do status da entrega e previsão atualizada, quando aplicável.

Esta mensagem foi gerada pelo protótipo de monitoramento de compras públicas.",simulado
425,Fornecedor_8,Equipamentos,23269.35,2023-10-12,-961,0.3346479964663131,Baixa,prazo próximo do vencimento,Acompanhamento da OF 425 - prioridade Baixa,"Prezado fornecedor Fornecedor_8,

A Ordem de Fornecimento 425 apresenta prioridade Baixa no acompanhamento de entrega. O prazo registrado é 2023-10-12 00:00:00 e o escore de risco calculado é 0.33.

Solicitamos confirmação do status da entrega e previsão atualizada, quando aplicável.

Esta mensagem foi gerada pelo protótipo de monitoramento de compras públicas.",simulado
426,Fornecedor_18,Insumos,35236.04,2024-01-05,-876,0.4051880663719084,Média,prazo próximo do vencimento,Acompanhamento da OF 426 - prioridade Média,"Prezado fornecedor Fornecedor_18,

A Ordem de Fornecimento 426 apresenta prioridade Média no acompanhamento de entrega. O prazo registrado é 2024-01-05 00:00:00 e o escore de risco calculado é 0.41.

Solicitamos confirmação do status da entrega e previsão atualizada, quando aplicável.

Esta mensagem foi gerada pelo protótipo de monitoramento de compras públicas.",simulado
427,Fornecedor_3,Insumos,30846.35,2023-02-13,-1202,0.1610664739150978,Baixa,prazo próximo do vencimento,Acompanhamento da OF 427 - prioridade Baixa,"Prezado fornecedor Fornecedor_3,

A Ordem de Fornecimento 427 apresenta prioridade Baixa no acompanhamento de entrega. O prazo registrado é 2023-02-13 00:00:00 e o escore de risco calculado é 0.16.

Solicitamos confirmação do status da entrega e previsão atualizada, quando aplicável.

Esta mensagem foi gerada pelo protótipo de monitoramento de compras públicas.",simulado
428,Fornecedor_10,Tecnologia,20107.9,2023-06-07,-1088,0.4382625121527071,Média,prazo próximo do vencimento,Acompanhamento da OF 428 - prioridade Média,"Prezado fornecedor Fornecedor_10,

A Ordem de Fornecimento 428 apresenta prioridade Média no acompanhamento de entrega. O prazo registrado é 2023-06-07 00:00:00 e o escore de risco calculado é 0.44.

Solicitamos confirmação do status da entrega e previsão atualizada, quando aplicável.

Esta mensagem foi gerada pelo protótipo de monitoramento de compras públicas.",simulado
429,Fornecedor_13,Insumos,14472.03,2023-07-01,-1064,0.5841086804026722,Média,prazo próximo do vencimento,Acompanhamento da OF 429 - prioridade Média,"Prezado fornecedor Fornecedor_13,

A Ordem de Fornecimento 429 apresenta prioridade Média no acompanhamento de entrega. O prazo registrado é 2023-07-01 00:00:00 e o escore de risco calculado é 0.58.

Solicitamos confirmação do status da entrega e previsão atualizada, quando aplicável.

Esta mensagem foi gerada pelo protótipo de monitoramento de compras públicas.",simulado
430,Fornecedor_8,Medicamentos,41163.52,2023-06-19,-1076,0.3571701831744162,Baixa,prazo próximo do vencimento,Acompanhamento da OF 430 - prioridade Baixa,"Prezado fornecedor Fornecedor_8,

A Ordem de Fornecimento 430 apresenta prioridade Baixa no acompanhamento de entrega. O prazo registrado é 2023-06-19 00:00:00 e o escore de risco calculado é 0.36.

Solicitamos confirmação do status da entrega e previsão atualizada, quando aplicável.

Esta mensagem foi gerada pelo protótipo de monitoramento de compras públicas.",simulado
431,Fornecedor_14,Medicamentos,15647.59,2023-08-20,-1014,0.3390197571014014,Baixa,prazo próximo do vencimento,Acompanhamento da OF 431 - prioridade Baixa,"Prezado fornecedor Fornecedor_14,

A Ordem de Fornecimento 431 apresenta prioridade Baixa no acompanhamento de entrega. O prazo registrado é 2023-08-20 00:00:00 e o escore de risco calculado é 0.34.

Solicitamos confirmação do status da entrega e previsão atualizada, quando aplicável.

Esta mensagem foi gerada pelo protótipo de monitoramento de compras públicas.",simulado
432,Fornecedor_13,Insumos,42993.45,2023-07-31,-1034,0.3790833717046258,Baixa,prazo próximo do vencimento,Acompanhamento da OF 432 - prioridade Baixa,"Prezado fornecedor Fornecedor_13,

A Ordem de Fornecimento 432 apresenta prioridade Baixa no acompanhamento de entrega. O prazo registrado é 2023-07-31 00:00:00 e o escore de risco calculado é 0.38.

Solicitamos confirmação do status da entrega e previsão atualizada, quando aplicável.

Esta mensagem foi gerada pelo protótipo de monitoramento de compras públicas.",simulado
433,Fornecedor_7,Insumos,3470.66,2023-09-04,-999,0.5029675760733476,Média,prazo próximo do vencimento,Acompanhamento da OF 433 - prioridade Média,"Prezado fornecedor Fornecedor_7,

A Ordem de Fornecimento 433 apresenta prioridade Média no acompanhamento de entrega. O prazo registrado é 2023-09-04 00:00:00 e o escore de risco calculado é 0.50.

Solicitamos confirmação do status da entrega e previsão atualizada, quando aplicável.

Esta mensagem foi gerada pelo protótipo de monitoramento de compras públicas.",simulado
434,Fornecedor_7,Insumos,37388.68,2023-05-30,-1096,0.3486710479538329,Baixa,prazo próximo do vencimento,Acompanhamento da OF 434 - prioridade Baixa,"Prezado fornecedor Fornecedor_7,

A Ordem de Fornecimento 434 apresenta prioridade Baixa no acompanhamento de entrega. O prazo registrado é 2023-05-30 00:00:00 e o escore de risco calculado é 0.35.

Solicitamos confirmação do status da entrega e previsão atualizada, quando aplicável.

Esta mensagem foi gerada pelo protótipo de monitoramento de compras públicas.",simulado
435,Fornecedor_6,Insumos,41358.53,2023-05-31,-1095,0.2702305542138998,Baixa,prazo próximo do vencimento,Acompanhamento da OF 435 - prioridade Baixa,"Prezado fornecedor Fornecedor_6,

A Ordem de Fornecimento 435 apresenta prioridade Baixa no acompanhamento de entrega. O prazo registrado é 2023-05-31 00:00:00 e o escore de risco calculado é 0.27.

Solicitamos confirmação do status da entrega e previsão atualizada, quando aplicável.

Esta mensagem foi gerada pelo protótipo de monitoramento de compras públicas.",simulado
436,Fornecedor_8,Equipamentos,36954.95,2023-09-17,-986,0.2473867197063576,Baixa,prazo próximo do vencimento,Acompanhamento da OF 436 - prioridade Baixa,"Prezado fornecedor Fornecedor_8,

A Ordem de Fornecimento 436 apresenta prioridade Baixa no acompanhamento de entrega. O prazo registrado é 2023-09-17 00:00:00 e o escore de risco calculado é 0.25.

Solicitamos confirmação do status da entrega e previsão atualizada, quando aplicável.

Esta mensagem foi gerada pelo protótipo de monitoramento de compras públicas.",simulado
437,Fornecedor_6,Insumos,46127.48,2023-01-28,-1218,0.5625143603460266,Média,prazo próximo do vencimento,Acompanhamento da OF 437 - prioridade Média,"Prezado fornecedor Fornecedor_6,

A Ordem de Fornecimento 437 apresenta prioridade Média no acompanhamento de entrega. O prazo registrado é 2023-01-28 00:00:00 e o escore de risco calculado é 0.56.

Solicitamos confirmação do status da entrega e previsão atualizada, quando aplicável.

Esta mensagem foi gerada pelo protótipo de monitoramento de compras públicas.",simulado
438,Fornecedor_16,Insumos,34772.14,2023-02-08,-1207,0.3062648800507359,Baixa,prazo próximo do vencimento,Acompanhamento da OF 438 - prioridade Baixa,"Prezado fornecedor Fornecedor_16,

A Ordem de Fornecimento 438 apresenta prioridade Baixa no acompanhamento de entrega. O prazo registrado é 2023-02-08 00:00:00 e o escore de risco calculado é 0.31.

Solicitamos confirmação do status da entrega e previsão atualizada, quando aplicável.

Esta mensagem foi gerada pelo protótipo de monitoramento de compras públicas.",simulado
439,Fornecedor_3,Tecnologia,11330.96,2023-12-18,-894,0.1726702106092338,Baixa,prazo próximo do vencimento,Acompanhamento da OF 439 - prioridade Baixa,"Prezado fornecedor Fornecedor_3,

A Ordem de Fornecimento 439 apresenta prioridade Baixa no acompanhamento de entrega. O prazo registrado é 2023-12-18 00:00:00 e o escore de risco calculado é 0.17.

Solicitamos confirmação do status da entrega e previsão atualizada, quando aplicável.

Esta mensagem foi gerada pelo protótipo de monitoramento de compras públicas.",simulado
440,Fornecedor_9,Tecnologia,13947.11,2023-06-06,-1089,0.2305309806967885,Baixa,prazo próximo do vencimento,Acompanhamento da OF 440 - prioridade Baixa,"Prezado fornecedor Fornecedor_9,

A Ordem de Fornecimento 440 apresenta prioridade Baixa no acompanhamento de entrega. O prazo registrado é 2023-06-06 00:00:00 e o escore de risco calculado é 0.23.

Solicitamos confirmação do status da entrega e previsão atualizada, quando aplicável.

Esta mensagem foi gerada pelo protótipo de monitoramento de compras públicas.",simulado
441,Fornecedor_16,Tecnologia,4943.5,2023-03-05,-1182,0.3302233051592526,Baixa,prazo próximo do vencimento,Acompanhamento da OF 441 - prioridade Baixa,"Prezado fornecedor Fornecedor_16,

A Ordem de Fornecimento 441 apresenta prioridade Baixa no acompanhamento de entrega. O prazo registrado é 2023-03-05 00:00:00 e o escore de risco calculado é 0.33.

Solicitamos confirmação do status da entrega e previsão atualizada, quando aplicável.

Esta mensagem foi gerada pelo protótipo de monitoramento de compras públicas.",simulado
442,Fornecedor_3,Tecnologia,24256.34,2023-04-20,-1136,0.2734884972495946,Baixa,prazo próximo do vencimento,Acompanhamento da OF 442 - prioridade Baixa,"Prezado fornecedor Fornecedor_3,

A Ordem de Fornecimento 442 apresenta prioridade Baixa no acompanhamento de entrega. O prazo registrado é 2023-04-20 00:00:00 e o escore de risco calculado é 0.27.

Solicitamos confirmação do status da entrega e previsão atualizada, quando aplicável.

Esta mensagem foi gerada pelo protótipo de monitoramento de compras públicas.",simulado
443,Fornecedor_20,Insumos,13929.14,2023-11-18,-924,0.2448259692838967,Baixa,prazo próximo do vencimento,Acompanhamento da OF 443 - prioridade Baixa,"Prezado fornecedor Fornecedor_20,

A Ordem de Fornecimento 443 apresenta prioridade Baixa no acompanhamento de entrega. O prazo registrado é 2023-11-18 00:00:00 e o escore de risco calculado é 0.24.

Solicitamos confirmação do status da entrega e previsão atualizada, quando aplicável.

Esta mensagem foi gerada pelo protótipo de monitoramento de compras públicas.",simulado
444,Fornecedor_7,Tecnologia,34992.49,2023-11-20,-922,0.3609723093998803,Baixa,prazo próximo do vencimento,Acompanhamento da OF 444 - prioridade Baixa,"Prezado fornecedor Fornecedor_7,

A Ordem de Fornecimento 444 apresenta prioridade Baixa no acompanhamento de entrega. O prazo registrado é 2023-11-20 00:00:00 e o escore de risco calculado é 0.36.

Solicitamos confirmação do status da entrega e previsão atualizada, quando aplicável.

Esta mensagem foi gerada pelo protótipo de monitoramento de compras públicas.",simulado
445,Fornecedor_2,Medicamentos,11463.59,2023-04-02,-1154,0.1346543980283482,Baixa,prazo próximo do vencimento,Acompanhamento da OF 445 - prioridade Baixa,"Prezado fornecedor Fornecedor_2,

A Ordem de Fornecimento 445 apresenta prioridade Baixa no acompanhamento de entrega. O prazo registrado é 2023-04-02 00:00:00 e o escore de risco calculado é 0.13.

Solicitamos confirmação do status da entrega e previsão atualizada, quando aplicável.

Esta mensagem foi gerada pelo protótipo de monitoramento de compras públicas.",simulado
446,Fornecedor_12,Equipamentos,41064.32,2023-12-30,-882,0.642370315366196,Média,prazo próximo do vencimento,Acompanhamento da OF 446 - prioridade Média,"Prezado fornecedor Fornecedor_12,

A Ordem de Fornecimento 446 apresenta prioridade Média no acompanhamento de entrega. O prazo registrado é 2023-12-30 00:00:00 e o escore de risco calculado é 0.64.

Solicitamos confirmação do status da entrega e previsão atualizada, quando aplicável.

Esta mensagem foi gerada pelo protótipo de monitoramento de compras públicas.",simulado
447,Fornecedor_5,Equipamentos,46096.88,2023-08-10,-1024,0.2850118884979732,Baixa,prazo próximo do vencimento,Acompanhamento da OF 447 - prioridade Baixa,"Prezado fornecedor Fornecedor_5,

A Ordem de Fornecimento 447 apresenta prioridade Baixa no acompanhamento de entrega. O prazo registrado é 2023-08-10 00:00:00 e o escore de risco calculado é 0.29.

Solicitamos confirmação do status da entrega e previsão atualizada, quando aplicável.

Esta mensagem foi gerada pelo protótipo de monitoramento de compras públicas.",simulado
448,Fornecedor_19,Equipamentos,41049.28,2023-07-27,-1038,0.1414066955353356,Baixa,prazo próximo do vencimento,Acompanhamento da OF 448 - prioridade Baixa,"Prezado fornecedor Fornecedor_19,

A Ordem de Fornecimento 448 apresenta prioridade Baixa no acompanhamento de entrega. O prazo registrado é 2023-07-27 00:00:00 e o escore de risco calculado é 0.14.

Solicitamos confirmação do status da entrega e previsão atualizada, quando aplicável.

Esta mensagem foi gerada pelo protótipo de monitoramento de compras públicas.",simulado
449,Fornecedor_17,Equipamentos,26363.0,2023-11-23,-919,0.3128567626513981,Baixa,prazo próximo do vencimento,Acompanhamento da OF 449 - prioridade Baixa,"Prezado fornecedor Fornecedor_17,

A Ordem de Fornecimento 449 apresenta prioridade Baixa no acompanhamento de entrega. O prazo registrado é 2023-11-23 00:00:00 e o escore de risco calculado é 0.31.

Solicitamos confirmação do status da entrega e previsão atualizada, quando aplicável.

Esta mensagem foi gerada pelo protótipo de monitoramento de compras públicas.",simulado
450,Fornecedor_14,Insumos,10241.66,2023-10-11,-962,0.1811239997202783,Baixa,prazo próximo do vencimento,Acompanhamento da OF 450 - prioridade Baixa,"Prezado fornecedor Fornecedor_14,

A Ordem de Fornecimento 450 apresenta prioridade Baixa no acompanhamento de entrega. O prazo registrado é 2023-10-11 00:00:00 e o escore de risco calculado é 0.18.

Solicitamos confirmação do status da entrega e previsão atualizada, quando aplicável.

Esta mensagem foi gerada pelo protótipo de monitoramento de compras públicas.",simulado
451,Fornecedor_7,Tecnologia,46957.62,2023-06-09,-1086,0.3351946142566496,Baixa,prazo próximo do vencimento,Acompanhamento da OF 451 - prioridade Baixa,"Prezado fornecedor Fornecedor_7,

A Ordem de Fornecimento 451 apresenta prioridade Baixa no acompanhamento de entrega. O prazo registrado é 2023-06-09 00:00:00 e o escore de risco calculado é 0.34.

Solicitamos confirmação do status da entrega e previsão atualizada, quando aplicável.

Esta mensagem foi gerada pelo protótipo de monitoramento de compras públicas.",simulado
452,Fornecedor_17,Medicamentos,30410.95,2023-12-20,-892,0.3981378330764745,Média,prazo próximo do vencimento,Acompanhamento da OF 452 - prioridade Média,"Prezado fornecedor Fornecedor_17,

A Ordem de Fornecimento 452 apresenta prioridade Média no acompanhamento de entrega. O prazo registrado é 2023-12-20 00:00:00 e o escore de risco calculado é 0.40.

Solicitamos confirmação do status da entrega e previsão atualizada, quando aplicável.

Esta mensagem foi gerada pelo protótipo de monitoramento de compras públicas.",simulado
453,Fornecedor_6,Insumos,31534.34,2023-10-20,-953,0.3104060464235839,Baixa,prazo próximo do vencimento,Acompanhamento da OF 453 - prioridade Baixa,"Prezado fornecedor Fornecedor_6,

A Ordem de Fornecimento 453 apresenta prioridade Baixa no acompanhamento de entrega. O prazo registrado é 2023-10-20 00:00:00 e o escore de risco calculado é 0.31.

Solicitamos confirmação do status da entrega e previsão atualizada, quando aplicável.

Esta mensagem foi gerada pelo protótipo de monitoramento de compras públicas.",simulado
454,Fornecedor_1,Insumos,35191.44,2023-10-08,-965,0.5703108003630465,Média,prazo próximo do vencimento,Acompanhamento da OF 454 - prioridade Média,"Prezado fornecedor Fornecedor_1,

A Ordem de Fornecimento 454 apresenta prioridade Média no acompanhamento de entrega. O prazo registrado é 2023-10-08 00:00:00 e o escore de risco calculado é 0.57.

Solicitamos confirmação do status da entrega e previsão atualizada, quando aplicável.

Esta mensagem foi gerada pelo protótipo de monitoramento de compras públicas.",simulado
455,Fornecedor_15,Equipamentos,13303.89,2023-06-12,-1083,0.7037740790040149,Alta,risco preditivo elevado; prazo próximo do vencimento,Acompanhamento da OF 455 - prioridade Alta,"Prezado fornecedor Fornecedor_15,

A Ordem de Fornecimento 455 apresenta prioridade Alta no acompanhamento de entrega. O prazo registrado é 2023-06-12 00:00:00 e o escore de risco calculado é 0.70.

Solicitamos confirmação do status da entrega e previsão atualizada, quando aplicável.

Esta mensagem foi gerada pelo protótipo de monitoramento de compras públicas.",simulado
456,Fornecedor_3,Medicamentos,7189.15,2023-11-28,-914,0.502822788710107,Média,prazo próximo do vencimento,Acompanhamento da OF 456 - prioridade Média,"Prezado fornecedor Fornecedor_3,

A Ordem de Fornecimento 456 apresenta prioridade Média no acompanhamento de entrega. O prazo registrado é 2023-11-28 00:00:00 e o escore de risco calculado é 0.50.

Solicitamos confirmação do status da entrega e previsão atualizada, quando aplicável.

Esta mensagem foi gerada pelo protótipo de monitoramento de compras públicas.",simulado
457,Fornecedor_16,Tecnologia,15046.55,2023-06-05,-1090,0.3885336154933836,Baixa,prazo próximo do vencimento,Acompanhamento da OF 457 - prioridade Baixa,"Prezado fornecedor Fornecedor_16,

A Ordem de Fornecimento 457 apresenta prioridade Baixa no acompanhamento de entrega. O prazo registrado é 2023-06-05 00:00:00 e o escore de risco calculado é 0.39.

Solicitamos confirmação do status da entrega e previsão atualizada, quando aplicável.

Esta mensagem foi gerada pelo protótipo de monitoramento de compras públicas.",simulado
458,Fornecedor_19,Insumos,31976.48,2023-07-29,-1036,0.5966176024598534,Média,prazo próximo do vencimento,Acompanhamento da OF 458 - prioridade Média,"Prezado fornecedor Fornecedor_19,

A Ordem de Fornecimento 458 apresenta prioridade Média no acompanhamento de entrega. O prazo registrado é 2023-07-29 00:00:00 e o escore de risco calculado é 0.60.

Solicitamos confirmação do status da entrega e previsão atualizada, quando aplicável.

Esta mensagem foi gerada pelo protótipo de monitoramento de compras públicas.",simulado
459,Fornecedor_15,Insumos,27238.29,2023-01-24,-1222,0.1994987743323768,Baixa,prazo próximo do vencimento,Acompanhamento da OF 459 - prioridade Baixa,"Prezado fornecedor Fornecedor_15,

A Ordem de Fornecimento 459 apresenta prioridade Baixa no acompanhamento de entrega. O prazo registrado é 2023-01-24 00:00:00 e o escore de risco calculado é 0.20.

Solicitamos confirmação do status da entrega e previsão atualizada, quando aplicável.

Esta mensagem foi gerada pelo protótipo de monitoramento de compras públicas.",simulado
460,Fornecedor_9,Medicamentos,4392.44,2023-05-26,-1100,0.6142190601756097,Média,prazo próximo do vencimento,Acompanhamento da OF 460 - prioridade Média,"Prezado fornecedor Fornecedor_9,

A Ordem de Fornecimento 460 apresenta prioridade Média no acompanhamento de entrega. O prazo registrado é 2023-05-26 00:00:00 e o escore de risco calculado é 0.61.

Solicitamos confirmação do status da entrega e previsão atualizada, quando aplicável.

Esta mensagem foi gerada pelo protótipo de monitoramento de compras públicas.",simulado
461,Fornecedor_1,Medicamentos,24924.09,2023-12-22,-890,0.2340945904643314,Baixa,prazo próximo do vencimento,Acompanhamento da OF 461 - prioridade Baixa,"Prezado fornecedor Fornecedor_1,

A Ordem de Fornecimento 461 apresenta prioridade Baixa no acompanhamento de entrega. O prazo registrado é 2023-12-22 00:00:00 e o escore de risco calculado é 0.23.

Solicitamos confirmação do status da entrega e previsão atualizada, quando aplicável.

Esta mensagem foi gerada pelo protótipo de monitoramento de compras públicas.",simulado
462,Fornecedor_5,Equipamentos,16919.44,2024-01-10,-871,0.5828949774449446,Média,prazo próximo do vencimento,Acompanhamento da OF 462 - prioridade Média,"Prezado fornecedor Fornecedor_5,

A Ordem de Fornecimento 462 apresenta prioridade Média no acompanhamento de entrega. O prazo registrado é 2024-01-10 00:00:00 e o escore de risco calculado é 0.58.

Solicitamos confirmação do status da entrega e previsão atualizada, quando aplicável.

Esta mensagem foi gerada pelo protótipo de monitoramento de compras públicas.",simulado
463,Fornecedor_3,Tecnologia,42948.1,2024-01-10,-871,0.3312884137611795,Baixa,prazo próximo do vencimento,Acompanhamento da OF 463 - prioridade Baixa,"Prezado fornecedor Fornecedor_3,

A Ordem de Fornecimento 463 apresenta prioridade Baixa no acompanhamento de entrega. O prazo registrado é 2024-01-10 00:00:00 e o escore de risco calculado é 0.33.

Solicitamos confirmação do status da entrega e previsão atualizada, quando aplicável.

Esta mensagem foi gerada pelo protótipo de monitoramento de compras públicas.",simulado
464,Fornecedor_6,Insumos,44623.04,2023-11-24,-918,0.1162571681231465,Baixa,prazo próximo do vencimento,Acompanhamento da OF 464 - prioridade Baixa,"Prezado fornecedor Fornecedor_6,

A Ordem de Fornecimento 464 apresenta prioridade Baixa no acompanhamento de entrega. O prazo registrado é 2023-11-24 00:00:00 e o escore de risco calculado é 0.12.

Solicitamos confirmação do status da entrega e previsão atualizada, quando aplicável.

Esta mensagem foi gerada pelo protótipo de monitoramento de compras públicas.",simulado
465,Fornecedor_6,Insumos,30429.79,2024-01-05,-876,0.2332658963307941,Baixa,prazo próximo do vencimento,Acompanhamento da OF 465 - prioridade Baixa,"Prezado fornecedor Fornecedor_6,

A Ordem de Fornecimento 465 apresenta prioridade Baixa no acompanhamento de entrega. O prazo registrado é 2024-01-05 00:00:00 e o escore de risco calculado é 0.23.

Solicitamos confirmação do status da entrega e previsão atualizada, quando aplicável.

Esta mensagem foi gerada pelo protótipo de monitoramento de compras públicas.",simulado
466,Fornecedor_17,Medicamentos,15798.7,2023-12-16,-896,0.6151371061735149,Média,prazo próximo do vencimento,Acompanhamento da OF 466 - prioridade Média,"Prezado fornecedor Fornecedor_17,

A Ordem de Fornecimento 466 apresenta prioridade Média no acompanhamento de entrega. O prazo registrado é 2023-12-16 00:00:00 e o escore de risco calculado é 0.62.

Solicitamos confirmação do status da entrega e previsão atualizada, quando aplicável.

Esta mensagem foi gerada pelo protótipo de monitoramento de compras públicas.",simulado
467,Fornecedor_9,Medicamentos,44198.82,2023-07-01,-1064,0.2499584726893609,Baixa,prazo próximo do vencimento,Acompanhamento da OF 467 - prioridade Baixa,"Prezado fornecedor Fornecedor_9,

A Ordem de Fornecimento 467 apresenta prioridade Baixa no acompanhamento de entrega. O prazo registrado é 2023-07-01 00:00:00 e o escore de risco calculado é 0.25.

Solicitamos confirmação do status da entrega e previsão atualizada, quando aplicável.

Esta mensagem foi gerada pelo protótipo de monitoramento de compras públicas.",simulado
468,Fornecedor_15,Insumos,25151.59,2023-06-03,-1092,0.3231714941069795,Baixa,prazo próximo do vencimento,Acompanhamento da OF 468 - prioridade Baixa,"Prezado fornecedor Fornecedor_15,

A Ordem de Fornecimento 468 apresenta prioridade Baixa no acompanhamento de entrega. O prazo registrado é 2023-06-03 00:00:00 e o escore de risco calculado é 0.32.

Solicitamos confirmação do status da entrega e previsão atualizada, quando aplicável.

Esta mensagem foi gerada pelo protótipo de monitoramento de compras públicas.",simulado
469,Fornecedor_19,Insumos,32370.2,2023-06-18,-1077,0.2905858011655452,Baixa,prazo próximo do vencimento,Acompanhamento da OF 469 - prioridade Baixa,"Prezado fornecedor Fornecedor_19,

A Ordem de Fornecimento 469 apresenta prioridade Baixa no acompanhamento de entrega. O prazo registrado é 2023-06-18 00:00:00 e o escore de risco calculado é 0.29.

Solicitamos confirmação do status da entrega e previsão atualizada, quando aplicável.

Esta mensagem foi gerada pelo protótipo de monitoramento de compras públicas.",simulado
470,Fornecedor_16,Medicamentos,49555.14,2023-12-23,-889,0.7922170373212599,Alta,risco preditivo elevado; prazo próximo do vencimento,Acompanhamento da OF 470 - prioridade Alta,"Prezado fornecedor Fornecedor_16,

A Ordem de Fornecimento 470 apresenta prioridade Alta no acompanhamento de entrega. O prazo registrado é 2023-12-23 00:00:00 e o escore de risco calculado é 0.79.

Solicitamos confirmação do status da entrega e previsão atualizada, quando aplicável.

Esta mensagem foi gerada pelo protótipo de monitoramento de compras públicas.",simulado
471,Fornecedor_4,Tecnologia,45851.34,2023-04-17,-1139,0.4530843741037156,Média,prazo próximo do vencimento,Acompanhamento da OF 471 - prioridade Média,"Prezado fornecedor Fornecedor_4,

A Ordem de Fornecimento 471 apresenta prioridade Média no acompanhamento de entrega. O prazo registrado é 2023-04-17 00:00:00 e o escore de risco calculado é 0.45.

Solicitamos confirmação do status da entrega e previsão atualizada, quando aplicável.

Esta mensagem foi gerada pelo protótipo de monitoramento de compras públicas.",simulado
472,Fornecedor_17,Tecnologia,19852.3,2023-09-07,-996,0.4404255524292981,Média,prazo próximo do vencimento,Acompanhamento da OF 472 - prioridade Média,"Prezado fornecedor Fornecedor_17,

A Ordem de Fornecimento 472 apresenta prioridade Média no acompanhamento de entrega. O prazo registrado é 2023-09-07 00:00:00 e o escore de risco calculado é 0.44.

Solicitamos confirmação do status da entrega e previsão atualizada, quando aplicável.

Esta mensagem foi gerada pelo protótipo de monitoramento de compras públicas.",simulado
473,Fornecedor_14,Insumos,49302.7,2023-11-07,-935,0.642705945867383,Média,prazo próximo do vencimento,Acompanhamento da OF 473 - prioridade Média,"Prezado fornecedor Fornecedor_14,

A Ordem de Fornecimento 473 apresenta prioridade Média no acompanhamento de entrega. O prazo registrado é 2023-11-07 00:00:00 e o escore de risco calculado é 0.64.

Solicitamos confirmação do status da entrega e previsão atualizada, quando aplicável.

Esta mensagem foi gerada pelo protótipo de monitoramento de compras públicas.",simulado
474,Fornecedor_5,Tecnologia,10749.87,2023-09-07,-996,0.6712667298769076,Média,prazo próximo do vencimento,Acompanhamento da OF 474 - prioridade Média,"Prezado fornecedor Fornecedor_5,

A Ordem de Fornecimento 474 apresenta prioridade Média no acompanhamento de entrega. O prazo registrado é 2023-09-07 00:00:00 e o escore de risco calculado é 0.67.

Solicitamos confirmação do status da entrega e previsão atualizada, quando aplicável.

Esta mensagem foi gerada pelo protótipo de monitoramento de compras públicas.",simulado
475,Fornecedor_13,Medicamentos,31019.44,2023-04-19,-1137,0.2542929797298126,Baixa,prazo próximo do vencimento,Acompanhamento da OF 475 - prioridade Baixa,"Prezado fornecedor Fornecedor_13,

A Ordem de Fornecimento 475 apresenta prioridade Baixa no acompanhamento de entrega. O prazo registrado é 2023-04-19 00:00:00 e o escore de risco calculado é 0.25.

Solicitamos confirmação do status da entrega e previsão atualizada, quando aplicável.

Esta mensagem foi gerada pelo protótipo de monitoramento de compras públicas.",simulado
476,Fornecedor_9,Tecnologia,6621.96,2023-11-18,-924,0.1472554328839899,Baixa,prazo próximo do vencimento,Acompanhamento da OF 476 - prioridade Baixa,"Prezado fornecedor Fornecedor_9,

A Ordem de Fornecimento 476 apresenta prioridade Baixa no acompanhamento de entrega. O prazo registrado é 2023-11-18 00:00:00 e o escore de risco calculado é 0.15.

Solicitamos confirmação do status da entrega e previsão atualizada, quando aplicável.

Esta mensagem foi gerada pelo protótipo de monitoramento de compras públicas.",simulado
477,Fornecedor_16,Medicamentos,23879.71,2023-10-28,-945,0.2141690925839022,Baixa,prazo próximo do vencimento,Acompanhamento da OF 477 - prioridade Baixa,"Prezado fornecedor Fornecedor_16,

A Ordem de Fornecimento 477 apresenta prioridade Baixa no acompanhamento de entrega. O prazo registrado é 2023-10-28 00:00:00 e o escore de risco calculado é 0.21.

Solicitamos confirmação do status da entrega e previsão atualizada, quando aplicável.

Esta mensagem foi gerada pelo protótipo de monitoramento de compras públicas.",simulado
478,Fornecedor_6,Insumos,38500.63,2023-12-07,-905,0.1836694524753273,Baixa,prazo próximo do vencimento,Acompanhamento da OF 478 - prioridade Baixa,"Prezado fornecedor Fornecedor_6,

A Ordem de Fornecimento 478 apresenta prioridade Baixa no acompanhamento de entrega. O prazo registrado é 2023-12-07 00:00:00 e o escore de risco calculado é 0.18.

Solicitamos confirmação do status da entrega e previsão atualizada, quando aplicável.

Esta mensagem foi gerada pelo protótipo de monitoramento de compras públicas.",simulado
479,Fornecedor_16,Insumos,42943.34,2023-02-15,-1200,0.3079426732014078,Baixa,prazo próximo do vencimento,Acompanhamento da OF 479 - prioridade Baixa,"Prezado fornecedor Fornecedor_16,

A Ordem de Fornecimento 479 apresenta prioridade Baixa no acompanhamento de entrega. O prazo registrado é 2023-02-15 00:00:00 e o escore de risco calculado é 0.31.

Solicitamos confirmação do status da entrega e previsão atualizada, quando aplicável.

Esta mensagem foi gerada pelo protótipo de monitoramento de compras públicas.",simulado
480,Fornecedor_7,Insumos,36145.79,2023-12-14,-898,0.2828375487851285,Baixa,prazo próximo do vencimento,Acompanhamento da OF 480 - prioridade Baixa,"Prezado fornecedor Fornecedor_7,

A Ordem de Fornecimento 480 apresenta prioridade Baixa no acompanhamento de entrega. O prazo registrado é 2023-12-14 00:00:00 e o escore de risco calculado é 0.28.

Solicitamos confirmação do status da entrega e previsão atualizada, quando aplicável.

Esta mensagem foi gerada pelo protótipo de monitoramento de compras públicas.",simulado
481,Fornecedor_9,Medicamentos,46882.19,2023-02-14,-1201,0.1357731643186709,Baixa,prazo próximo do vencimento,Acompanhamento da OF 481 - prioridade Baixa,"Prezado fornecedor Fornecedor_9,

A Ordem de Fornecimento 481 apresenta prioridade Baixa no acompanhamento de entrega. O prazo registrado é 2023-02-14 00:00:00 e o escore de risco calculado é 0.14.

Solicitamos confirmação do status da entrega e previsão atualizada, quando aplicável.

Esta mensagem foi gerada pelo protótipo de monitoramento de compras públicas.",simulado
482,Fornecedor_12,Medicamentos,44722.75,2023-01-10,-1236,0.2139384299184147,Baixa,prazo próximo do vencimento,Acompanhamento da OF 482 - prioridade Baixa,"Prezado fornecedor Fornecedor_12,

A Ordem de Fornecimento 482 apresenta prioridade Baixa no acompanhamento de entrega. O prazo registrado é 2023-01-10 00:00:00 e o escore de risco calculado é 0.21.

Solicitamos confirmação do status da entrega e previsão atualizada, quando aplicável.

Esta mensagem foi gerada pelo protótipo de monitoramento de compras públicas.",simulado
483,Fornecedor_4,Medicamentos,8572.04,2023-03-02,-1185,0.3643745515035094,Baixa,prazo próximo do vencimento,Acompanhamento da OF 483 - prioridade Baixa,"Prezado fornecedor Fornecedor_4,

A Ordem de Fornecimento 483 apresenta prioridade Baixa no acompanhamento de entrega. O prazo registrado é 2023-03-02 00:00:00 e o escore de risco calculado é 0.36.

Solicitamos confirmação do status da entrega e previsão atualizada, quando aplicável.

Esta mensagem foi gerada pelo protótipo de monitoramento de compras públicas.",simulado
484,Fornecedor_8,Insumos,46049.7,2023-05-28,-1098,0.3304465123180729,Baixa,prazo próximo do vencimento,Acompanhamento da OF 484 - prioridade Baixa,"Prezado fornecedor Fornecedor_8,

A Ordem de Fornecimento 484 apresenta prioridade Baixa no acompanhamento de entrega. O prazo registrado é 2023-05-28 00:00:00 e o escore de risco calculado é 0.33.

Solicitamos confirmação do status da entrega e previsão atualizada, quando aplicável.

Esta mensagem foi gerada pelo protótipo de monitoramento de compras públicas.",simulado
485,Fornecedor_15,Equipamentos,25110.49,2023-03-30,-1157,0.2586479846696576,Baixa,prazo próximo do vencimento,Acompanhamento da OF 485 - prioridade Baixa,"Prezado fornecedor Fornecedor_15,

A Ordem de Fornecimento 485 apresenta prioridade Baixa no acompanhamento de entrega. O prazo registrado é 2023-03-30 00:00:00 e o escore de risco calculado é 0.26.

Solicitamos confirmação do status da entrega e previsão atualizada, quando aplicável.

Esta mensagem foi gerada pelo protótipo de monitoramento de compras públicas.",simulado
486,Fornecedor_15,Tecnologia,39786.9,2023-06-18,-1077,0.3192797679051868,Baixa,prazo próximo do vencimento,Acompanhamento da OF 486 - prioridade Baixa,"Prezado fornecedor Fornecedor_15,

A Ordem de Fornecimento 486 apresenta prioridade Baixa no acompanhamento de entrega. O prazo registrado é 2023-06-18 00:00:00 e o escore de risco calculado é 0.32.

Solicitamos confirmação do status da entrega e previsão atualizada, quando aplicável.

Esta mensagem foi gerada pelo protótipo de monitoramento de compras públicas.",simulado
487,Fornecedor_3,Equipamentos,29903.36,2023-06-26,-1069,0.6691297829249133,Média,prazo próximo do vencimento,Acompanhamento da OF 487 - prioridade Média,"Prezado fornecedor Fornecedor_3,

A Ordem de Fornecimento 487 apresenta prioridade Média no acompanhamento de entrega. O prazo registrado é 2023-06-26 00:00:00 e o escore de risco calculado é 0.67.

Solicitamos confirmação do status da entrega e previsão atualizada, quando aplicável.

Esta mensagem foi gerada pelo protótipo de monitoramento de compras públicas.",simulado
488,Fornecedor_5,Tecnologia,31622.65,2023-02-17,-1198,0.693894448368461,Alta,prazo próximo do vencimento,Acompanhamento da OF 488 - prioridade Alta,"Prezado fornecedor Fornecedor_5,

A Ordem de Fornecimento 488 apresenta prioridade Alta no acompanhamento de entrega. O prazo registrado é 2023-02-17 00:00:00 e o escore de risco calculado é 0.69.

Solicitamos confirmação do status da entrega e previsão atualizada, quando aplicável.

Esta mensagem foi gerada pelo protótipo de monitoramento de compras públicas.",simulado
489,Fornecedor_16,Insumos,29048.44,2023-12-18,-894,0.2212108286399232,Baixa,prazo próximo do vencimento,Acompanhamento da OF 489 - prioridade Baixa,"Prezado fornecedor Fornecedor_16,

A Ordem de Fornecimento 489 apresenta prioridade Baixa no acompanhamento de entrega. O prazo registrado é 2023-12-18 00:00:00 e o escore de risco calculado é 0.22.

Solicitamos confirmação do status da entrega e previsão atualizada, quando aplicável.

Esta mensagem foi gerada pelo protótipo de monitoramento de compras públicas.",simulado
490,Fornecedor_14,Equipamentos,9036.41,2023-08-04,-1030,0.6249985334461989,Média,prazo próximo do vencimento,Acompanhamento da OF 490 - prioridade Média,"Prezado fornecedor Fornecedor_14,

A Ordem de Fornecimento 490 apresenta prioridade Média no acompanhamento de entrega. O prazo registrado é 2023-08-04 00:00:00 e o escore de risco calculado é 0.62.

Solicitamos confirmação do status da entrega e previsão atualizada, quando aplicável.

Esta mensagem foi gerada pelo protótipo de monitoramento de compras públicas.",simulado
491,Fornecedor_19,Insumos,16752.7,2024-01-07,-874,0.7197212322740265,Alta,risco preditivo elevado; prazo próximo do vencimento,Acompanhamento da OF 491 - prioridade Alta,"Prezado fornecedor Fornecedor_19,

A Ordem de Fornecimento 491 apresenta prioridade Alta no acompanhamento de entrega. O prazo registrado é 2024-01-07 00:00:00 e o escore de risco calculado é 0.72.

Solicitamos confirmação do status da entrega e previsão atualizada, quando aplicável.

Esta mensagem foi gerada pelo protótipo de monitoramento de compras públicas.",simulado
492,Fornecedor_20,Medicamentos,24307.13,2023-03-02,-1185,0.2512271346185636,Baixa,prazo próximo do vencimento,Acompanhamento da OF 492 - prioridade Baixa,"Prezado fornecedor Fornecedor_20,

A Ordem de Fornecimento 492 apresenta prioridade Baixa no acompanhamento de entrega. O prazo registrado é 2023-03-02 00:00:00 e o escore de risco calculado é 0.25.

Solicitamos confirmação do status da entrega e previsão atualizada, quando aplicável.

Esta mensagem foi gerada pelo protótipo de monitoramento de compras públicas.",simulado
493,Fornecedor_5,Equipamentos,21433.63,2023-07-20,-1045,0.3426557224860045,Baixa,prazo próximo do vencimento,Acompanhamento da OF 493 - prioridade Baixa,"Prezado fornecedor Fornecedor_5,

A Ordem de Fornecimento 493 apresenta prioridade Baixa no acompanhamento de entrega. O prazo registrado é 2023-07-20 00:00:00 e o escore de risco calculado é 0.34.

Solicitamos confirmação do status da entrega e previsão atualizada, quando aplicável.

Esta mensagem foi gerada pelo protótipo de monitoramento de compras públicas.",simulado
494,Fornecedor_9,Equipamentos,21040.69,2023-05-09,-1117,0.1503072545576401,Baixa,prazo próximo do vencimento,Acompanhamento da OF 494 - prioridade Baixa,"Prezado fornecedor Fornecedor_9,

A Ordem de Fornecimento 494 apresenta prioridade Baixa no acompanhamento de entrega. O prazo registrado é 2023-05-09 00:00:00 e o escore de risco calculado é 0.15.

Solicitamos confirmação do status da entrega e previsão atualizada, quando aplicável.

Esta mensagem foi gerada pelo protótipo de monitoramento de compras públicas.",simulado
495,Fornecedor_17,Medicamentos,7784.98,2023-08-21,-1013,0.271511894304183,Baixa,prazo próximo do vencimento,Acompanhamento da OF 495 - prioridade Baixa,"Prezado fornecedor Fornecedor_17,

A Ordem de Fornecimento 495 apresenta prioridade Baixa no acompanhamento de entrega. O prazo registrado é 2023-08-21 00:00:00 e o escore de risco calculado é 0.27.

Solicitamos confirmação do status da entrega e previsão atualizada, quando aplicável.

Esta mensagem foi gerada pelo protótipo de monitoramento de compras públicas.",simulado
496,Fornecedor_20,Medicamentos,47387.35,2023-10-08,-965,0.159494399915132,Baixa,prazo próximo do vencimento,Acompanhamento da OF 496 - prioridade Baixa,"Prezado fornecedor Fornecedor_20,

A Ordem de Fornecimento 496 apresenta prioridade Baixa no acompanhamento de entrega. O prazo registrado é 2023-10-08 00:00:00 e o escore de risco calculado é 0.16.

Solicitamos confirmação do status da entrega e previsão atualizada, quando aplicável.

Esta mensagem foi gerada pelo protótipo de monitoramento de compras públicas.",simulado
497,Fornecedor_3,Insumos,45766.34,2023-08-27,-1007,0.6395291143253015,Média,prazo próximo do vencimento,Acompanhamento da OF 497 - prioridade Média,"Prezado fornecedor Fornecedor_3,

A Ordem de Fornecimento 497 apresenta prioridade Média no acompanhamento de entrega. O prazo registrado é 2023-08-27 00:00:00 e o escore de risco calculado é 0.64.

Solicitamos confirmação do status da entrega e previsão atualizada, quando aplicável.

Esta mensagem foi gerada pelo protótipo de monitoramento de compras públicas.",simulado
498,Fornecedor_10,Equipamentos,13338.93,2023-08-15,-1019,0.4680707613973685,Média,prazo próximo do vencimento,Acompanhamento da OF 498 - prioridade Média,"Prezado fornecedor Fornecedor_10,

A Ordem de Fornecimento 498 apresenta prioridade Média no acompanhamento de entrega. O prazo registrado é 2023-08-15 00:00:00 e o escore de risco calculado é 0.47.

Solicitamos confirmação do status da entrega e previsão atualizada, quando aplicável.

Esta mensagem foi gerada pelo protótipo de monitoramento de compras públicas.",simulado
499,Fornecedor_9,Tecnologia,35957.97,2023-11-15,-927,0.2199462234209881,Baixa,prazo próximo do vencimento,Acompanhamento da OF 499 - prioridade Baixa,"Prezado fornecedor Fornecedor_9,

A Ordem de Fornecimento 499 apresenta prioridade Baixa no acompanhamento de entrega. O prazo registrado é 2023-11-15 00:00:00 e o escore de risco calculado é 0.22.

Solicitamos confirmação do status da entrega e previsão atualizada, quando aplicável.

Esta mensagem foi gerada pelo protótipo de monitoramento de compras públicas.",simulado
500,Fornecedor_9,Insumos,40101.59,2023-07-28,-1037,0.3191410965831809,Baixa,prazo próximo do vencimento,Acompanhamento da OF 500 - prioridade Baixa,"Prezado fornecedor Fornecedor_9,

A Ordem de Fornecimento 500 apresenta prioridade Baixa no acompanhamento de entrega. O prazo registrado é 2023-07-28 00:00:00 e o escore de risco calculado é 0.32.

Solicitamos confirmação do status da entrega e previsão atualizada, quando aplicável.

Esta mensagem foi gerada pelo protótipo de monitoramento de compras públicas.",simulado
501,Fornecedor_4,Medicamentos,40546.25,2023-01-16,-1230,0.7107296050194492,Alta,risco preditivo elevado; prazo próximo do vencimento,Acompanhamento da OF 501 - prioridade Alta,"Prezado fornecedor Fornecedor_4,

A Ordem de Fornecimento 501 apresenta prioridade Alta no acompanhamento de entrega. O prazo registrado é 2023-01-16 00:00:00 e o escore de risco calculado é 0.71.

Solicitamos confirmação do status da entrega e previsão atualizada, quando aplicável.

Esta mensagem foi gerada pelo protótipo de monitoramento de compras públicas.",simulado
502,Fornecedor_20,Insumos,6226.32,2023-01-14,-1232,0.2831936136798457,Baixa,prazo próximo do vencimento,Acompanhamento da OF 502 - prioridade Baixa,"Prezado fornecedor Fornecedor_20,

A Ordem de Fornecimento 502 apresenta prioridade Baixa no acompanhamento de entrega. O prazo registrado é 2023-01-14 00:00:00 e o escore de risco calculado é 0.28.

Solicitamos confirmação do status da entrega e previsão atualizada, quando aplicável.

Esta mensagem foi gerada pelo protótipo de monitoramento de compras públicas.",simulado
503,Fornecedor_3,Tecnologia,2681.69,2023-11-07,-935,0.2187755755799307,Baixa,prazo próximo do vencimento,Acompanhamento da OF 503 - prioridade Baixa,"Prezado fornecedor Fornecedor_3,

A Ordem de Fornecimento 503 apresenta prioridade Baixa no acompanhamento de entrega. O prazo registrado é 2023-11-07 00:00:00 e o escore de risco calculado é 0.22.

Solicitamos confirmação do status da entrega e previsão atualizada, quando aplicável.

Esta mensagem foi gerada pelo protótipo de monitoramento de compras públicas.",simulado
504,Fornecedor_15,Medicamentos,15494.03,2024-01-07,-874,0.3643831033145299,Baixa,prazo próximo do vencimento,Acompanhamento da OF 504 - prioridade Baixa,"Prezado fornecedor Fornecedor_15,

A Ordem de Fornecimento 504 apresenta prioridade Baixa no acompanhamento de entrega. O prazo registrado é 2024-01-07 00:00:00 e o escore de risco calculado é 0.36.

Solicitamos confirmação do status da entrega e previsão atualizada, quando aplicável.

Esta mensagem foi gerada pelo protótipo de monitoramento de compras públicas.",simulado
505,Fornecedor_19,Tecnologia,3555.74,2023-12-21,-891,0.7043482395936568,Alta,risco preditivo elevado; prazo próximo do vencimento,Acompanhamento da OF 505 - prioridade Alta,"Prezado fornecedor Fornecedor_19,

A Ordem de Fornecimento 505 apresenta prioridade Alta no acompanhamento de entrega. O prazo registrado é 2023-12-21 00:00:00 e o escore de risco calculado é 0.70.

Solicitamos confirmação do status da entrega e previsão atualizada, quando aplicável.

Esta mensagem foi gerada pelo protótipo de monitoramento de compras públicas.",simulado
506,Fornecedor_7,Insumos,26000.6,2023-02-09,-1206,0.2249400541110548,Baixa,prazo próximo do vencimento,Acompanhamento da OF 506 - prioridade Baixa,"Prezado fornecedor Fornecedor_7,

A Ordem de Fornecimento 506 apresenta prioridade Baixa no acompanhamento de entrega. O prazo registrado é 2023-02-09 00:00:00 e o escore de risco calculado é 0.22.

Solicitamos confirmação do status da entrega e previsão atualizada, quando aplicável.

Esta mensagem foi gerada pelo protótipo de monitoramento de compras públicas.",simulado
507,Fornecedor_20,Insumos,9844.63,2023-02-08,-1207,0.3346529070022178,Baixa,prazo próximo do vencimento,Acompanhamento da OF 507 - prioridade Baixa,"Prezado fornecedor Fornecedor_20,

A Ordem de Fornecimento 507 apresenta prioridade Baixa no acompanhamento de entrega. O prazo registrado é 2023-02-08 00:00:00 e o escore de risco calculado é 0.33.

Solicitamos confirmação do status da entrega e previsão atualizada, quando aplicável.

Esta mensagem foi gerada pelo protótipo de monitoramento de compras públicas.",simulado
508,Fornecedor_5,Tecnologia,46214.25,2023-07-19,-1046,0.4501880425163415,Média,prazo próximo do vencimento,Acompanhamento da OF 508 - prioridade Média,"Prezado fornecedor Fornecedor_5,

A Ordem de Fornecimento 508 apresenta prioridade Média no acompanhamento de entrega. O prazo registrado é 2023-07-19 00:00:00 e o escore de risco calculado é 0.45.

Solicitamos confirmação do status da entrega e previsão atualizada, quando aplicável.

Esta mensagem foi gerada pelo protótipo de monitoramento de compras públicas.",simulado
509,Fornecedor_8,Insumos,26849.27,2023-03-27,-1160,0.4158305765071713,Média,prazo próximo do vencimento,Acompanhamento da OF 509 - prioridade Média,"Prezado fornecedor Fornecedor_8,

A Ordem de Fornecimento 509 apresenta prioridade Média no acompanhamento de entrega. O prazo registrado é 2023-03-27 00:00:00 e o escore de risco calculado é 0.42.

Solicitamos confirmação do status da entrega e previsão atualizada, quando aplicável.

Esta mensagem foi gerada pelo protótipo de monitoramento de compras públicas.",simulado
510,Fornecedor_20,Equipamentos,25949.99,2023-02-05,-1210,0.7377897481616992,Alta,risco preditivo elevado; prazo próximo do vencimento,Acompanhamento da OF 510 - prioridade Alta,"Prezado fornecedor Fornecedor_20,

A Ordem de Fornecimento 510 apresenta prioridade Alta no acompanhamento de entrega. O prazo registrado é 2023-02-05 00:00:00 e o escore de risco calculado é 0.74.

Solicitamos confirmação do status da entrega e previsão atualizada, quando aplicável.

Esta mensagem foi gerada pelo protótipo de monitoramento de compras públicas.",simulado
511,Fornecedor_20,Medicamentos,10784.06,2023-07-11,-1054,0.3024901815269895,Baixa,prazo próximo do vencimento,Acompanhamento da OF 511 - prioridade Baixa,"Prezado fornecedor Fornecedor_20,

A Ordem de Fornecimento 511 apresenta prioridade Baixa no acompanhamento de entrega. O prazo registrado é 2023-07-11 00:00:00 e o escore de risco calculado é 0.30.

Solicitamos confirmação do status da entrega e previsão atualizada, quando aplicável.

Esta mensagem foi gerada pelo protótipo de monitoramento de compras públicas.",simulado
512,Fornecedor_15,Tecnologia,25910.84,2023-01-29,-1217,0.4208012013011493,Média,prazo próximo do vencimento,Acompanhamento da OF 512 - prioridade Média,"Prezado fornecedor Fornecedor_15,

A Ordem de Fornecimento 512 apresenta prioridade Média no acompanhamento de entrega. O prazo registrado é 2023-01-29 00:00:00 e o escore de risco calculado é 0.42.

Solicitamos confirmação do status da entrega e previsão atualizada, quando aplicável.

Esta mensagem foi gerada pelo protótipo de monitoramento de compras públicas.",simulado
513,Fornecedor_11,Tecnologia,2004.65,2023-11-28,-914,0.187323342987026,Baixa,prazo próximo do vencimento,Acompanhamento da OF 513 - prioridade Baixa,"Prezado fornecedor Fornecedor_11,

A Ordem de Fornecimento 513 apresenta prioridade Baixa no acompanhamento de entrega. O prazo registrado é 2023-11-28 00:00:00 e o escore de risco calculado é 0.19.

Solicitamos confirmação do status da entrega e previsão atualizada, quando aplicável.

Esta mensagem foi gerada pelo protótipo de monitoramento de compras públicas.",simulado
514,Fornecedor_14,Equipamentos,2079.07,2023-09-24,-979,0.3718136241358805,Baixa,prazo próximo do vencimento,Acompanhamento da OF 514 - prioridade Baixa,"Prezado fornecedor Fornecedor_14,

A Ordem de Fornecimento 514 apresenta prioridade Baixa no acompanhamento de entrega. O prazo registrado é 2023-09-24 00:00:00 e o escore de risco calculado é 0.37.

Solicitamos confirmação do status da entrega e previsão atualizada, quando aplicável.

Esta mensagem foi gerada pelo protótipo de monitoramento de compras públicas.",simulado
515,Fornecedor_16,Insumos,24325.84,2023-11-23,-919,0.1655591629482096,Baixa,prazo próximo do vencimento,Acompanhamento da OF 515 - prioridade Baixa,"Prezado fornecedor Fornecedor_16,

A Ordem de Fornecimento 515 apresenta prioridade Baixa no acompanhamento de entrega. O prazo registrado é 2023-11-23 00:00:00 e o escore de risco calculado é 0.17.

Solicitamos confirmação do status da entrega e previsão atualizada, quando aplicável.

Esta mensagem foi gerada pelo protótipo de monitoramento de compras públicas.",simulado
516,Fornecedor_18,Tecnologia,13117.06,2024-01-03,-878,0.2257305934404754,Baixa,prazo próximo do vencimento,Acompanhamento da OF 516 - prioridade Baixa,"Prezado fornecedor Fornecedor_18,

A Ordem de Fornecimento 516 apresenta prioridade Baixa no acompanhamento de entrega. O prazo registrado é 2024-01-03 00:00:00 e o escore de risco calculado é 0.23.

Solicitamos confirmação do status da entrega e previsão atualizada, quando aplicável.

Esta mensagem foi gerada pelo protótipo de monitoramento de compras públicas.",simulado
517,Fornecedor_4,Tecnologia,3619.02,2023-09-04,-999,0.2546596624306693,Baixa,prazo próximo do vencimento,Acompanhamento da OF 517 - prioridade Baixa,"Prezado fornecedor Fornecedor_4,

A Ordem de Fornecimento 517 apresenta prioridade Baixa no acompanhamento de entrega. O prazo registrado é 2023-09-04 00:00:00 e o escore de risco calculado é 0.25.

Solicitamos confirmação do status da entrega e previsão atualizada, quando aplicável.

Esta mensagem foi gerada pelo protótipo de monitoramento de compras públicas.",simulado
518,Fornecedor_17,Tecnologia,4097.48,2023-04-13,-1143,0.5947790898731714,Média,prazo próximo do vencimento,Acompanhamento da OF 518 - prioridade Média,"Prezado fornecedor Fornecedor_17,

A Ordem de Fornecimento 518 apresenta prioridade Média no acompanhamento de entrega. O prazo registrado é 2023-04-13 00:00:00 e o escore de risco calculado é 0.59.

Solicitamos confirmação do status da entrega e previsão atualizada, quando aplicável.

Esta mensagem foi gerada pelo protótipo de monitoramento de compras públicas.",simulado
519,Fornecedor_17,Equipamentos,15667.23,2023-10-30,-943,0.4202080520121814,Média,prazo próximo do vencimento,Acompanhamento da OF 519 - prioridade Média,"Prezado fornecedor Fornecedor_17,

A Ordem de Fornecimento 519 apresenta prioridade Média no acompanhamento de entrega. O prazo registrado é 2023-10-30 00:00:00 e o escore de risco calculado é 0.42.

Solicitamos confirmação do status da entrega e previsão atualizada, quando aplicável.

Esta mensagem foi gerada pelo protótipo de monitoramento de compras públicas.",simulado
520,Fornecedor_15,Tecnologia,42824.17,2023-07-08,-1057,0.2727475727785141,Baixa,prazo próximo do vencimento,Acompanhamento da OF 520 - prioridade Baixa,"Prezado fornecedor Fornecedor_15,

A Ordem de Fornecimento 520 apresenta prioridade Baixa no acompanhamento de entrega. O prazo registrado é 2023-07-08 00:00:00 e o escore de risco calculado é 0.27.

Solicitamos confirmação do status da entrega e previsão atualizada, quando aplicável.

Esta mensagem foi gerada pelo protótipo de monitoramento de compras públicas.",simulado
521,Fornecedor_15,Medicamentos,6166.8,2023-12-10,-902,0.2102334223714388,Baixa,prazo próximo do vencimento,Acompanhamento da OF 521 - prioridade Baixa,"Prezado fornecedor Fornecedor_15,

A Ordem de Fornecimento 521 apresenta prioridade Baixa no acompanhamento de entrega. O prazo registrado é 2023-12-10 00:00:00 e o escore de risco calculado é 0.21.

Solicitamos confirmação do status da entrega e previsão atualizada, quando aplicável.

Esta mensagem foi gerada pelo protótipo de monitoramento de compras públicas.",simulado
522,Fornecedor_14,Medicamentos,19739.23,2024-01-07,-874,0.2710314459741328,Baixa,prazo próximo do vencimento,Acompanhamento da OF 522 - prioridade Baixa,"Prezado fornecedor Fornecedor_14,

A Ordem de Fornecimento 522 apresenta prioridade Baixa no acompanhamento de entrega. O prazo registrado é 2024-01-07 00:00:00 e o escore de risco calculado é 0.27.

Solicitamos confirmação do status da entrega e previsão atualizada, quando aplicável.

Esta mensagem foi gerada pelo protótipo de monitoramento de compras públicas.",simulado
523,Fornecedor_13,Insumos,22250.85,2023-03-02,-1185,0.1928209348422931,Baixa,prazo próximo do vencimento,Acompanhamento da OF 523 - prioridade Baixa,"Prezado fornecedor Fornecedor_13,

A Ordem de Fornecimento 523 apresenta prioridade Baixa no acompanhamento de entrega. O prazo registrado é 2023-03-02 00:00:00 e o escore de risco calculado é 0.19.

Solicitamos confirmação do status da entrega e previsão atualizada, quando aplicável.

Esta mensagem foi gerada pelo protótipo de monitoramento de compras públicas.",simulado
524,Fornecedor_8,Medicamentos,46679.05,2023-11-16,-926,0.2049173943229406,Baixa,prazo próximo do vencimento,Acompanhamento da OF 524 - prioridade Baixa,"Prezado fornecedor Fornecedor_8,

A Ordem de Fornecimento 524 apresenta prioridade Baixa no acompanhamento de entrega. O prazo registrado é 2023-11-16 00:00:00 e o escore de risco calculado é 0.20.

Solicitamos confirmação do status da entrega e previsão atualizada, quando aplicável.

Esta mensagem foi gerada pelo protótipo de monitoramento de compras públicas.",simulado
525,Fornecedor_19,Tecnologia,13103.31,2023-03-27,-1160,0.5642739858558663,Média,prazo próximo do vencimento,Acompanhamento da OF 525 - prioridade Média,"Prezado fornecedor Fornecedor_19,

A Ordem de Fornecimento 525 apresenta prioridade Média no acompanhamento de entrega. O prazo registrado é 2023-03-27 00:00:00 e o escore de risco calculado é 0.56.

Solicitamos confirmação do status da entrega e previsão atualizada, quando aplicável.

Esta mensagem foi gerada pelo protótipo de monitoramento de compras públicas.",simulado
526,Fornecedor_16,Insumos,49451.22,2023-05-22,-1104,0.5956563644151921,Média,prazo próximo do vencimento,Acompanhamento da OF 526 - prioridade Média,"Prezado fornecedor Fornecedor_16,

A Ordem de Fornecimento 526 apresenta prioridade Média no acompanhamento de entrega. O prazo registrado é 2023-05-22 00:00:00 e o escore de risco calculado é 0.60.

Solicitamos confirmação do status da entrega e previsão atualizada, quando aplicável.

Esta mensagem foi gerada pelo protótipo de monitoramento de compras públicas.",simulado
527,Fornecedor_4,Insumos,5386.33,2023-08-22,-1012,0.2135596805897486,Baixa,prazo próximo do vencimento,Acompanhamento da OF 527 - prioridade Baixa,"Prezado fornecedor Fornecedor_4,

A Ordem de Fornecimento 527 apresenta prioridade Baixa no acompanhamento de entrega. O prazo registrado é 2023-08-22 00:00:00 e o escore de risco calculado é 0.21.

Solicitamos confirmação do status da entrega e previsão atualizada, quando aplicável.

Esta mensagem foi gerada pelo protótipo de monitoramento de compras públicas.",simulado
528,Fornecedor_15,Tecnologia,10055.17,2023-06-10,-1085,0.7549204017851174,Alta,risco preditivo elevado; prazo próximo do vencimento,Acompanhamento da OF 528 - prioridade Alta,"Prezado fornecedor Fornecedor_15,

A Ordem de Fornecimento 528 apresenta prioridade Alta no acompanhamento de entrega. O prazo registrado é 2023-06-10 00:00:00 e o escore de risco calculado é 0.75.

Solicitamos confirmação do status da entrega e previsão atualizada, quando aplicável.

Esta mensagem foi gerada pelo protótipo de monitoramento de compras públicas.",simulado
529,Fornecedor_6,Insumos,11624.78,2023-06-20,-1075,0.10787617542578,Baixa,prazo próximo do vencimento,Acompanhamento da OF 529 - prioridade Baixa,"Prezado fornecedor Fornecedor_6,

A Ordem de Fornecimento 529 apresenta prioridade Baixa no acompanhamento de entrega. O prazo registrado é 2023-06-20 00:00:00 e o escore de risco calculado é 0.11.

Solicitamos confirmação do status da entrega e previsão atualizada, quando aplicável.

Esta mensagem foi gerada pelo protótipo de monitoramento de compras públicas.",simulado
530,Fornecedor_16,Medicamentos,39249.11,2023-02-21,-1194,0.788918062294342,Alta,risco preditivo elevado; prazo próximo do vencimento,Acompanhamento da OF 530 - prioridade Alta,"Prezado fornecedor Fornecedor_16,

A Ordem de Fornecimento 530 apresenta prioridade Alta no acompanhamento de entrega. O prazo registrado é 2023-02-21 00:00:00 e o escore de risco calculado é 0.79.

Solicitamos confirmação do status da entrega e previsão atualizada, quando aplicável.

Esta mensagem foi gerada pelo protótipo de monitoramento de compras públicas.",simulado
531,Fornecedor_7,Tecnologia,18880.19,2023-10-17,-956,0.416700420769617,Média,prazo próximo do vencimento,Acompanhamento da OF 531 - prioridade Média,"Prezado fornecedor Fornecedor_7,

A Ordem de Fornecimento 531 apresenta prioridade Média no acompanhamento de entrega. O prazo registrado é 2023-10-17 00:00:00 e o escore de risco calculado é 0.42.

Solicitamos confirmação do status da entrega e previsão atualizada, quando aplicável.

Esta mensagem foi gerada pelo protótipo de monitoramento de compras públicas.",simulado
532,Fornecedor_4,Insumos,3541.61,2023-03-18,-1169,0.21307135540934,Baixa,prazo próximo do vencimento,Acompanhamento da OF 532 - prioridade Baixa,"Prezado fornecedor Fornecedor_4,

A Ordem de Fornecimento 532 apresenta prioridade Baixa no acompanhamento de entrega. O prazo registrado é 2023-03-18 00:00:00 e o escore de risco calculado é 0.21.

Solicitamos confirmação do status da entrega e previsão atualizada, quando aplicável.

Esta mensagem foi gerada pelo protótipo de monitoramento de compras públicas.",simulado
533,Fornecedor_1,Equipamentos,35712.93,2023-02-13,-1202,0.811080623463987,Alta,risco preditivo elevado; prazo próximo do vencimento,Acompanhamento da OF 533 - prioridade Alta,"Prezado fornecedor Fornecedor_1,

A Ordem de Fornecimento 533 apresenta prioridade Alta no acompanhamento de entrega. O prazo registrado é 2023-02-13 00:00:00 e o escore de risco calculado é 0.81.

Solicitamos confirmação do status da entrega e previsão atualizada, quando aplicável.

Esta mensagem foi gerada pelo protótipo de monitoramento de compras públicas.",simulado
534,Fornecedor_20,Medicamentos,27605.21,2023-07-15,-1050,0.2375628360195743,Baixa,prazo próximo do vencimento,Acompanhamento da OF 534 - prioridade Baixa,"Prezado fornecedor Fornecedor_20,

A Ordem de Fornecimento 534 apresenta prioridade Baixa no acompanhamento de entrega. O prazo registrado é 2023-07-15 00:00:00 e o escore de risco calculado é 0.24.

Solicitamos confirmação do status da entrega e previsão atualizada, quando aplicável.

Esta mensagem foi gerada pelo protótipo de monitoramento de compras públicas.",simulado
535,Fornecedor_3,Insumos,3993.69,2024-01-01,-880,0.1793853995868193,Baixa,prazo próximo do vencimento,Acompanhamento da OF 535 - prioridade Baixa,"Prezado fornecedor Fornecedor_3,

A Ordem de Fornecimento 535 apresenta prioridade Baixa no acompanhamento de entrega. O prazo registrado é 2024-01-01 00:00:00 e o escore de risco calculado é 0.18.

Solicitamos confirmação do status da entrega e previsão atualizada, quando aplicável.

Esta mensagem foi gerada pelo protótipo de monitoramento de compras públicas.",simulado
536,Fornecedor_18,Medicamentos,41921.67,2023-12-21,-891,0.2915909420786096,Baixa,prazo próximo do vencimento,Acompanhamento da OF 536 - prioridade Baixa,"Prezado fornecedor Fornecedor_18,

A Ordem de Fornecimento 536 apresenta prioridade Baixa no acompanhamento de entrega. O prazo registrado é 2023-12-21 00:00:00 e o escore de risco calculado é 0.29.

Solicitamos confirmação do status da entrega e previsão atualizada, quando aplicável.

Esta mensagem foi gerada pelo protótipo de monitoramento de compras públicas.",simulado
537,Fornecedor_13,Insumos,9703.6,2024-01-14,-867,0.2207221506138784,Baixa,prazo próximo do vencimento,Acompanhamento da OF 537 - prioridade Baixa,"Prezado fornecedor Fornecedor_13,

A Ordem de Fornecimento 537 apresenta prioridade Baixa no acompanhamento de entrega. O prazo registrado é 2024-01-14 00:00:00 e o escore de risco calculado é 0.22.

Solicitamos confirmação do status da entrega e previsão atualizada, quando aplicável.

Esta mensagem foi gerada pelo protótipo de monitoramento de compras públicas.",simulado
538,Fornecedor_8,Tecnologia,39680.15,2023-06-07,-1088,0.2659364797058325,Baixa,prazo próximo do vencimento,Acompanhamento da OF 538 - prioridade Baixa,"Prezado fornecedor Fornecedor_8,

A Ordem de Fornecimento 538 apresenta prioridade Baixa no acompanhamento de entrega. O prazo registrado é 2023-06-07 00:00:00 e o escore de risco calculado é 0.27.

Solicitamos confirmação do status da entrega e previsão atualizada, quando aplicável.

Esta mensagem foi gerada pelo protótipo de monitoramento de compras públicas.",simulado
539,Fornecedor_13,Tecnologia,22942.98,2023-04-05,-1151,0.6656397716510254,Média,prazo próximo do vencimento,Acompanhamento da OF 539 - prioridade Média,"Prezado fornecedor Fornecedor_13,

A Ordem de Fornecimento 539 apresenta prioridade Média no acompanhamento de entrega. O prazo registrado é 2023-04-05 00:00:00 e o escore de risco calculado é 0.67.

Solicitamos confirmação do status da entrega e previsão atualizada, quando aplicável.

Esta mensagem foi gerada pelo protótipo de monitoramento de compras públicas.",simulado
540,Fornecedor_1,Equipamentos,38587.46,2023-04-25,-1131,0.3851564565315765,Baixa,prazo próximo do vencimento,Acompanhamento da OF 540 - prioridade Baixa,"Prezado fornecedor Fornecedor_1,

A Ordem de Fornecimento 540 apresenta prioridade Baixa no acompanhamento de entrega. O prazo registrado é 2023-04-25 00:00:00 e o escore de risco calculado é 0.39.

Solicitamos confirmação do status da entrega e previsão atualizada, quando aplicável.

Esta mensagem foi gerada pelo protótipo de monitoramento de compras públicas.",simulado
541,Fornecedor_12,Tecnologia,10759.3,2023-07-10,-1055,0.1679870074482997,Baixa,prazo próximo do vencimento,Acompanhamento da OF 541 - prioridade Baixa,"Prezado fornecedor Fornecedor_12,

A Ordem de Fornecimento 541 apresenta prioridade Baixa no acompanhamento de entrega. O prazo registrado é 2023-07-10 00:00:00 e o escore de risco calculado é 0.17.

Solicitamos confirmação do status da entrega e previsão atualizada, quando aplicável.

Esta mensagem foi gerada pelo protótipo de monitoramento de compras públicas.",simulado
542,Fornecedor_13,Tecnologia,32066.27,2023-02-28,-1187,0.4683560500806941,Média,prazo próximo do vencimento,Acompanhamento da OF 542 - prioridade Média,"Prezado fornecedor Fornecedor_13,

A Ordem de Fornecimento 542 apresenta prioridade Média no acompanhamento de entrega. O prazo registrado é 2023-02-28 00:00:00 e o escore de risco calculado é 0.47.

Solicitamos confirmação do status da entrega e previsão atualizada, quando aplicável.

Esta mensagem foi gerada pelo protótipo de monitoramento de compras públicas.",simulado
543,Fornecedor_18,Equipamentos,16177.24,2023-07-31,-1034,0.4424701750829913,Média,prazo próximo do vencimento,Acompanhamento da OF 543 - prioridade Média,"Prezado fornecedor Fornecedor_18,

A Ordem de Fornecimento 543 apresenta prioridade Média no acompanhamento de entrega. O prazo registrado é 2023-07-31 00:00:00 e o escore de risco calculado é 0.44.

Solicitamos confirmação do status da entrega e previsão atualizada, quando aplicável.

Esta mensagem foi gerada pelo protótipo de monitoramento de compras públicas.",simulado
544,Fornecedor_6,Medicamentos,9505.28,2023-03-26,-1161,0.5195048903703152,Média,prazo próximo do vencimento,Acompanhamento da OF 544 - prioridade Média,"Prezado fornecedor Fornecedor_6,

A Ordem de Fornecimento 544 apresenta prioridade Média no acompanhamento de entrega. O prazo registrado é 2023-03-26 00:00:00 e o escore de risco calculado é 0.52.

Solicitamos confirmação do status da entrega e previsão atualizada, quando aplicável.

Esta mensagem foi gerada pelo protótipo de monitoramento de compras públicas.",simulado
545,Fornecedor_10,Equipamentos,25646.74,2023-04-29,-1127,0.6332755919463287,Média,prazo próximo do vencimento,Acompanhamento da OF 545 - prioridade Média,"Prezado fornecedor Fornecedor_10,

A Ordem de Fornecimento 545 apresenta prioridade Média no acompanhamento de entrega. O prazo registrado é 2023-04-29 00:00:00 e o escore de risco calculado é 0.63.

Solicitamos confirmação do status da entrega e previsão atualizada, quando aplicável.

Esta mensagem foi gerada pelo protótipo de monitoramento de compras públicas.",simulado
546,Fornecedor_20,Equipamentos,48674.08,2023-07-22,-1043,0.6581931076459974,Média,prazo próximo do vencimento,Acompanhamento da OF 546 - prioridade Média,"Prezado fornecedor Fornecedor_20,

A Ordem de Fornecimento 546 apresenta prioridade Média no acompanhamento de entrega. O prazo registrado é 2023-07-22 00:00:00 e o escore de risco calculado é 0.66.

Solicitamos confirmação do status da entrega e previsão atualizada, quando aplicável.

Esta mensagem foi gerada pelo protótipo de monitoramento de compras públicas.",simulado
547,Fornecedor_10,Medicamentos,32248.22,2023-04-23,-1133,0.2563463648237272,Baixa,prazo próximo do vencimento,Acompanhamento da OF 547 - prioridade Baixa,"Prezado fornecedor Fornecedor_10,

A Ordem de Fornecimento 547 apresenta prioridade Baixa no acompanhamento de entrega. O prazo registrado é 2023-04-23 00:00:00 e o escore de risco calculado é 0.26.

Solicitamos confirmação do status da entrega e previsão atualizada, quando aplicável.

Esta mensagem foi gerada pelo protótipo de monitoramento de compras públicas.",simulado
548,Fornecedor_7,Tecnologia,4186.24,2023-02-16,-1199,0.4620516204507661,Média,prazo próximo do vencimento,Acompanhamento da OF 548 - prioridade Média,"Prezado fornecedor Fornecedor_7,

A Ordem de Fornecimento 548 apresenta prioridade Média no acompanhamento de entrega. O prazo registrado é 2023-02-16 00:00:00 e o escore de risco calculado é 0.46.

Solicitamos confirmação do status da entrega e previsão atualizada, quando aplicável.

Esta mensagem foi gerada pelo protótipo de monitoramento de compras públicas.",simulado
549,Fornecedor_16,Tecnologia,4578.25,2023-06-24,-1071,0.6198045929343012,Média,prazo próximo do vencimento,Acompanhamento da OF 549 - prioridade Média,"Prezado fornecedor Fornecedor_16,

A Ordem de Fornecimento 549 apresenta prioridade Média no acompanhamento de entrega. O prazo registrado é 2023-06-24 00:00:00 e o escore de risco calculado é 0.62.

Solicitamos confirmação do status da entrega e previsão atualizada, quando aplicável.

Esta mensagem foi gerada pelo protótipo de monitoramento de compras públicas.",simulado
550,Fornecedor_2,Medicamentos,25267.25,2023-09-27,-976,0.0622903426752849,Baixa,prazo próximo do vencimento,Acompanhamento da OF 550 - prioridade Baixa,"Prezado fornecedor Fornecedor_2,

A Ordem de Fornecimento 550 apresenta prioridade Baixa no acompanhamento de entrega. O prazo registrado é 2023-09-27 00:00:00 e o escore de risco calculado é 0.06.

Solicitamos confirmação do status da entrega e previsão atualizada, quando aplicável.

Esta mensagem foi gerada pelo protótipo de monitoramento de compras públicas.",simulado
551,Fornecedor_8,Medicamentos,32981.28,2023-04-30,-1126,0.4702714398711167,Média,prazo próximo do vencimento,Acompanhamento da OF 551 - prioridade Média,"Prezado fornecedor Fornecedor_8,

A Ordem de Fornecimento 551 apresenta prioridade Média no acompanhamento de entrega. O prazo registrado é 2023-04-30 00:00:00 e o escore de risco calculado é 0.47.

Solicitamos confirmação do status da entrega e previsão atualizada, quando aplicável.

Esta mensagem foi gerada pelo protótipo de monitoramento de compras públicas.",simulado
552,Fornecedor_13,Tecnologia,27316.04,2024-01-02,-879,0.4043297090325458,Média,prazo próximo do vencimento,Acompanhamento da OF 552 - prioridade Média,"Prezado fornecedor Fornecedor_13,

A Ordem de Fornecimento 552 apresenta prioridade Média no acompanhamento de entrega. O prazo registrado é 2024-01-02 00:00:00 e o escore de risco calculado é 0.40.

Solicitamos confirmação do status da entrega e previsão atualizada, quando aplicável.

Esta mensagem foi gerada pelo protótipo de monitoramento de compras públicas.",simulado
553,Fornecedor_5,Medicamentos,23531.57,2023-08-17,-1017,0.2716701269640993,Baixa,prazo próximo do vencimento,Acompanhamento da OF 553 - prioridade Baixa,"Prezado fornecedor Fornecedor_5,

A Ordem de Fornecimento 553 apresenta prioridade Baixa no acompanhamento de entrega. O prazo registrado é 2023-08-17 00:00:00 e o escore de risco calculado é 0.27.

Solicitamos confirmação do status da entrega e previsão atualizada, quando aplicável.

Esta mensagem foi gerada pelo protótipo de monitoramento de compras públicas.",simulado
554,Fornecedor_5,Tecnologia,31349.7,2023-05-19,-1107,0.5942568157085355,Média,prazo próximo do vencimento,Acompanhamento da OF 554 - prioridade Média,"Prezado fornecedor Fornecedor_5,

A Ordem de Fornecimento 554 apresenta prioridade Média no acompanhamento de entrega. O prazo registrado é 2023-05-19 00:00:00 e o escore de risco calculado é 0.59.

Solicitamos confirmação do status da entrega e previsão atualizada, quando aplicável.

Esta mensagem foi gerada pelo protótipo de monitoramento de compras públicas.",simulado
555,Fornecedor_10,Insumos,9137.19,2023-01-28,-1218,0.3493633925724838,Baixa,prazo próximo do vencimento,Acompanhamento da OF 555 - prioridade Baixa,"Prezado fornecedor Fornecedor_10,

A Ordem de Fornecimento 555 apresenta prioridade Baixa no acompanhamento de entrega. O prazo registrado é 2023-01-28 00:00:00 e o escore de risco calculado é 0.35.

Solicitamos confirmação do status da entrega e previsão atualizada, quando aplicável.

Esta mensagem foi gerada pelo protótipo de monitoramento de compras públicas.",simulado
556,Fornecedor_16,Medicamentos,33049.15,2023-08-18,-1016,0.6957398637849963,Alta,prazo próximo do vencimento,Acompanhamento da OF 556 - prioridade Alta,"Prezado fornecedor Fornecedor_16,

A Ordem de Fornecimento 556 apresenta prioridade Alta no acompanhamento de entrega. O prazo registrado é 2023-08-18 00:00:00 e o escore de risco calculado é 0.70.

Solicitamos confirmação do status da entrega e previsão atualizada, quando aplicável.

Esta mensagem foi gerada pelo protótipo de monitoramento de compras públicas.",simulado
557,Fornecedor_18,Equipamentos,7510.91,2023-11-04,-938,0.2461540598182436,Baixa,prazo próximo do vencimento,Acompanhamento da OF 557 - prioridade Baixa,"Prezado fornecedor Fornecedor_18,

A Ordem de Fornecimento 557 apresenta prioridade Baixa no acompanhamento de entrega. O prazo registrado é 2023-11-04 00:00:00 e o escore de risco calculado é 0.25.

Solicitamos confirmação do status da entrega e previsão atualizada, quando aplicável.

Esta mensagem foi gerada pelo protótipo de monitoramento de compras públicas.",simulado
558,Fornecedor_10,Medicamentos,39668.24,2023-01-29,-1217,0.3126141588897812,Baixa,prazo próximo do vencimento,Acompanhamento da OF 558 - prioridade Baixa,"Prezado fornecedor Fornecedor_10,

A Ordem de Fornecimento 558 apresenta prioridade Baixa no acompanhamento de entrega. O prazo registrado é 2023-01-29 00:00:00 e o escore de risco calculado é 0.31.

Solicitamos confirmação do status da entrega e previsão atualizada, quando aplicável.

Esta mensagem foi gerada pelo protótipo de monitoramento de compras públicas.",simulado
559,Fornecedor_14,Equipamentos,41455.45,2023-03-10,-1177,0.1189553329890367,Baixa,prazo próximo do vencimento,Acompanhamento da OF 559 - prioridade Baixa,"Prezado fornecedor Fornecedor_14,

A Ordem de Fornecimento 559 apresenta prioridade Baixa no acompanhamento de entrega. O prazo registrado é 2023-03-10 00:00:00 e o escore de risco calculado é 0.12.

Solicitamos confirmação do status da entrega e previsão atualizada, quando aplicável.

Esta mensagem foi gerada pelo protótipo de monitoramento de compras públicas.",simulado
560,Fornecedor_20,Equipamentos,24061.93,2023-05-13,-1113,0.672458705160964,Média,prazo próximo do vencimento,Acompanhamento da OF 560 - prioridade Média,"Prezado fornecedor Fornecedor_20,

A Ordem de Fornecimento 560 apresenta prioridade Média no acompanhamento de entrega. O prazo registrado é 2023-05-13 00:00:00 e o escore de risco calculado é 0.67.

Solicitamos confirmação do status da entrega e previsão atualizada, quando aplicável.

Esta mensagem foi gerada pelo protótipo de monitoramento de compras públicas.",simulado
561,Fornecedor_16,Tecnologia,17496.97,2023-02-15,-1200,0.3139372706534598,Baixa,prazo próximo do vencimento,Acompanhamento da OF 561 - prioridade Baixa,"Prezado fornecedor Fornecedor_16,

A Ordem de Fornecimento 561 apresenta prioridade Baixa no acompanhamento de entrega. O prazo registrado é 2023-02-15 00:00:00 e o escore de risco calculado é 0.31.

Solicitamos confirmação do status da entrega e previsão atualizada, quando aplicável.

Esta mensagem foi gerada pelo protótipo de monitoramento de compras públicas.",simulado
562,Fornecedor_16,Insumos,5440.33,2023-11-21,-921,0.2251762696480567,Baixa,prazo próximo do vencimento,Acompanhamento da OF 562 - prioridade Baixa,"Prezado fornecedor Fornecedor_16,

A Ordem de Fornecimento 562 apresenta prioridade Baixa no acompanhamento de entrega. O prazo registrado é 2023-11-21 00:00:00 e o escore de risco calculado é 0.23.

Solicitamos confirmação do status da entrega e previsão atualizada, quando aplicável.

Esta mensagem foi gerada pelo protótipo de monitoramento de compras públicas.",simulado
563,Fornecedor_19,Insumos,33111.14,2023-08-30,-1004,0.7424224153377778,Alta,risco preditivo elevado; prazo próximo do vencimento,Acompanhamento da OF 563 - prioridade Alta,"Prezado fornecedor Fornecedor_19,

A Ordem de Fornecimento 563 apresenta prioridade Alta no acompanhamento de entrega. O prazo registrado é 2023-08-30 00:00:00 e o escore de risco calculado é 0.74.

Solicitamos confirmação do status da entrega e previsão atualizada, quando aplicável.

Esta mensagem foi gerada pelo protótipo de monitoramento de compras públicas.",simulado
564,Fornecedor_9,Equipamentos,45312.54,2023-08-15,-1019,0.2818551538919043,Baixa,prazo próximo do vencimento,Acompanhamento da OF 564 - prioridade Baixa,"Prezado fornecedor Fornecedor_9,

A Ordem de Fornecimento 564 apresenta prioridade Baixa no acompanhamento de entrega. O prazo registrado é 2023-08-15 00:00:00 e o escore de risco calculado é 0.28.

Solicitamos confirmação do status da entrega e previsão atualizada, quando aplicável.

Esta mensagem foi gerada pelo protótipo de monitoramento de compras públicas.",simulado
565,Fornecedor_12,Tecnologia,39590.31,2023-07-04,-1061,0.3019430547374601,Baixa,prazo próximo do vencimento,Acompanhamento da OF 565 - prioridade Baixa,"Prezado fornecedor Fornecedor_12,

A Ordem de Fornecimento 565 apresenta prioridade Baixa no acompanhamento de entrega. O prazo registrado é 2023-07-04 00:00:00 e o escore de risco calculado é 0.30.

Solicitamos confirmação do status da entrega e previsão atualizada, quando aplicável.

Esta mensagem foi gerada pelo protótipo de monitoramento de compras públicas.",simulado
566,Fornecedor_19,Medicamentos,38498.27,2023-09-08,-995,0.2910193624792583,Baixa,prazo próximo do vencimento,Acompanhamento da OF 566 - prioridade Baixa,"Prezado fornecedor Fornecedor_19,

A Ordem de Fornecimento 566 apresenta prioridade Baixa no acompanhamento de entrega. O prazo registrado é 2023-09-08 00:00:00 e o escore de risco calculado é 0.29.

Solicitamos confirmação do status da entrega e previsão atualizada, quando aplicável.

Esta mensagem foi gerada pelo protótipo de monitoramento de compras públicas.",simulado
567,Fornecedor_3,Equipamentos,43549.98,2023-12-22,-890,0.5140836484579366,Média,prazo próximo do vencimento,Acompanhamento da OF 567 - prioridade Média,"Prezado fornecedor Fornecedor_3,

A Ordem de Fornecimento 567 apresenta prioridade Média no acompanhamento de entrega. O prazo registrado é 2023-12-22 00:00:00 e o escore de risco calculado é 0.51.

Solicitamos confirmação do status da entrega e previsão atualizada, quando aplicável.

Esta mensagem foi gerada pelo protótipo de monitoramento de compras públicas.",simulado
568,Fornecedor_20,Medicamentos,35279.37,2023-10-22,-951,0.19942513092584,Baixa,prazo próximo do vencimento,Acompanhamento da OF 568 - prioridade Baixa,"Prezado fornecedor Fornecedor_20,

A Ordem de Fornecimento 568 apresenta prioridade Baixa no acompanhamento de entrega. O prazo registrado é 2023-10-22 00:00:00 e o escore de risco calculado é 0.20.

Solicitamos confirmação do status da entrega e previsão atualizada, quando aplicável.

Esta mensagem foi gerada pelo protótipo de monitoramento de compras públicas.",simulado
569,Fornecedor_3,Equipamentos,30599.71,2023-08-01,-1033,0.6086006413490226,Média,prazo próximo do vencimento,Acompanhamento da OF 569 - prioridade Média,"Prezado fornecedor Fornecedor_3,

A Ordem de Fornecimento 569 apresenta prioridade Média no acompanhamento de entrega. O prazo registrado é 2023-08-01 00:00:00 e o escore de risco calculado é 0.61.

Solicitamos confirmação do status da entrega e previsão atualizada, quando aplicável.

Esta mensagem foi gerada pelo protótipo de monitoramento de compras públicas.",simulado
570,Fornecedor_7,Tecnologia,7127.34,2023-07-06,-1059,0.6754359156229222,Média,prazo próximo do vencimento,Acompanhamento da OF 570 - prioridade Média,"Prezado fornecedor Fornecedor_7,

A Ordem de Fornecimento 570 apresenta prioridade Média no acompanhamento de entrega. O prazo registrado é 2023-07-06 00:00:00 e o escore de risco calculado é 0.68.

Solicitamos confirmação do status da entrega e previsão atualizada, quando aplicável.

Esta mensagem foi gerada pelo protótipo de monitoramento de compras públicas.",simulado
571,Fornecedor_18,Medicamentos,39352.67,2023-08-21,-1013,0.3441004698296701,Baixa,prazo próximo do vencimento,Acompanhamento da OF 571 - prioridade Baixa,"Prezado fornecedor Fornecedor_18,

A Ordem de Fornecimento 571 apresenta prioridade Baixa no acompanhamento de entrega. O prazo registrado é 2023-08-21 00:00:00 e o escore de risco calculado é 0.34.

Solicitamos confirmação do status da entrega e previsão atualizada, quando aplicável.

Esta mensagem foi gerada pelo protótipo de monitoramento de compras públicas.",simulado
572,Fornecedor_1,Insumos,48998.02,2023-10-31,-942,0.5438129040747842,Média,prazo próximo do vencimento,Acompanhamento da OF 572 - prioridade Média,"Prezado fornecedor Fornecedor_1,

A Ordem de Fornecimento 572 apresenta prioridade Média no acompanhamento de entrega. O prazo registrado é 2023-10-31 00:00:00 e o escore de risco calculado é 0.54.

Solicitamos confirmação do status da entrega e previsão atualizada, quando aplicável.

Esta mensagem foi gerada pelo protótipo de monitoramento de compras públicas.",simulado
573,Fornecedor_15,Insumos,23629.68,2023-11-09,-933,0.1885036811834695,Baixa,prazo próximo do vencimento,Acompanhamento da OF 573 - prioridade Baixa,"Prezado fornecedor Fornecedor_15,

A Ordem de Fornecimento 573 apresenta prioridade Baixa no acompanhamento de entrega. O prazo registrado é 2023-11-09 00:00:00 e o escore de risco calculado é 0.19.

Solicitamos confirmação do status da entrega e previsão atualizada, quando aplicável.

Esta mensagem foi gerada pelo protótipo de monitoramento de compras públicas.",simulado
574,Fornecedor_17,Insumos,21477.15,2023-06-12,-1083,0.5731766026805182,Média,prazo próximo do vencimento,Acompanhamento da OF 574 - prioridade Média,"Prezado fornecedor Fornecedor_17,

A Ordem de Fornecimento 574 apresenta prioridade Média no acompanhamento de entrega. O prazo registrado é 2023-06-12 00:00:00 e o escore de risco calculado é 0.57.

Solicitamos confirmação do status da entrega e previsão atualizada, quando aplicável.

Esta mensagem foi gerada pelo protótipo de monitoramento de compras públicas.",simulado
575,Fornecedor_4,Medicamentos,38749.95,2023-04-13,-1143,0.2817326587708577,Baixa,prazo próximo do vencimento,Acompanhamento da OF 575 - prioridade Baixa,"Prezado fornecedor Fornecedor_4,

A Ordem de Fornecimento 575 apresenta prioridade Baixa no acompanhamento de entrega. O prazo registrado é 2023-04-13 00:00:00 e o escore de risco calculado é 0.28.

Solicitamos confirmação do status da entrega e previsão atualizada, quando aplicável.

Esta mensagem foi gerada pelo protótipo de monitoramento de compras públicas.",simulado
576,Fornecedor_19,Insumos,39278.84,2023-12-08,-904,0.7248281209589587,Alta,risco preditivo elevado; prazo próximo do vencimento,Acompanhamento da OF 576 - prioridade Alta,"Prezado fornecedor Fornecedor_19,

A Ordem de Fornecimento 576 apresenta prioridade Alta no acompanhamento de entrega. O prazo registrado é 2023-12-08 00:00:00 e o escore de risco calculado é 0.72.

Solicitamos confirmação do status da entrega e previsão atualizada, quando aplicável.

Esta mensagem foi gerada pelo protótipo de monitoramento de compras públicas.",simulado
577,Fornecedor_10,Tecnologia,18135.03,2023-12-24,-888,0.360099129034504,Baixa,prazo próximo do vencimento,Acompanhamento da OF 577 - prioridade Baixa,"Prezado fornecedor Fornecedor_10,

A Ordem de Fornecimento 577 apresenta prioridade Baixa no acompanhamento de entrega. O prazo registrado é 2023-12-24 00:00:00 e o escore de risco calculado é 0.36.

Solicitamos confirmação do status da entrega e previsão atualizada, quando aplicável.

Esta mensagem foi gerada pelo protótipo de monitoramento de compras públicas.",simulado
578,Fornecedor_13,Equipamentos,41840.09,2023-08-12,-1022,0.3406232472459476,Baixa,prazo próximo do vencimento,Acompanhamento da OF 578 - prioridade Baixa,"Prezado fornecedor Fornecedor_13,

A Ordem de Fornecimento 578 apresenta prioridade Baixa no acompanhamento de entrega. O prazo registrado é 2023-08-12 00:00:00 e o escore de risco calculado é 0.34.

Solicitamos confirmação do status da entrega e previsão atualizada, quando aplicável.

Esta mensagem foi gerada pelo protótipo de monitoramento de compras públicas.",simulado
579,Fornecedor_11,Insumos,10226.37,2023-02-03,-1212,0.4300903987747987,Média,prazo próximo do vencimento,Acompanhamento da OF 579 - prioridade Média,"Prezado fornecedor Fornecedor_11,

A Ordem de Fornecimento 579 apresenta prioridade Média no acompanhamento de entrega. O prazo registrado é 2023-02-03 00:00:00 e o escore de risco calculado é 0.43.

Solicitamos confirmação do status da entrega e previsão atualizada, quando aplicável.

Esta mensagem foi gerada pelo protótipo de monitoramento de compras públicas.",simulado
580,Fornecedor_2,Tecnologia,13752.72,2023-09-10,-993,0.3539974627460474,Baixa,prazo próximo do vencimento,Acompanhamento da OF 580 - prioridade Baixa,"Prezado fornecedor Fornecedor_2,

A Ordem de Fornecimento 580 apresenta prioridade Baixa no acompanhamento de entrega. O prazo registrado é 2023-09-10 00:00:00 e o escore de risco calculado é 0.35.

Solicitamos confirmação do status da entrega e previsão atualizada, quando aplicável.

Esta mensagem foi gerada pelo protótipo de monitoramento de compras públicas.",simulado
581,Fornecedor_15,Insumos,44319.66,2023-04-26,-1130,0.2010874014618037,Baixa,prazo próximo do vencimento,Acompanhamento da OF 581 - prioridade Baixa,"Prezado fornecedor Fornecedor_15,

A Ordem de Fornecimento 581 apresenta prioridade Baixa no acompanhamento de entrega. O prazo registrado é 2023-04-26 00:00:00 e o escore de risco calculado é 0.20.

Solicitamos confirmação do status da entrega e previsão atualizada, quando aplicável.

Esta mensagem foi gerada pelo protótipo de monitoramento de compras públicas.",simulado
582,Fornecedor_2,Tecnologia,28660.76,2023-10-18,-955,0.3159572895213629,Baixa,prazo próximo do vencimento,Acompanhamento da OF 582 - prioridade Baixa,"Prezado fornecedor Fornecedor_2,

A Ordem de Fornecimento 582 apresenta prioridade Baixa no acompanhamento de entrega. O prazo registrado é 2023-10-18 00:00:00 e o escore de risco calculado é 0.32.

Solicitamos confirmação do status da entrega e previsão atualizada, quando aplicável.

Esta mensagem foi gerada pelo protótipo de monitoramento de compras públicas.",simulado
583,Fornecedor_17,Medicamentos,44624.64,2023-07-17,-1048,0.344540903775841,Baixa,prazo próximo do vencimento,Acompanhamento da OF 583 - prioridade Baixa,"Prezado fornecedor Fornecedor_17,

A Ordem de Fornecimento 583 apresenta prioridade Baixa no acompanhamento de entrega. O prazo registrado é 2023-07-17 00:00:00 e o escore de risco calculado é 0.34.

Solicitamos confirmação do status da entrega e previsão atualizada, quando aplicável.

Esta mensagem foi gerada pelo protótipo de monitoramento de compras públicas.",simulado
584,Fornecedor_1,Medicamentos,15654.09,2023-12-30,-882,0.3200758640131693,Baixa,prazo próximo do vencimento,Acompanhamento da OF 584 - prioridade Baixa,"Prezado fornecedor Fornecedor_1,

A Ordem de Fornecimento 584 apresenta prioridade Baixa no acompanhamento de entrega. O prazo registrado é 2023-12-30 00:00:00 e o escore de risco calculado é 0.32.

Solicitamos confirmação do status da entrega e previsão atualizada, quando aplicável.

Esta mensagem foi gerada pelo protótipo de monitoramento de compras públicas.",simulado
585,Fornecedor_18,Medicamentos,34901.12,2023-03-09,-1178,0.2583086830760577,Baixa,prazo próximo do vencimento,Acompanhamento da OF 585 - prioridade Baixa,"Prezado fornecedor Fornecedor_18,

A Ordem de Fornecimento 585 apresenta prioridade Baixa no acompanhamento de entrega. O prazo registrado é 2023-03-09 00:00:00 e o escore de risco calculado é 0.26.

Solicitamos confirmação do status da entrega e previsão atualizada, quando aplicável.

Esta mensagem foi gerada pelo protótipo de monitoramento de compras públicas.",simulado
586,Fornecedor_9,Insumos,42422.26,2023-06-21,-1074,0.6426540528228393,Média,prazo próximo do vencimento,Acompanhamento da OF 586 - prioridade Média,"Prezado fornecedor Fornecedor_9,

A Ordem de Fornecimento 586 apresenta prioridade Média no acompanhamento de entrega. O prazo registrado é 2023-06-21 00:00:00 e o escore de risco calculado é 0.64.

Solicitamos confirmação do status da entrega e previsão atualizada, quando aplicável.

Esta mensagem foi gerada pelo protótipo de monitoramento de compras públicas.",simulado
587,Fornecedor_9,Equipamentos,40257.55,2023-05-12,-1114,0.6504721579540012,Média,prazo próximo do vencimento,Acompanhamento da OF 587 - prioridade Média,"Prezado fornecedor Fornecedor_9,

A Ordem de Fornecimento 587 apresenta prioridade Média no acompanhamento de entrega. O prazo registrado é 2023-05-12 00:00:00 e o escore de risco calculado é 0.65.

Solicitamos confirmação do status da entrega e previsão atualizada, quando aplicável.

Esta mensagem foi gerada pelo protótipo de monitoramento de compras públicas.",simulado
588,Fornecedor_15,Tecnologia,28111.98,2023-05-08,-1118,0.3066751724840569,Baixa,prazo próximo do vencimento,Acompanhamento da OF 588 - prioridade Baixa,"Prezado fornecedor Fornecedor_15,

A Ordem de Fornecimento 588 apresenta prioridade Baixa no acompanhamento de entrega. O prazo registrado é 2023-05-08 00:00:00 e o escore de risco calculado é 0.31.

Solicitamos confirmação do status da entrega e previsão atualizada, quando aplicável.

Esta mensagem foi gerada pelo protótipo de monitoramento de compras públicas.",simulado
589,Fornecedor_16,Insumos,27889.38,2023-07-07,-1058,0.574902501879166,Média,prazo próximo do vencimento,Acompanhamento da OF 589 - prioridade Média,"Prezado fornecedor Fornecedor_16,

A Ordem de Fornecimento 589 apresenta prioridade Média no acompanhamento de entrega. O prazo registrado é 2023-07-07 00:00:00 e o escore de risco calculado é 0.57.

Solicitamos confirmação do status da entrega e previsão atualizada, quando aplicável.

Esta mensagem foi gerada pelo protótipo de monitoramento de compras públicas.",simulado
590,Fornecedor_10,Insumos,12558.12,2023-07-07,-1058,0.3097591581623863,Baixa,prazo próximo do vencimento,Acompanhamento da OF 590 - prioridade Baixa,"Prezado fornecedor Fornecedor_10,

A Ordem de Fornecimento 590 apresenta prioridade Baixa no acompanhamento de entrega. O prazo registrado é 2023-07-07 00:00:00 e o escore de risco calculado é 0.31.

Solicitamos confirmação do status da entrega e previsão atualizada, quando aplicável.

Esta mensagem foi gerada pelo protótipo de monitoramento de compras públicas.",simulado
591,Fornecedor_14,Medicamentos,31127.91,2023-10-10,-963,0.3084781184779848,Baixa,prazo próximo do vencimento,Acompanhamento da OF 591 - prioridade Baixa,"Prezado fornecedor Fornecedor_14,

A Ordem de Fornecimento 591 apresenta prioridade Baixa no acompanhamento de entrega. O prazo registrado é 2023-10-10 00:00:00 e o escore de risco calculado é 0.31.

Solicitamos confirmação do status da entrega e previsão atualizada, quando aplicável.

Esta mensagem foi gerada pelo protótipo de monitoramento de compras públicas.",simulado
592,Fornecedor_16,Insumos,25651.03,2024-01-11,-870,0.2186406468838368,Baixa,prazo próximo do vencimento,Acompanhamento da OF 592 - prioridade Baixa,"Prezado fornecedor Fornecedor_16,

A Ordem de Fornecimento 592 apresenta prioridade Baixa no acompanhamento de entrega. O prazo registrado é 2024-01-11 00:00:00 e o escore de risco calculado é 0.22.

Solicitamos confirmação do status da entrega e previsão atualizada, quando aplicável.

Esta mensagem foi gerada pelo protótipo de monitoramento de compras públicas.",simulado
593,Fornecedor_5,Medicamentos,35975.11,2023-04-06,-1150,0.6764293504060721,Média,prazo próximo do vencimento,Acompanhamento da OF 593 - prioridade Média,"Prezado fornecedor Fornecedor_5,

A Ordem de Fornecimento 593 apresenta prioridade Média no acompanhamento de entrega. O prazo registrado é 2023-04-06 00:00:00 e o escore de risco calculado é 0.68.

Solicitamos confirmação do status da entrega e previsão atualizada, quando aplicável.

Esta mensagem foi gerada pelo protótipo de monitoramento de compras públicas.",simulado
594,Fornecedor_16,Equipamentos,44590.82,2023-09-02,-1001,0.3708357782774845,Baixa,prazo próximo do vencimento,Acompanhamento da OF 594 - prioridade Baixa,"Prezado fornecedor Fornecedor_16,

A Ordem de Fornecimento 594 apresenta prioridade Baixa no acompanhamento de entrega. O prazo registrado é 2023-09-02 00:00:00 e o escore de risco calculado é 0.37.

Solicitamos confirmação do status da entrega e previsão atualizada, quando aplicável.

Esta mensagem foi gerada pelo protótipo de monitoramento de compras públicas.",simulado
595,Fornecedor_11,Medicamentos,36428.59,2023-09-06,-997,0.0528907866299816,Baixa,prazo próximo do vencimento,Acompanhamento da OF 595 - prioridade Baixa,"Prezado fornecedor Fornecedor_11,

A Ordem de Fornecimento 595 apresenta prioridade Baixa no acompanhamento de entrega. O prazo registrado é 2023-09-06 00:00:00 e o escore de risco calculado é 0.05.

Solicitamos confirmação do status da entrega e previsão atualizada, quando aplicável.

Esta mensagem foi gerada pelo protótipo de monitoramento de compras públicas.",simulado
596,Fornecedor_8,Equipamentos,26662.0,2024-01-12,-869,0.2347849322374458,Baixa,prazo próximo do vencimento,Acompanhamento da OF 596 - prioridade Baixa,"Prezado fornecedor Fornecedor_8,

A Ordem de Fornecimento 596 apresenta prioridade Baixa no acompanhamento de entrega. O prazo registrado é 2024-01-12 00:00:00 e o escore de risco calculado é 0.23.

Solicitamos confirmação do status da entrega e previsão atualizada, quando aplicável.

Esta mensagem foi gerada pelo protótipo de monitoramento de compras públicas.",simulado
597,Fornecedor_7,Medicamentos,23284.61,2023-04-11,-1145,0.5539988292601762,Média,prazo próximo do vencimento,Acompanhamento da OF 597 - prioridade Média,"Prezado fornecedor Fornecedor_7,

A Ordem de Fornecimento 597 apresenta prioridade Média no acompanhamento de entrega. O prazo registrado é 2023-04-11 00:00:00 e o escore de risco calculado é 0.55.

Solicitamos confirmação do status da entrega e previsão atualizada, quando aplicável.

Esta mensagem foi gerada pelo protótipo de monitoramento de compras públicas.",simulado
598,Fornecedor_10,Medicamentos,9961.62,2023-01-31,-1215,0.3221185525018756,Baixa,prazo próximo do vencimento,Acompanhamento da OF 598 - prioridade Baixa,"Prezado fornecedor Fornecedor_10,

A Ordem de Fornecimento 598 apresenta prioridade Baixa no acompanhamento de entrega. O prazo registrado é 2023-01-31 00:00:00 e o escore de risco calculado é 0.32.

Solicitamos confirmação do status da entrega e previsão atualizada, quando aplicável.

Esta mensagem foi gerada pelo protótipo de monitoramento de compras públicas.",simulado
599,Fornecedor_20,Insumos,5150.47,2023-07-02,-1063,0.2216954818619162,Baixa,prazo próximo do vencimento,Acompanhamento da OF 599 - prioridade Baixa,"Prezado fornecedor Fornecedor_20,

A Ordem de Fornecimento 599 apresenta prioridade Baixa no acompanhamento de entrega. O prazo registrado é 2023-07-02 00:00:00 e o escore de risco calculado é 0.22.

Solicitamos confirmação do status da entrega e previsão atualizada, quando aplicável.

Esta mensagem foi gerada pelo protótipo de monitoramento de compras públicas.",simulado
600,Fornecedor_19,Insumos,37776.96,2023-02-03,-1212,0.3621534964979636,Baixa,prazo próximo do vencimento,Acompanhamento da OF 600 - prioridade Baixa,"Prezado fornecedor Fornecedor_19,

A Ordem de Fornecimento 600 apresenta prioridade Baixa no acompanhamento de entrega. O prazo registrado é 2023-02-03 00:00:00 e o escore de risco calculado é 0.36.

Solicitamos confirmação do status da entrega e previsão atualizada, quando aplicável.

Esta mensagem foi gerada pelo protótipo de monitoramento de compras públicas.",simulado
601,Fornecedor_13,Equipamentos,4018.91,2024-01-02,-879,0.538840532492043,Média,prazo próximo do vencimento,Acompanhamento da OF 601 - prioridade Média,"Prezado fornecedor Fornecedor_13,

A Ordem de Fornecimento 601 apresenta prioridade Média no acompanhamento de entrega. O prazo registrado é 2024-01-02 00:00:00 e o escore de risco calculado é 0.54.

Solicitamos confirmação do status da entrega e previsão atualizada, quando aplicável.

Esta mensagem foi gerada pelo protótipo de monitoramento de compras públicas.",simulado
602,Fornecedor_8,Medicamentos,39915.52,2023-01-30,-1216,0.57437999228225,Média,prazo próximo do vencimento,Acompanhamento da OF 602 - prioridade Média,"Prezado fornecedor Fornecedor_8,

A Ordem de Fornecimento 602 apresenta prioridade Média no acompanhamento de entrega. O prazo registrado é 2023-01-30 00:00:00 e o escore de risco calculado é 0.57.

Solicitamos confirmação do status da entrega e previsão atualizada, quando aplicável.

Esta mensagem foi gerada pelo protótipo de monitoramento de compras públicas.",simulado
603,Fornecedor_16,Medicamentos,8823.44,2023-11-11,-931,0.5789838872838453,Média,prazo próximo do vencimento,Acompanhamento da OF 603 - prioridade Média,"Prezado fornecedor Fornecedor_16,

A Ordem de Fornecimento 603 apresenta prioridade Média no acompanhamento de entrega. O prazo registrado é 2023-11-11 00:00:00 e o escore de risco calculado é 0.58.

Solicitamos confirmação do status da entrega e previsão atualizada, quando aplicável.

Esta mensagem foi gerada pelo protótipo de monitoramento de compras públicas.",simulado
604,Fornecedor_16,Medicamentos,5268.12,2023-12-25,-887,0.3061078052885986,Baixa,prazo próximo do vencimento,Acompanhamento da OF 604 - prioridade Baixa,"Prezado fornecedor Fornecedor_16,

A Ordem de Fornecimento 604 apresenta prioridade Baixa no acompanhamento de entrega. O prazo registrado é 2023-12-25 00:00:00 e o escore de risco calculado é 0.31.

Solicitamos confirmação do status da entrega e previsão atualizada, quando aplicável.

Esta mensagem foi gerada pelo protótipo de monitoramento de compras públicas.",simulado
605,Fornecedor_11,Medicamentos,25714.64,2023-02-15,-1200,0.113446018202801,Baixa,prazo próximo do vencimento,Acompanhamento da OF 605 - prioridade Baixa,"Prezado fornecedor Fornecedor_11,

A Ordem de Fornecimento 605 apresenta prioridade Baixa no acompanhamento de entrega. O prazo registrado é 2023-02-15 00:00:00 e o escore de risco calculado é 0.11.

Solicitamos confirmação do status da entrega e previsão atualizada, quando aplicável.

Esta mensagem foi gerada pelo protótipo de monitoramento de compras públicas.",simulado
606,Fornecedor_8,Medicamentos,44770.12,2023-07-23,-1042,0.6300539190231835,Média,prazo próximo do vencimento,Acompanhamento da OF 606 - prioridade Média,"Prezado fornecedor Fornecedor_8,

A Ordem de Fornecimento 606 apresenta prioridade Média no acompanhamento de entrega. O prazo registrado é 2023-07-23 00:00:00 e o escore de risco calculado é 0.63.

Solicitamos confirmação do status da entrega e previsão atualizada, quando aplicável.

Esta mensagem foi gerada pelo protótipo de monitoramento de compras públicas.",simulado
607,Fornecedor_9,Insumos,35696.81,2023-07-11,-1054,0.3258012929597204,Baixa,prazo próximo do vencimento,Acompanhamento da OF 607 - prioridade Baixa,"Prezado fornecedor Fornecedor_9,

A Ordem de Fornecimento 607 apresenta prioridade Baixa no acompanhamento de entrega. O prazo registrado é 2023-07-11 00:00:00 e o escore de risco calculado é 0.33.

Solicitamos confirmação do status da entrega e previsão atualizada, quando aplicável.

Esta mensagem foi gerada pelo protótipo de monitoramento de compras públicas.",simulado
608,Fornecedor_17,Medicamentos,20093.13,2023-05-12,-1114,0.2290074122797678,Baixa,prazo próximo do vencimento,Acompanhamento da OF 608 - prioridade Baixa,"Prezado fornecedor Fornecedor_17,

A Ordem de Fornecimento 608 apresenta prioridade Baixa no acompanhamento de entrega. O prazo registrado é 2023-05-12 00:00:00 e o escore de risco calculado é 0.23.

Solicitamos confirmação do status da entrega e previsão atualizada, quando aplicável.

Esta mensagem foi gerada pelo protótipo de monitoramento de compras públicas.",simulado
609,Fornecedor_3,Equipamentos,12007.71,2023-06-12,-1083,0.2959674168420878,Baixa,prazo próximo do vencimento,Acompanhamento da OF 609 - prioridade Baixa,"Prezado fornecedor Fornecedor_3,

A Ordem de Fornecimento 609 apresenta prioridade Baixa no acompanhamento de entrega. O prazo registrado é 2023-06-12 00:00:00 e o escore de risco calculado é 0.30.

Solicitamos confirmação do status da entrega e previsão atualizada, quando aplicável.

Esta mensagem foi gerada pelo protótipo de monitoramento de compras públicas.",simulado
610,Fornecedor_5,Tecnologia,45742.8,2024-01-11,-870,0.4566224155899708,Média,prazo próximo do vencimento,Acompanhamento da OF 610 - prioridade Média,"Prezado fornecedor Fornecedor_5,

A Ordem de Fornecimento 610 apresenta prioridade Média no acompanhamento de entrega. O prazo registrado é 2024-01-11 00:00:00 e o escore de risco calculado é 0.46.

Solicitamos confirmação do status da entrega e previsão atualizada, quando aplicável.

Esta mensagem foi gerada pelo protótipo de monitoramento de compras públicas.",simulado
611,Fornecedor_4,Insumos,13715.57,2023-05-29,-1097,0.6154063671368836,Média,prazo próximo do vencimento,Acompanhamento da OF 611 - prioridade Média,"Prezado fornecedor Fornecedor_4,

A Ordem de Fornecimento 611 apresenta prioridade Média no acompanhamento de entrega. O prazo registrado é 2023-05-29 00:00:00 e o escore de risco calculado é 0.62.

Solicitamos confirmação do status da entrega e previsão atualizada, quando aplicável.

Esta mensagem foi gerada pelo protótipo de monitoramento de compras públicas.",simulado
612,Fornecedor_8,Insumos,25760.36,2023-06-08,-1087,0.7360399975843898,Alta,risco preditivo elevado; prazo próximo do vencimento,Acompanhamento da OF 612 - prioridade Alta,"Prezado fornecedor Fornecedor_8,

A Ordem de Fornecimento 612 apresenta prioridade Alta no acompanhamento de entrega. O prazo registrado é 2023-06-08 00:00:00 e o escore de risco calculado é 0.74.

Solicitamos confirmação do status da entrega e previsão atualizada, quando aplicável.

Esta mensagem foi gerada pelo protótipo de monitoramento de compras públicas.",simulado
613,Fornecedor_18,Tecnologia,29285.17,2023-12-07,-905,0.3144922817012179,Baixa,prazo próximo do vencimento,Acompanhamento da OF 613 - prioridade Baixa,"Prezado fornecedor Fornecedor_18,

A Ordem de Fornecimento 613 apresenta prioridade Baixa no acompanhamento de entrega. O prazo registrado é 2023-12-07 00:00:00 e o escore de risco calculado é 0.31.

Solicitamos confirmação do status da entrega e previsão atualizada, quando aplicável.

Esta mensagem foi gerada pelo protótipo de monitoramento de compras públicas.",simulado
614,Fornecedor_8,Medicamentos,15145.03,2023-03-23,-1164,0.6042887655957483,Média,prazo próximo do vencimento,Acompanhamento da OF 614 - prioridade Média,"Prezado fornecedor Fornecedor_8,

A Ordem de Fornecimento 614 apresenta prioridade Média no acompanhamento de entrega. O prazo registrado é 2023-03-23 00:00:00 e o escore de risco calculado é 0.60.

Solicitamos confirmação do status da entrega e previsão atualizada, quando aplicável.

Esta mensagem foi gerada pelo protótipo de monitoramento de compras públicas.",simulado
615,Fornecedor_15,Insumos,26610.45,2023-07-09,-1056,0.528831789263312,Média,prazo próximo do vencimento,Acompanhamento da OF 615 - prioridade Média,"Prezado fornecedor Fornecedor_15,

A Ordem de Fornecimento 615 apresenta prioridade Média no acompanhamento de entrega. O prazo registrado é 2023-07-09 00:00:00 e o escore de risco calculado é 0.53.

Solicitamos confirmação do status da entrega e previsão atualizada, quando aplicável.

Esta mensagem foi gerada pelo protótipo de monitoramento de compras públicas.",simulado
616,Fornecedor_12,Equipamentos,42625.08,2023-07-20,-1045,0.6116210255476832,Média,prazo próximo do vencimento,Acompanhamento da OF 616 - prioridade Média,"Prezado fornecedor Fornecedor_12,

A Ordem de Fornecimento 616 apresenta prioridade Média no acompanhamento de entrega. O prazo registrado é 2023-07-20 00:00:00 e o escore de risco calculado é 0.61.

Solicitamos confirmação do status da entrega e previsão atualizada, quando aplicável.

Esta mensagem foi gerada pelo protótipo de monitoramento de compras públicas.",simulado
617,Fornecedor_20,Insumos,12165.02,2023-04-13,-1143,0.2614654632470488,Baixa,prazo próximo do vencimento,Acompanhamento da OF 617 - prioridade Baixa,"Prezado fornecedor Fornecedor_20,

A Ordem de Fornecimento 617 apresenta prioridade Baixa no acompanhamento de entrega. O prazo registrado é 2023-04-13 00:00:00 e o escore de risco calculado é 0.26.

Solicitamos confirmação do status da entrega e previsão atualizada, quando aplicável.

Esta mensagem foi gerada pelo protótipo de monitoramento de compras públicas.",simulado
618,Fornecedor_12,Tecnologia,29409.36,2023-03-04,-1183,0.2543162105784425,Baixa,prazo próximo do vencimento,Acompanhamento da OF 618 - prioridade Baixa,"Prezado fornecedor Fornecedor_12,

A Ordem de Fornecimento 618 apresenta prioridade Baixa no acompanhamento de entrega. O prazo registrado é 2023-03-04 00:00:00 e o escore de risco calculado é 0.25.

Solicitamos confirmação do status da entrega e previsão atualizada, quando aplicável.

Esta mensagem foi gerada pelo protótipo de monitoramento de compras públicas.",simulado
619,Fornecedor_14,Tecnologia,6696.28,2023-10-15,-958,0.6167423667918086,Média,prazo próximo do vencimento,Acompanhamento da OF 619 - prioridade Média,"Prezado fornecedor Fornecedor_14,

A Ordem de Fornecimento 619 apresenta prioridade Média no acompanhamento de entrega. O prazo registrado é 2023-10-15 00:00:00 e o escore de risco calculado é 0.62.

Solicitamos confirmação do status da entrega e previsão atualizada, quando aplicável.

Esta mensagem foi gerada pelo protótipo de monitoramento de compras públicas.",simulado
620,Fornecedor_3,Insumos,23581.23,2023-10-10,-963,0.1060617434881746,Baixa,prazo próximo do vencimento,Acompanhamento da OF 620 - prioridade Baixa,"Prezado fornecedor Fornecedor_3,

A Ordem de Fornecimento 620 apresenta prioridade Baixa no acompanhamento de entrega. O prazo registrado é 2023-10-10 00:00:00 e o escore de risco calculado é 0.11.

Solicitamos confirmação do status da entrega e previsão atualizada, quando aplicável.

Esta mensagem foi gerada pelo protótipo de monitoramento de compras públicas.",simulado
621,Fornecedor_13,Equipamentos,36629.41,2023-09-09,-994,0.3370121340520857,Baixa,prazo próximo do vencimento,Acompanhamento da OF 621 - prioridade Baixa,"Prezado fornecedor Fornecedor_13,

A Ordem de Fornecimento 621 apresenta prioridade Baixa no acompanhamento de entrega. O prazo registrado é 2023-09-09 00:00:00 e o escore de risco calculado é 0.34.

Solicitamos confirmação do status da entrega e previsão atualizada, quando aplicável.

Esta mensagem foi gerada pelo protótipo de monitoramento de compras públicas.",simulado
622,Fornecedor_4,Medicamentos,44573.04,2023-10-24,-949,0.3074903361237364,Baixa,prazo próximo do vencimento,Acompanhamento da OF 622 - prioridade Baixa,"Prezado fornecedor Fornecedor_4,

A Ordem de Fornecimento 622 apresenta prioridade Baixa no acompanhamento de entrega. O prazo registrado é 2023-10-24 00:00:00 e o escore de risco calculado é 0.31.

Solicitamos confirmação do status da entrega e previsão atualizada, quando aplicável.

Esta mensagem foi gerada pelo protótipo de monitoramento de compras públicas.",simulado
623,Fornecedor_19,Tecnologia,11425.86,2023-03-24,-1163,0.6854042303428536,Média,prazo próximo do vencimento,Acompanhamento da OF 623 - prioridade Média,"Prezado fornecedor Fornecedor_19,

A Ordem de Fornecimento 623 apresenta prioridade Média no acompanhamento de entrega. O prazo registrado é 2023-03-24 00:00:00 e o escore de risco calculado é 0.69.

Solicitamos confirmação do status da entrega e previsão atualizada, quando aplicável.

Esta mensagem foi gerada pelo protótipo de monitoramento de compras públicas.",simulado
624,Fornecedor_15,Medicamentos,47782.84,2023-10-14,-959,0.2519289351813073,Baixa,prazo próximo do vencimento,Acompanhamento da OF 624 - prioridade Baixa,"Prezado fornecedor Fornecedor_15,

A Ordem de Fornecimento 624 apresenta prioridade Baixa no acompanhamento de entrega. O prazo registrado é 2023-10-14 00:00:00 e o escore de risco calculado é 0.25.

Solicitamos confirmação do status da entrega e previsão atualizada, quando aplicável.

Esta mensagem foi gerada pelo protótipo de monitoramento de compras públicas.",simulado
625,Fornecedor_13,Tecnologia,5336.6,2023-07-03,-1062,0.2598731103296114,Baixa,prazo próximo do vencimento,Acompanhamento da OF 625 - prioridade Baixa,"Prezado fornecedor Fornecedor_13,

A Ordem de Fornecimento 625 apresenta prioridade Baixa no acompanhamento de entrega. O prazo registrado é 2023-07-03 00:00:00 e o escore de risco calculado é 0.26.

Solicitamos confirmação do status da entrega e previsão atualizada, quando aplicável.

Esta mensagem foi gerada pelo protótipo de monitoramento de compras públicas.",simulado
626,Fornecedor_15,Medicamentos,40034.25,2023-05-28,-1098,0.5651962415621841,Média,prazo próximo do vencimento,Acompanhamento da OF 626 - prioridade Média,"Prezado fornecedor Fornecedor_15,

A Ordem de Fornecimento 626 apresenta prioridade Média no acompanhamento de entrega. O prazo registrado é 2023-05-28 00:00:00 e o escore de risco calculado é 0.57.

Solicitamos confirmação do status da entrega e previsão atualizada, quando aplicável.

Esta mensagem foi gerada pelo protótipo de monitoramento de compras públicas.",simulado
627,Fornecedor_2,Medicamentos,8380.4,2023-05-18,-1108,0.2215826140704406,Baixa,prazo próximo do vencimento,Acompanhamento da OF 627 - prioridade Baixa,"Prezado fornecedor Fornecedor_2,

A Ordem de Fornecimento 627 apresenta prioridade Baixa no acompanhamento de entrega. O prazo registrado é 2023-05-18 00:00:00 e o escore de risco calculado é 0.22.

Solicitamos confirmação do status da entrega e previsão atualizada, quando aplicável.

Esta mensagem foi gerada pelo protótipo de monitoramento de compras públicas.",simulado
628,Fornecedor_8,Tecnologia,48151.58,2024-01-15,-866,0.6538076739219708,Média,prazo próximo do vencimento,Acompanhamento da OF 628 - prioridade Média,"Prezado fornecedor Fornecedor_8,

A Ordem de Fornecimento 628 apresenta prioridade Média no acompanhamento de entrega. O prazo registrado é 2024-01-15 00:00:00 e o escore de risco calculado é 0.65.

Solicitamos confirmação do status da entrega e previsão atualizada, quando aplicável.

Esta mensagem foi gerada pelo protótipo de monitoramento de compras públicas.",simulado
629,Fornecedor_4,Insumos,15030.02,2023-07-08,-1057,0.6508954640596343,Média,prazo próximo do vencimento,Acompanhamento da OF 629 - prioridade Média,"Prezado fornecedor Fornecedor_4,

A Ordem de Fornecimento 629 apresenta prioridade Média no acompanhamento de entrega. O prazo registrado é 2023-07-08 00:00:00 e o escore de risco calculado é 0.65.

Solicitamos confirmação do status da entrega e previsão atualizada, quando aplicável.

Esta mensagem foi gerada pelo protótipo de monitoramento de compras públicas.",simulado
630,Fornecedor_9,Medicamentos,15818.43,2023-03-31,-1156,0.0708888756127749,Baixa,prazo próximo do vencimento,Acompanhamento da OF 630 - prioridade Baixa,"Prezado fornecedor Fornecedor_9,

A Ordem de Fornecimento 630 apresenta prioridade Baixa no acompanhamento de entrega. O prazo registrado é 2023-03-31 00:00:00 e o escore de risco calculado é 0.07.

Solicitamos confirmação do status da entrega e previsão atualizada, quando aplicável.

Esta mensagem foi gerada pelo protótipo de monitoramento de compras públicas.",simulado
631,Fornecedor_15,Medicamentos,43443.77,2023-09-23,-980,0.1744333404619764,Baixa,prazo próximo do vencimento,Acompanhamento da OF 631 - prioridade Baixa,"Prezado fornecedor Fornecedor_15,

A Ordem de Fornecimento 631 apresenta prioridade Baixa no acompanhamento de entrega. O prazo registrado é 2023-09-23 00:00:00 e o escore de risco calculado é 0.17.

Solicitamos confirmação do status da entrega e previsão atualizada, quando aplicável.

Esta mensagem foi gerada pelo protótipo de monitoramento de compras públicas.",simulado
632,Fornecedor_11,Insumos,25456.55,2024-01-12,-869,0.0800551113915934,Baixa,prazo próximo do vencimento,Acompanhamento da OF 632 - prioridade Baixa,"Prezado fornecedor Fornecedor_11,

A Ordem de Fornecimento 632 apresenta prioridade Baixa no acompanhamento de entrega. O prazo registrado é 2024-01-12 00:00:00 e o escore de risco calculado é 0.08.

Solicitamos confirmação do status da entrega e previsão atualizada, quando aplicável.

Esta mensagem foi gerada pelo protótipo de monitoramento de compras públicas.",simulado
633,Fornecedor_16,Insumos,29310.98,2023-05-12,-1114,0.3445919367975367,Baixa,prazo próximo do vencimento,Acompanhamento da OF 633 - prioridade Baixa,"Prezado fornecedor Fornecedor_16,

A Ordem de Fornecimento 633 apresenta prioridade Baixa no acompanhamento de entrega. O prazo registrado é 2023-05-12 00:00:00 e o escore de risco calculado é 0.34.

Solicitamos confirmação do status da entrega e previsão atualizada, quando aplicável.

Esta mensagem foi gerada pelo protótipo de monitoramento de compras públicas.",simulado
634,Fornecedor_3,Insumos,41031.09,2023-04-09,-1147,0.3803461124998324,Baixa,prazo próximo do vencimento,Acompanhamento da OF 634 - prioridade Baixa,"Prezado fornecedor Fornecedor_3,

A Ordem de Fornecimento 634 apresenta prioridade Baixa no acompanhamento de entrega. O prazo registrado é 2023-04-09 00:00:00 e o escore de risco calculado é 0.38.

Solicitamos confirmação do status da entrega e previsão atualizada, quando aplicável.

Esta mensagem foi gerada pelo protótipo de monitoramento de compras públicas.",simulado
635,Fornecedor_2,Tecnologia,45620.28,2023-12-03,-909,0.1283696952059289,Baixa,prazo próximo do vencimento,Acompanhamento da OF 635 - prioridade Baixa,"Prezado fornecedor Fornecedor_2,

A Ordem de Fornecimento 635 apresenta prioridade Baixa no acompanhamento de entrega. O prazo registrado é 2023-12-03 00:00:00 e o escore de risco calculado é 0.13.

Solicitamos confirmação do status da entrega e previsão atualizada, quando aplicável.

Esta mensagem foi gerada pelo protótipo de monitoramento de compras públicas.",simulado
636,Fornecedor_16,Equipamentos,24449.03,2023-09-01,-1002,0.5849123433395216,Média,prazo próximo do vencimento,Acompanhamento da OF 636 - prioridade Média,"Prezado fornecedor Fornecedor_16,

A Ordem de Fornecimento 636 apresenta prioridade Média no acompanhamento de entrega. O prazo registrado é 2023-09-01 00:00:00 e o escore de risco calculado é 0.58.

Solicitamos confirmação do status da entrega e previsão atualizada, quando aplicável.

Esta mensagem foi gerada pelo protótipo de monitoramento de compras públicas.",simulado
637,Fornecedor_12,Medicamentos,40089.25,2023-09-06,-997,0.2406501966021297,Baixa,prazo próximo do vencimento,Acompanhamento da OF 637 - prioridade Baixa,"Prezado fornecedor Fornecedor_12,

A Ordem de Fornecimento 637 apresenta prioridade Baixa no acompanhamento de entrega. O prazo registrado é 2023-09-06 00:00:00 e o escore de risco calculado é 0.24.

Solicitamos confirmação do status da entrega e previsão atualizada, quando aplicável.

Esta mensagem foi gerada pelo protótipo de monitoramento de compras públicas.",simulado
638,Fornecedor_4,Tecnologia,43506.94,2023-06-24,-1071,0.1947960971776505,Baixa,prazo próximo do vencimento,Acompanhamento da OF 638 - prioridade Baixa,"Prezado fornecedor Fornecedor_4,

A Ordem de Fornecimento 638 apresenta prioridade Baixa no acompanhamento de entrega. O prazo registrado é 2023-06-24 00:00:00 e o escore de risco calculado é 0.19.

Solicitamos confirmação do status da entrega e previsão atualizada, quando aplicável.

Esta mensagem foi gerada pelo protótipo de monitoramento de compras públicas.",simulado
639,Fornecedor_9,Insumos,15419.71,2023-09-24,-979,0.5297267635385848,Média,prazo próximo do vencimento,Acompanhamento da OF 639 - prioridade Média,"Prezado fornecedor Fornecedor_9,

A Ordem de Fornecimento 639 apresenta prioridade Média no acompanhamento de entrega. O prazo registrado é 2023-09-24 00:00:00 e o escore de risco calculado é 0.53.

Solicitamos confirmação do status da entrega e previsão atualizada, quando aplicável.

Esta mensagem foi gerada pelo protótipo de monitoramento de compras públicas.",simulado
640,Fornecedor_7,Medicamentos,17397.26,2024-01-06,-875,0.3182903232149383,Baixa,prazo próximo do vencimento,Acompanhamento da OF 640 - prioridade Baixa,"Prezado fornecedor Fornecedor_7,

A Ordem de Fornecimento 640 apresenta prioridade Baixa no acompanhamento de entrega. O prazo registrado é 2024-01-06 00:00:00 e o escore de risco calculado é 0.32.

Solicitamos confirmação do status da entrega e previsão atualizada, quando aplicável.

Esta mensagem foi gerada pelo protótipo de monitoramento de compras públicas.",simulado
641,Fornecedor_13,Insumos,20443.13,2023-01-10,-1236,0.2591051117664171,Baixa,prazo próximo do vencimento,Acompanhamento da OF 641 - prioridade Baixa,"Prezado fornecedor Fornecedor_13,

A Ordem de Fornecimento 641 apresenta prioridade Baixa no acompanhamento de entrega. O prazo registrado é 2023-01-10 00:00:00 e o escore de risco calculado é 0.26.

Solicitamos confirmação do status da entrega e previsão atualizada, quando aplicável.

Esta mensagem foi gerada pelo protótipo de monitoramento de compras públicas.",simulado
642,Fornecedor_1,Insumos,31943.14,2023-10-09,-964,0.578311108362073,Média,prazo próximo do vencimento,Acompanhamento da OF 642 - prioridade Média,"Prezado fornecedor Fornecedor_1,

A Ordem de Fornecimento 642 apresenta prioridade Média no acompanhamento de entrega. O prazo registrado é 2023-10-09 00:00:00 e o escore de risco calculado é 0.58.

Solicitamos confirmação do status da entrega e previsão atualizada, quando aplicável.

Esta mensagem foi gerada pelo protótipo de monitoramento de compras públicas.",simulado
643,Fornecedor_4,Tecnologia,22091.35,2023-05-16,-1110,0.2345614658722456,Baixa,prazo próximo do vencimento,Acompanhamento da OF 643 - prioridade Baixa,"Prezado fornecedor Fornecedor_4,

A Ordem de Fornecimento 643 apresenta prioridade Baixa no acompanhamento de entrega. O prazo registrado é 2023-05-16 00:00:00 e o escore de risco calculado é 0.23.

Solicitamos confirmação do status da entrega e previsão atualizada, quando aplicável.

Esta mensagem foi gerada pelo protótipo de monitoramento de compras públicas.",simulado
644,Fornecedor_2,Insumos,36374.98,2023-02-13,-1202,0.1945453021131717,Baixa,prazo próximo do vencimento,Acompanhamento da OF 644 - prioridade Baixa,"Prezado fornecedor Fornecedor_2,

A Ordem de Fornecimento 644 apresenta prioridade Baixa no acompanhamento de entrega. O prazo registrado é 2023-02-13 00:00:00 e o escore de risco calculado é 0.19.

Solicitamos confirmação do status da entrega e previsão atualizada, quando aplicável.

Esta mensagem foi gerada pelo protótipo de monitoramento de compras públicas.",simulado
645,Fornecedor_16,Equipamentos,20934.12,2023-08-10,-1024,0.1228680977387311,Baixa,prazo próximo do vencimento,Acompanhamento da OF 645 - prioridade Baixa,"Prezado fornecedor Fornecedor_16,

A Ordem de Fornecimento 645 apresenta prioridade Baixa no acompanhamento de entrega. O prazo registrado é 2023-08-10 00:00:00 e o escore de risco calculado é 0.12.

Solicitamos confirmação do status da entrega e previsão atualizada, quando aplicável.

Esta mensagem foi gerada pelo protótipo de monitoramento de compras públicas.",simulado
646,Fornecedor_20,Tecnologia,23617.16,2023-07-02,-1063,0.3597197648519751,Baixa,prazo próximo do vencimento,Acompanhamento da OF 646 - prioridade Baixa,"Prezado fornecedor Fornecedor_20,

A Ordem de Fornecimento 646 apresenta prioridade Baixa no acompanhamento de entrega. O prazo registrado é 2023-07-02 00:00:00 e o escore de risco calculado é 0.36.

Solicitamos confirmação do status da entrega e previsão atualizada, quando aplicável.

Esta mensagem foi gerada pelo protótipo de monitoramento de compras públicas.",simulado
647,Fornecedor_6,Tecnologia,27275.66,2023-06-24,-1071,0.5449859934237447,Média,prazo próximo do vencimento,Acompanhamento da OF 647 - prioridade Média,"Prezado fornecedor Fornecedor_6,

A Ordem de Fornecimento 647 apresenta prioridade Média no acompanhamento de entrega. O prazo registrado é 2023-06-24 00:00:00 e o escore de risco calculado é 0.54.

Solicitamos confirmação do status da entrega e previsão atualizada, quando aplicável.

Esta mensagem foi gerada pelo protótipo de monitoramento de compras públicas.",simulado
648,Fornecedor_1,Medicamentos,16644.7,2023-09-22,-981,0.2383063216738086,Baixa,prazo próximo do vencimento,Acompanhamento da OF 648 - prioridade Baixa,"Prezado fornecedor Fornecedor_1,

A Ordem de Fornecimento 648 apresenta prioridade Baixa no acompanhamento de entrega. O prazo registrado é 2023-09-22 00:00:00 e o escore de risco calculado é 0.24.

Solicitamos confirmação do status da entrega e previsão atualizada, quando aplicável.

Esta mensagem foi gerada pelo protótipo de monitoramento de compras públicas.",simulado
649,Fornecedor_13,Equipamentos,24020.59,2023-09-09,-994,0.593624834566418,Média,prazo próximo do vencimento,Acompanhamento da OF 649 - prioridade Média,"Prezado fornecedor Fornecedor_13,

A Ordem de Fornecimento 649 apresenta prioridade Média no acompanhamento de entrega. O prazo registrado é 2023-09-09 00:00:00 e o escore de risco calculado é 0.59.

Solicitamos confirmação do status da entrega e previsão atualizada, quando aplicável.

Esta mensagem foi gerada pelo protótipo de monitoramento de compras públicas.",simulado
650,Fornecedor_12,Medicamentos,4347.07,2023-05-13,-1113,0.3180583528465778,Baixa,prazo próximo do vencimento,Acompanhamento da OF 650 - prioridade Baixa,"Prezado fornecedor Fornecedor_12,

A Ordem de Fornecimento 650 apresenta prioridade Baixa no acompanhamento de entrega. O prazo registrado é 2023-05-13 00:00:00 e o escore de risco calculado é 0.32.

Solicitamos confirmação do status da entrega e previsão atualizada, quando aplicável.

Esta mensagem foi gerada pelo protótipo de monitoramento de compras públicas.",simulado
651,Fornecedor_2,Equipamentos,3468.47,2023-05-03,-1123,0.3389173980126284,Baixa,prazo próximo do vencimento,Acompanhamento da OF 651 - prioridade Baixa,"Prezado fornecedor Fornecedor_2,

A Ordem de Fornecimento 651 apresenta prioridade Baixa no acompanhamento de entrega. O prazo registrado é 2023-05-03 00:00:00 e o escore de risco calculado é 0.34.

Solicitamos confirmação do status da entrega e previsão atualizada, quando aplicável.

Esta mensagem foi gerada pelo protótipo de monitoramento de compras públicas.",simulado
652,Fornecedor_3,Medicamentos,7964.44,2023-10-28,-945,0.3207078017222025,Baixa,prazo próximo do vencimento,Acompanhamento da OF 652 - prioridade Baixa,"Prezado fornecedor Fornecedor_3,

A Ordem de Fornecimento 652 apresenta prioridade Baixa no acompanhamento de entrega. O prazo registrado é 2023-10-28 00:00:00 e o escore de risco calculado é 0.32.

Solicitamos confirmação do status da entrega e previsão atualizada, quando aplicável.

Esta mensagem foi gerada pelo protótipo de monitoramento de compras públicas.",simulado
653,Fornecedor_17,Insumos,7656.55,2023-02-05,-1210,0.1468713170018447,Baixa,prazo próximo do vencimento,Acompanhamento da OF 653 - prioridade Baixa,"Prezado fornecedor Fornecedor_17,

A Ordem de Fornecimento 653 apresenta prioridade Baixa no acompanhamento de entrega. O prazo registrado é 2023-02-05 00:00:00 e o escore de risco calculado é 0.15.

Solicitamos confirmação do status da entrega e previsão atualizada, quando aplicável.

Esta mensagem foi gerada pelo protótipo de monitoramento de compras públicas.",simulado
654,Fornecedor_20,Insumos,14308.6,2023-08-05,-1029,0.2635187400093516,Baixa,prazo próximo do vencimento,Acompanhamento da OF 654 - prioridade Baixa,"Prezado fornecedor Fornecedor_20,

A Ordem de Fornecimento 654 apresenta prioridade Baixa no acompanhamento de entrega. O prazo registrado é 2023-08-05 00:00:00 e o escore de risco calculado é 0.26.

Solicitamos confirmação do status da entrega e previsão atualizada, quando aplicável.

Esta mensagem foi gerada pelo protótipo de monitoramento de compras públicas.",simulado
655,Fornecedor_20,Tecnologia,27248.43,2023-05-15,-1111,0.5053532883395888,Média,prazo próximo do vencimento,Acompanhamento da OF 655 - prioridade Média,"Prezado fornecedor Fornecedor_20,

A Ordem de Fornecimento 655 apresenta prioridade Média no acompanhamento de entrega. O prazo registrado é 2023-05-15 00:00:00 e o escore de risco calculado é 0.51.

Solicitamos confirmação do status da entrega e previsão atualizada, quando aplicável.

Esta mensagem foi gerada pelo protótipo de monitoramento de compras públicas.",simulado
656,Fornecedor_5,Equipamentos,21131.37,2024-01-09,-872,0.388745163724625,Baixa,prazo próximo do vencimento,Acompanhamento da OF 656 - prioridade Baixa,"Prezado fornecedor Fornecedor_5,

A Ordem de Fornecimento 656 apresenta prioridade Baixa no acompanhamento de entrega. O prazo registrado é 2024-01-09 00:00:00 e o escore de risco calculado é 0.39.

Solicitamos confirmação do status da entrega e previsão atualizada, quando aplicável.

Esta mensagem foi gerada pelo protótipo de monitoramento de compras públicas.",simulado
657,Fornecedor_2,Equipamentos,2676.5,2023-02-16,-1199,0.6485852430404645,Média,prazo próximo do vencimento,Acompanhamento da OF 657 - prioridade Média,"Prezado fornecedor Fornecedor_2,

A Ordem de Fornecimento 657 apresenta prioridade Média no acompanhamento de entrega. O prazo registrado é 2023-02-16 00:00:00 e o escore de risco calculado é 0.65.

Solicitamos confirmação do status da entrega e previsão atualizada, quando aplicável.

Esta mensagem foi gerada pelo protótipo de monitoramento de compras públicas.",simulado
658,Fornecedor_19,Insumos,49813.82,2023-07-20,-1045,0.4581079679445789,Média,prazo próximo do vencimento,Acompanhamento da OF 658 - prioridade Média,"Prezado fornecedor Fornecedor_19,

A Ordem de Fornecimento 658 apresenta prioridade Média no acompanhamento de entrega. O prazo registrado é 2023-07-20 00:00:00 e o escore de risco calculado é 0.46.

Solicitamos confirmação do status da entrega e previsão atualizada, quando aplicável.

Esta mensagem foi gerada pelo protótipo de monitoramento de compras públicas.",simulado
659,Fornecedor_9,Equipamentos,26544.61,2023-03-28,-1159,0.1754852091294028,Baixa,prazo próximo do vencimento,Acompanhamento da OF 659 - prioridade Baixa,"Prezado fornecedor Fornecedor_9,

A Ordem de Fornecimento 659 apresenta prioridade Baixa no acompanhamento de entrega. O prazo registrado é 2023-03-28 00:00:00 e o escore de risco calculado é 0.18.

Solicitamos confirmação do status da entrega e previsão atualizada, quando aplicável.

Esta mensagem foi gerada pelo protótipo de monitoramento de compras públicas.",simulado
660,Fornecedor_11,Insumos,48734.21,2023-12-05,-907,0.0967245876288446,Baixa,prazo próximo do vencimento,Acompanhamento da OF 660 - prioridade Baixa,"Prezado fornecedor Fornecedor_11,

A Ordem de Fornecimento 660 apresenta prioridade Baixa no acompanhamento de entrega. O prazo registrado é 2023-12-05 00:00:00 e o escore de risco calculado é 0.10.

Solicitamos confirmação do status da entrega e previsão atualizada, quando aplicável.

Esta mensagem foi gerada pelo protótipo de monitoramento de compras públicas.",simulado
661,Fornecedor_1,Equipamentos,16692.71,2023-12-14,-898,0.3782655339886565,Baixa,prazo próximo do vencimento,Acompanhamento da OF 661 - prioridade Baixa,"Prezado fornecedor Fornecedor_1,

A Ordem de Fornecimento 661 apresenta prioridade Baixa no acompanhamento de entrega. O prazo registrado é 2023-12-14 00:00:00 e o escore de risco calculado é 0.38.

Solicitamos confirmação do status da entrega e previsão atualizada, quando aplicável.

Esta mensagem foi gerada pelo protótipo de monitoramento de compras públicas.",simulado
662,Fornecedor_18,Insumos,26517.8,2023-09-25,-978,0.362188899720226,Baixa,prazo próximo do vencimento,Acompanhamento da OF 662 - prioridade Baixa,"Prezado fornecedor Fornecedor_18,

A Ordem de Fornecimento 662 apresenta prioridade Baixa no acompanhamento de entrega. O prazo registrado é 2023-09-25 00:00:00 e o escore de risco calculado é 0.36.

Solicitamos confirmação do status da entrega e previsão atualizada, quando aplicável.

Esta mensagem foi gerada pelo protótipo de monitoramento de compras públicas.",simulado
663,Fornecedor_5,Insumos,31047.32,2023-01-06,-1240,0.600980701906312,Média,prazo próximo do vencimento,Acompanhamento da OF 663 - prioridade Média,"Prezado fornecedor Fornecedor_5,

A Ordem de Fornecimento 663 apresenta prioridade Média no acompanhamento de entrega. O prazo registrado é 2023-01-06 00:00:00 e o escore de risco calculado é 0.60.

Solicitamos confirmação do status da entrega e previsão atualizada, quando aplicável.

Esta mensagem foi gerada pelo protótipo de monitoramento de compras públicas.",simulado
664,Fornecedor_13,Tecnologia,12818.86,2023-12-03,-909,0.2557091521489654,Baixa,prazo próximo do vencimento,Acompanhamento da OF 664 - prioridade Baixa,"Prezado fornecedor Fornecedor_13,

A Ordem de Fornecimento 664 apresenta prioridade Baixa no acompanhamento de entrega. O prazo registrado é 2023-12-03 00:00:00 e o escore de risco calculado é 0.26.

Solicitamos confirmação do status da entrega e previsão atualizada, quando aplicável.

Esta mensagem foi gerada pelo protótipo de monitoramento de compras públicas.",simulado
665,Fornecedor_18,Equipamentos,48862.33,2024-01-22,-859,0.4673295311902219,Média,prazo próximo do vencimento,Acompanhamento da OF 665 - prioridade Média,"Prezado fornecedor Fornecedor_18,

A Ordem de Fornecimento 665 apresenta prioridade Média no acompanhamento de entrega. O prazo registrado é 2024-01-22 00:00:00 e o escore de risco calculado é 0.47.

Solicitamos confirmação do status da entrega e previsão atualizada, quando aplicável.

Esta mensagem foi gerada pelo protótipo de monitoramento de compras públicas.",simulado
666,Fornecedor_16,Equipamentos,43125.26,2023-10-13,-960,0.5998661981593275,Média,prazo próximo do vencimento,Acompanhamento da OF 666 - prioridade Média,"Prezado fornecedor Fornecedor_16,

A Ordem de Fornecimento 666 apresenta prioridade Média no acompanhamento de entrega. O prazo registrado é 2023-10-13 00:00:00 e o escore de risco calculado é 0.60.

Solicitamos confirmação do status da entrega e previsão atualizada, quando aplicável.

Esta mensagem foi gerada pelo protótipo de monitoramento de compras públicas.",simulado
667,Fornecedor_10,Equipamentos,38294.62,2023-06-05,-1090,0.2120918404677051,Baixa,prazo próximo do vencimento,Acompanhamento da OF 667 - prioridade Baixa,"Prezado fornecedor Fornecedor_10,

A Ordem de Fornecimento 667 apresenta prioridade Baixa no acompanhamento de entrega. O prazo registrado é 2023-06-05 00:00:00 e o escore de risco calculado é 0.21.

Solicitamos confirmação do status da entrega e previsão atualizada, quando aplicável.

Esta mensagem foi gerada pelo protótipo de monitoramento de compras públicas.",simulado
668,Fornecedor_15,Medicamentos,24946.88,2023-12-27,-885,0.1881946868428698,Baixa,prazo próximo do vencimento,Acompanhamento da OF 668 - prioridade Baixa,"Prezado fornecedor Fornecedor_15,

A Ordem de Fornecimento 668 apresenta prioridade Baixa no acompanhamento de entrega. O prazo registrado é 2023-12-27 00:00:00 e o escore de risco calculado é 0.19.

Solicitamos confirmação do status da entrega e previsão atualizada, quando aplicável.

Esta mensagem foi gerada pelo protótipo de monitoramento de compras públicas.",simulado
669,Fornecedor_12,Medicamentos,24557.71,2023-08-28,-1006,0.1577973800544305,Baixa,prazo próximo do vencimento,Acompanhamento da OF 669 - prioridade Baixa,"Prezado fornecedor Fornecedor_12,

A Ordem de Fornecimento 669 apresenta prioridade Baixa no acompanhamento de entrega. O prazo registrado é 2023-08-28 00:00:00 e o escore de risco calculado é 0.16.

Solicitamos confirmação do status da entrega e previsão atualizada, quando aplicável.

Esta mensagem foi gerada pelo protótipo de monitoramento de compras públicas.",simulado
670,Fornecedor_13,Equipamentos,29768.95,2023-11-04,-938,0.2975588191107365,Baixa,prazo próximo do vencimento,Acompanhamento da OF 670 - prioridade Baixa,"Prezado fornecedor Fornecedor_13,

A Ordem de Fornecimento 670 apresenta prioridade Baixa no acompanhamento de entrega. O prazo registrado é 2023-11-04 00:00:00 e o escore de risco calculado é 0.30.

Solicitamos confirmação do status da entrega e previsão atualizada, quando aplicável.

Esta mensagem foi gerada pelo protótipo de monitoramento de compras públicas.",simulado
671,Fornecedor_4,Insumos,5110.28,2023-06-08,-1087,0.3023479616317022,Baixa,prazo próximo do vencimento,Acompanhamento da OF 671 - prioridade Baixa,"Prezado fornecedor Fornecedor_4,

A Ordem de Fornecimento 671 apresenta prioridade Baixa no acompanhamento de entrega. O prazo registrado é 2023-06-08 00:00:00 e o escore de risco calculado é 0.30.

Solicitamos confirmação do status da entrega e previsão atualizada, quando aplicável.

Esta mensagem foi gerada pelo protótipo de monitoramento de compras públicas.",simulado
672,Fornecedor_20,Medicamentos,10166.6,2023-10-14,-959,0.2577467647223914,Baixa,prazo próximo do vencimento,Acompanhamento da OF 672 - prioridade Baixa,"Prezado fornecedor Fornecedor_20,

A Ordem de Fornecimento 672 apresenta prioridade Baixa no acompanhamento de entrega. O prazo registrado é 2023-10-14 00:00:00 e o escore de risco calculado é 0.26.

Solicitamos confirmação do status da entrega e previsão atualizada, quando aplicável.

Esta mensagem foi gerada pelo protótipo de monitoramento de compras públicas.",simulado
673,Fornecedor_1,Equipamentos,16947.63,2023-03-02,-1185,0.6636023626427386,Média,prazo próximo do vencimento,Acompanhamento da OF 673 - prioridade Média,"Prezado fornecedor Fornecedor_1,

A Ordem de Fornecimento 673 apresenta prioridade Média no acompanhamento de entrega. O prazo registrado é 2023-03-02 00:00:00 e o escore de risco calculado é 0.66.

Solicitamos confirmação do status da entrega e previsão atualizada, quando aplicável.

Esta mensagem foi gerada pelo protótipo de monitoramento de compras públicas.",simulado
674,Fornecedor_14,Tecnologia,46004.68,2023-11-07,-935,0.2402110009231672,Baixa,prazo próximo do vencimento,Acompanhamento da OF 674 - prioridade Baixa,"Prezado fornecedor Fornecedor_14,

A Ordem de Fornecimento 674 apresenta prioridade Baixa no acompanhamento de entrega. O prazo registrado é 2023-11-07 00:00:00 e o escore de risco calculado é 0.24.

Solicitamos confirmação do status da entrega e previsão atualizada, quando aplicável.

Esta mensagem foi gerada pelo protótipo de monitoramento de compras públicas.",simulado
675,Fornecedor_17,Tecnologia,12407.11,2023-11-20,-922,0.3755993346623444,Baixa,prazo próximo do vencimento,Acompanhamento da OF 675 - prioridade Baixa,"Prezado fornecedor Fornecedor_17,

A Ordem de Fornecimento 675 apresenta prioridade Baixa no acompanhamento de entrega. O prazo registrado é 2023-11-20 00:00:00 e o escore de risco calculado é 0.38.

Solicitamos confirmação do status da entrega e previsão atualizada, quando aplicável.

Esta mensagem foi gerada pelo protótipo de monitoramento de compras públicas.",simulado
676,Fornecedor_9,Insumos,10568.69,2023-03-22,-1165,0.149393758155634,Baixa,prazo próximo do vencimento,Acompanhamento da OF 676 - prioridade Baixa,"Prezado fornecedor Fornecedor_9,

A Ordem de Fornecimento 676 apresenta prioridade Baixa no acompanhamento de entrega. O prazo registrado é 2023-03-22 00:00:00 e o escore de risco calculado é 0.15.

Solicitamos confirmação do status da entrega e previsão atualizada, quando aplicável.

Esta mensagem foi gerada pelo protótipo de monitoramento de compras públicas.",simulado
677,Fornecedor_19,Equipamentos,24263.94,2023-12-01,-911,0.2714188132187298,Baixa,prazo próximo do vencimento,Acompanhamento da OF 677 - prioridade Baixa,"Prezado fornecedor Fornecedor_19,

A Ordem de Fornecimento 677 apresenta prioridade Baixa no acompanhamento de entrega. O prazo registrado é 2023-12-01 00:00:00 e o escore de risco calculado é 0.27.

Solicitamos confirmação do status da entrega e previsão atualizada, quando aplicável.

Esta mensagem foi gerada pelo protótipo de monitoramento de compras públicas.",simulado
678,Fornecedor_15,Medicamentos,25886.62,2023-02-20,-1195,0.2876471385220888,Baixa,prazo próximo do vencimento,Acompanhamento da OF 678 - prioridade Baixa,"Prezado fornecedor Fornecedor_15,

A Ordem de Fornecimento 678 apresenta prioridade Baixa no acompanhamento de entrega. O prazo registrado é 2023-02-20 00:00:00 e o escore de risco calculado é 0.29.

Solicitamos confirmação do status da entrega e previsão atualizada, quando aplicável.

Esta mensagem foi gerada pelo protótipo de monitoramento de compras públicas.",simulado
679,Fornecedor_17,Tecnologia,46688.42,2023-09-17,-986,0.3123877967359848,Baixa,prazo próximo do vencimento,Acompanhamento da OF 679 - prioridade Baixa,"Prezado fornecedor Fornecedor_17,

A Ordem de Fornecimento 679 apresenta prioridade Baixa no acompanhamento de entrega. O prazo registrado é 2023-09-17 00:00:00 e o escore de risco calculado é 0.31.

Solicitamos confirmação do status da entrega e previsão atualizada, quando aplicável.

Esta mensagem foi gerada pelo protótipo de monitoramento de compras públicas.",simulado
680,Fornecedor_1,Tecnologia,32721.73,2023-03-02,-1185,0.710513181113793,Alta,risco preditivo elevado; prazo próximo do vencimento,Acompanhamento da OF 680 - prioridade Alta,"Prezado fornecedor Fornecedor_1,

A Ordem de Fornecimento 680 apresenta prioridade Alta no acompanhamento de entrega. O prazo registrado é 2023-03-02 00:00:00 e o escore de risco calculado é 0.71.

Solicitamos confirmação do status da entrega e previsão atualizada, quando aplicável.

Esta mensagem foi gerada pelo protótipo de monitoramento de compras públicas.",simulado
681,Fornecedor_4,Medicamentos,4909.35,2023-12-19,-893,0.6233450470436238,Média,prazo próximo do vencimento,Acompanhamento da OF 681 - prioridade Média,"Prezado fornecedor Fornecedor_4,

A Ordem de Fornecimento 681 apresenta prioridade Média no acompanhamento de entrega. O prazo registrado é 2023-12-19 00:00:00 e o escore de risco calculado é 0.62.

Solicitamos confirmação do status da entrega e previsão atualizada, quando aplicável.

Esta mensagem foi gerada pelo protótipo de monitoramento de compras públicas.",simulado
682,Fornecedor_17,Tecnologia,19122.39,2024-01-06,-875,0.6148602450482337,Média,prazo próximo do vencimento,Acompanhamento da OF 682 - prioridade Média,"Prezado fornecedor Fornecedor_17,

A Ordem de Fornecimento 682 apresenta prioridade Média no acompanhamento de entrega. O prazo registrado é 2024-01-06 00:00:00 e o escore de risco calculado é 0.61.

Solicitamos confirmação do status da entrega e previsão atualizada, quando aplicável.

Esta mensagem foi gerada pelo protótipo de monitoramento de compras públicas.",simulado
683,Fornecedor_17,Equipamentos,36809.04,2023-03-17,-1170,0.6579115039403683,Média,prazo próximo do vencimento,Acompanhamento da OF 683 - prioridade Média,"Prezado fornecedor Fornecedor_17,

A Ordem de Fornecimento 683 apresenta prioridade Média no acompanhamento de entrega. O prazo registrado é 2023-03-17 00:00:00 e o escore de risco calculado é 0.66.

Solicitamos confirmação do status da entrega e previsão atualizada, quando aplicável.

Esta mensagem foi gerada pelo protótipo de monitoramento de compras públicas.",simulado
684,Fornecedor_1,Medicamentos,5125.7,2023-06-13,-1082,0.2062650712336513,Baixa,prazo próximo do vencimento,Acompanhamento da OF 684 - prioridade Baixa,"Prezado fornecedor Fornecedor_1,

A Ordem de Fornecimento 684 apresenta prioridade Baixa no acompanhamento de entrega. O prazo registrado é 2023-06-13 00:00:00 e o escore de risco calculado é 0.21.

Solicitamos confirmação do status da entrega e previsão atualizada, quando aplicável.

Esta mensagem foi gerada pelo protótipo de monitoramento de compras públicas.",simulado
685,Fornecedor_4,Medicamentos,2333.84,2023-11-06,-936,0.330622517390698,Baixa,prazo próximo do vencimento,Acompanhamento da OF 685 - prioridade Baixa,"Prezado fornecedor Fornecedor_4,

A Ordem de Fornecimento 685 apresenta prioridade Baixa no acompanhamento de entrega. O prazo registrado é 2023-11-06 00:00:00 e o escore de risco calculado é 0.33.

Solicitamos confirmação do status da entrega e previsão atualizada, quando aplicável.

Esta mensagem foi gerada pelo protótipo de monitoramento de compras públicas.",simulado
686,Fornecedor_11,Insumos,48961.92,2024-01-12,-869,0.1030119302824415,Baixa,prazo próximo do vencimento,Acompanhamento da OF 686 - prioridade Baixa,"Prezado fornecedor Fornecedor_11,

A Ordem de Fornecimento 686 apresenta prioridade Baixa no acompanhamento de entrega. O prazo registrado é 2024-01-12 00:00:00 e o escore de risco calculado é 0.10.

Solicitamos confirmação do status da entrega e previsão atualizada, quando aplicável.

Esta mensagem foi gerada pelo protótipo de monitoramento de compras públicas.",simulado
687,Fornecedor_9,Insumos,20129.56,2023-02-22,-1193,0.1634382759828499,Baixa,prazo próximo do vencimento,Acompanhamento da OF 687 - prioridade Baixa,"Prezado fornecedor Fornecedor_9,

A Ordem de Fornecimento 687 apresenta prioridade Baixa no acompanhamento de entrega. O prazo registrado é 2023-02-22 00:00:00 e o escore de risco calculado é 0.16.

Solicitamos confirmação do status da entrega e previsão atualizada, quando aplicável.

Esta mensagem foi gerada pelo protótipo de monitoramento de compras públicas.",simulado
688,Fornecedor_5,Insumos,28379.6,2023-05-27,-1099,0.5001688674732538,Média,prazo próximo do vencimento,Acompanhamento da OF 688 - prioridade Média,"Prezado fornecedor Fornecedor_5,

A Ordem de Fornecimento 688 apresenta prioridade Média no acompanhamento de entrega. O prazo registrado é 2023-05-27 00:00:00 e o escore de risco calculado é 0.50.

Solicitamos confirmação do status da entrega e previsão atualizada, quando aplicável.

Esta mensagem foi gerada pelo protótipo de monitoramento de compras públicas.",simulado
689,Fornecedor_1,Insumos,34726.46,2023-07-29,-1036,0.6022949106155483,Média,prazo próximo do vencimento,Acompanhamento da OF 689 - prioridade Média,"Prezado fornecedor Fornecedor_1,

A Ordem de Fornecimento 689 apresenta prioridade Média no acompanhamento de entrega. O prazo registrado é 2023-07-29 00:00:00 e o escore de risco calculado é 0.60.

Solicitamos confirmação do status da entrega e previsão atualizada, quando aplicável.

Esta mensagem foi gerada pelo protótipo de monitoramento de compras públicas.",simulado
690,Fornecedor_19,Insumos,34239.31,2023-11-09,-933,0.5923789159428723,Média,prazo próximo do vencimento,Acompanhamento da OF 690 - prioridade Média,"Prezado fornecedor Fornecedor_19,

A Ordem de Fornecimento 690 apresenta prioridade Média no acompanhamento de entrega. O prazo registrado é 2023-11-09 00:00:00 e o escore de risco calculado é 0.59.

Solicitamos confirmação do status da entrega e previsão atualizada, quando aplicável.

Esta mensagem foi gerada pelo protótipo de monitoramento de compras públicas.",simulado
691,Fornecedor_13,Insumos,31548.01,2023-02-20,-1195,0.2912053309521178,Baixa,prazo próximo do vencimento,Acompanhamento da OF 691 - prioridade Baixa,"Prezado fornecedor Fornecedor_13,

A Ordem de Fornecimento 691 apresenta prioridade Baixa no acompanhamento de entrega. O prazo registrado é 2023-02-20 00:00:00 e o escore de risco calculado é 0.29.

Solicitamos confirmação do status da entrega e previsão atualizada, quando aplicável.

Esta mensagem foi gerada pelo protótipo de monitoramento de compras públicas.",simulado
692,Fornecedor_18,Equipamentos,16593.05,2023-09-28,-975,0.4699674636995883,Média,prazo próximo do vencimento,Acompanhamento da OF 692 - prioridade Média,"Prezado fornecedor Fornecedor_18,

A Ordem de Fornecimento 692 apresenta prioridade Média no acompanhamento de entrega. O prazo registrado é 2023-09-28 00:00:00 e o escore de risco calculado é 0.47.

Solicitamos confirmação do status da entrega e previsão atualizada, quando aplicável.

Esta mensagem foi gerada pelo protótipo de monitoramento de compras públicas.",simulado
693,Fornecedor_15,Medicamentos,33287.41,2023-05-28,-1098,0.6614738672283369,Média,prazo próximo do vencimento,Acompanhamento da OF 693 - prioridade Média,"Prezado fornecedor Fornecedor_15,

A Ordem de Fornecimento 693 apresenta prioridade Média no acompanhamento de entrega. O prazo registrado é 2023-05-28 00:00:00 e o escore de risco calculado é 0.66.

Solicitamos confirmação do status da entrega e previsão atualizada, quando aplicável.

Esta mensagem foi gerada pelo protótipo de monitoramento de compras públicas.",simulado
694,Fornecedor_15,Equipamentos,48104.87,2023-05-27,-1099,0.6450148492513421,Média,prazo próximo do vencimento,Acompanhamento da OF 694 - prioridade Média,"Prezado fornecedor Fornecedor_15,

A Ordem de Fornecimento 694 apresenta prioridade Média no acompanhamento de entrega. O prazo registrado é 2023-05-27 00:00:00 e o escore de risco calculado é 0.65.

Solicitamos confirmação do status da entrega e previsão atualizada, quando aplicável.

Esta mensagem foi gerada pelo protótipo de monitoramento de compras públicas.",simulado
695,Fornecedor_9,Insumos,49319.26,2023-05-29,-1097,0.4058679540293925,Média,prazo próximo do vencimento,Acompanhamento da OF 695 - prioridade Média,"Prezado fornecedor Fornecedor_9,

A Ordem de Fornecimento 695 apresenta prioridade Média no acompanhamento de entrega. O prazo registrado é 2023-05-29 00:00:00 e o escore de risco calculado é 0.41.

Solicitamos confirmação do status da entrega e previsão atualizada, quando aplicável.

Esta mensagem foi gerada pelo protótipo de monitoramento de compras públicas.",simulado
696,Fornecedor_16,Medicamentos,20880.2,2023-11-01,-941,0.2371653922488523,Baixa,prazo próximo do vencimento,Acompanhamento da OF 696 - prioridade Baixa,"Prezado fornecedor Fornecedor_16,

A Ordem de Fornecimento 696 apresenta prioridade Baixa no acompanhamento de entrega. O prazo registrado é 2023-11-01 00:00:00 e o escore de risco calculado é 0.24.

Solicitamos confirmação do status da entrega e previsão atualizada, quando aplicável.

Esta mensagem foi gerada pelo protótipo de monitoramento de compras públicas.",simulado
697,Fornecedor_13,Insumos,28064.08,2023-03-15,-1172,0.2422920596610353,Baixa,prazo próximo do vencimento,Acompanhamento da OF 697 - prioridade Baixa,"Prezado fornecedor Fornecedor_13,

A Ordem de Fornecimento 697 apresenta prioridade Baixa no acompanhamento de entrega. O prazo registrado é 2023-03-15 00:00:00 e o escore de risco calculado é 0.24.

Solicitamos confirmação do status da entrega e previsão atualizada, quando aplicável.

Esta mensagem foi gerada pelo protótipo de monitoramento de compras públicas.",simulado
698,Fornecedor_16,Equipamentos,17013.4,2023-09-05,-998,0.0896627850218617,Baixa,prazo próximo do vencimento,Acompanhamento da OF 698 - prioridade Baixa,"Prezado fornecedor Fornecedor_16,

A Ordem de Fornecimento 698 apresenta prioridade Baixa no acompanhamento de entrega. O prazo registrado é 2023-09-05 00:00:00 e o escore de risco calculado é 0.09.

Solicitamos confirmação do status da entrega e previsão atualizada, quando aplicável.

Esta mensagem foi gerada pelo protótipo de monitoramento de compras públicas.",simulado
699,Fornecedor_19,Tecnologia,19455.85,2023-03-15,-1172,0.4688087141663772,Média,prazo próximo do vencimento,Acompanhamento da OF 699 - prioridade Média,"Prezado fornecedor Fornecedor_19,

A Ordem de Fornecimento 699 apresenta prioridade Média no acompanhamento de entrega. O prazo registrado é 2023-03-15 00:00:00 e o escore de risco calculado é 0.47.

Solicitamos confirmação do status da entrega e previsão atualizada, quando aplicável.

Esta mensagem foi gerada pelo protótipo de monitoramento de compras públicas.",simulado
700,Fornecedor_16,Insumos,8131.43,2023-08-12,-1022,0.2078224203877089,Baixa,prazo próximo do vencimento,Acompanhamento da OF 700 - prioridade Baixa,"Prezado fornecedor Fornecedor_16,

A Ordem de Fornecimento 700 apresenta prioridade Baixa no acompanhamento de entrega. O prazo registrado é 2023-08-12 00:00:00 e o escore de risco calculado é 0.21.

Solicitamos confirmação do status da entrega e previsão atualizada, quando aplicável.

Esta mensagem foi gerada pelo protótipo de monitoramento de compras públicas.",simulado
701,Fornecedor_12,Medicamentos,6436.68,2023-04-19,-1137,0.188262954258384,Baixa,prazo próximo do vencimento,Acompanhamento da OF 701 - prioridade Baixa,"Prezado fornecedor Fornecedor_12,

A Ordem de Fornecimento 701 apresenta prioridade Baixa no acompanhamento de entrega. O prazo registrado é 2023-04-19 00:00:00 e o escore de risco calculado é 0.19.

Solicitamos confirmação do status da entrega e previsão atualizada, quando aplicável.

Esta mensagem foi gerada pelo protótipo de monitoramento de compras públicas.",simulado
702,Fornecedor_13,Insumos,16714.14,2023-03-21,-1166,0.2166496758566035,Baixa,prazo próximo do vencimento,Acompanhamento da OF 702 - prioridade Baixa,"Prezado fornecedor Fornecedor_13,

A Ordem de Fornecimento 702 apresenta prioridade Baixa no acompanhamento de entrega. O prazo registrado é 2023-03-21 00:00:00 e o escore de risco calculado é 0.22.

Solicitamos confirmação do status da entrega e previsão atualizada, quando aplicável.

Esta mensagem foi gerada pelo protótipo de monitoramento de compras públicas.",simulado
703,Fornecedor_10,Medicamentos,22835.31,2023-08-28,-1006,0.2893415581414948,Baixa,prazo próximo do vencimento,Acompanhamento da OF 703 - prioridade Baixa,"Prezado fornecedor Fornecedor_10,

A Ordem de Fornecimento 703 apresenta prioridade Baixa no acompanhamento de entrega. O prazo registrado é 2023-08-28 00:00:00 e o escore de risco calculado é 0.29.

Solicitamos confirmação do status da entrega e previsão atualizada, quando aplicável.

Esta mensagem foi gerada pelo protótipo de monitoramento de compras públicas.",simulado
704,Fornecedor_17,Equipamentos,29014.79,2023-10-24,-949,0.2852396137474512,Baixa,prazo próximo do vencimento,Acompanhamento da OF 704 - prioridade Baixa,"Prezado fornecedor Fornecedor_17,

A Ordem de Fornecimento 704 apresenta prioridade Baixa no acompanhamento de entrega. O prazo registrado é 2023-10-24 00:00:00 e o escore de risco calculado é 0.29.

Solicitamos confirmação do status da entrega e previsão atualizada, quando aplicável.

Esta mensagem foi gerada pelo protótipo de monitoramento de compras públicas.",simulado
705,Fornecedor_18,Medicamentos,26416.87,2023-07-16,-1049,0.5297067843920966,Média,prazo próximo do vencimento,Acompanhamento da OF 705 - prioridade Média,"Prezado fornecedor Fornecedor_18,

A Ordem de Fornecimento 705 apresenta prioridade Média no acompanhamento de entrega. O prazo registrado é 2023-07-16 00:00:00 e o escore de risco calculado é 0.53.

Solicitamos confirmação do status da entrega e previsão atualizada, quando aplicável.

Esta mensagem foi gerada pelo protótipo de monitoramento de compras públicas.",simulado
706,Fornecedor_1,Equipamentos,23332.97,2023-04-30,-1126,0.6528271045789779,Média,prazo próximo do vencimento,Acompanhamento da OF 706 - prioridade Média,"Prezado fornecedor Fornecedor_1,

A Ordem de Fornecimento 706 apresenta prioridade Média no acompanhamento de entrega. O prazo registrado é 2023-04-30 00:00:00 e o escore de risco calculado é 0.65.

Solicitamos confirmação do status da entrega e previsão atualizada, quando aplicável.

Esta mensagem foi gerada pelo protótipo de monitoramento de compras públicas.",simulado
707,Fornecedor_3,Insumos,5549.65,2023-11-23,-919,0.1213483366220072,Baixa,prazo próximo do vencimento,Acompanhamento da OF 707 - prioridade Baixa,"Prezado fornecedor Fornecedor_3,

A Ordem de Fornecimento 707 apresenta prioridade Baixa no acompanhamento de entrega. O prazo registrado é 2023-11-23 00:00:00 e o escore de risco calculado é 0.12.

Solicitamos confirmação do status da entrega e previsão atualizada, quando aplicável.

Esta mensagem foi gerada pelo protótipo de monitoramento de compras públicas.",simulado
708,Fornecedor_12,Equipamentos,16284.0,2023-12-26,-886,0.2352751146314238,Baixa,prazo próximo do vencimento,Acompanhamento da OF 708 - prioridade Baixa,"Prezado fornecedor Fornecedor_12,

A Ordem de Fornecimento 708 apresenta prioridade Baixa no acompanhamento de entrega. O prazo registrado é 2023-12-26 00:00:00 e o escore de risco calculado é 0.24.

Solicitamos confirmação do status da entrega e previsão atualizada, quando aplicável.

Esta mensagem foi gerada pelo protótipo de monitoramento de compras públicas.",simulado
709,Fornecedor_14,Tecnologia,32594.12,2023-11-13,-929,0.239894910746027,Baixa,prazo próximo do vencimento,Acompanhamento da OF 709 - prioridade Baixa,"Prezado fornecedor Fornecedor_14,

A Ordem de Fornecimento 709 apresenta prioridade Baixa no acompanhamento de entrega. O prazo registrado é 2023-11-13 00:00:00 e o escore de risco calculado é 0.24.

Solicitamos confirmação do status da entrega e previsão atualizada, quando aplicável.

Esta mensagem foi gerada pelo protótipo de monitoramento de compras públicas.",simulado
710,Fornecedor_10,Insumos,33257.3,2023-10-17,-956,0.5272281911457127,Média,prazo próximo do vencimento,Acompanhamento da OF 710 - prioridade Média,"Prezado fornecedor Fornecedor_10,

A Ordem de Fornecimento 710 apresenta prioridade Média no acompanhamento de entrega. O prazo registrado é 2023-10-17 00:00:00 e o escore de risco calculado é 0.53.

Solicitamos confirmação do status da entrega e previsão atualizada, quando aplicável.

Esta mensagem foi gerada pelo protótipo de monitoramento de compras públicas.",simulado
711,Fornecedor_8,Equipamentos,30311.12,2023-02-28,-1187,0.2990617083212012,Baixa,prazo próximo do vencimento,Acompanhamento da OF 711 - prioridade Baixa,"Prezado fornecedor Fornecedor_8,

A Ordem de Fornecimento 711 apresenta prioridade Baixa no acompanhamento de entrega. O prazo registrado é 2023-02-28 00:00:00 e o escore de risco calculado é 0.30.

Solicitamos confirmação do status da entrega e previsão atualizada, quando aplicável.

Esta mensagem foi gerada pelo protótipo de monitoramento de compras públicas.",simulado
712,Fornecedor_18,Medicamentos,13551.06,2023-05-08,-1118,0.5984931327555878,Média,prazo próximo do vencimento,Acompanhamento da OF 712 - prioridade Média,"Prezado fornecedor Fornecedor_18,

A Ordem de Fornecimento 712 apresenta prioridade Média no acompanhamento de entrega. O prazo registrado é 2023-05-08 00:00:00 e o escore de risco calculado é 0.60.

Solicitamos confirmação do status da entrega e previsão atualizada, quando aplicável.

Esta mensagem foi gerada pelo protótipo de monitoramento de compras públicas.",simulado
713,Fornecedor_7,Tecnologia,28233.19,2023-05-23,-1103,0.6335876660513999,Média,prazo próximo do vencimento,Acompanhamento da OF 713 - prioridade Média,"Prezado fornecedor Fornecedor_7,

A Ordem de Fornecimento 713 apresenta prioridade Média no acompanhamento de entrega. O prazo registrado é 2023-05-23 00:00:00 e o escore de risco calculado é 0.63.

Solicitamos confirmação do status da entrega e previsão atualizada, quando aplicável.

Esta mensagem foi gerada pelo protótipo de monitoramento de compras públicas.",simulado
714,Fornecedor_2,Medicamentos,22058.7,2023-10-09,-964,0.088132022660408,Baixa,prazo próximo do vencimento,Acompanhamento da OF 714 - prioridade Baixa,"Prezado fornecedor Fornecedor_2,

A Ordem de Fornecimento 714 apresenta prioridade Baixa no acompanhamento de entrega. O prazo registrado é 2023-10-09 00:00:00 e o escore de risco calculado é 0.09.

Solicitamos confirmação do status da entrega e previsão atualizada, quando aplicável.

Esta mensagem foi gerada pelo protótipo de monitoramento de compras públicas.",simulado
715,Fornecedor_10,Medicamentos,35887.5,2023-05-25,-1101,0.2238216417691792,Baixa,prazo próximo do vencimento,Acompanhamento da OF 715 - prioridade Baixa,"Prezado fornecedor Fornecedor_10,

A Ordem de Fornecimento 715 apresenta prioridade Baixa no acompanhamento de entrega. O prazo registrado é 2023-05-25 00:00:00 e o escore de risco calculado é 0.22.

Solicitamos confirmação do status da entrega e previsão atualizada, quando aplicável.

Esta mensagem foi gerada pelo protótipo de monitoramento de compras públicas.",simulado
716,Fornecedor_5,Equipamentos,5344.27,2023-08-26,-1008,0.2912706882772997,Baixa,prazo próximo do vencimento,Acompanhamento da OF 716 - prioridade Baixa,"Prezado fornecedor Fornecedor_5,

A Ordem de Fornecimento 716 apresenta prioridade Baixa no acompanhamento de entrega. O prazo registrado é 2023-08-26 00:00:00 e o escore de risco calculado é 0.29.

Solicitamos confirmação do status da entrega e previsão atualizada, quando aplicável.

Esta mensagem foi gerada pelo protótipo de monitoramento de compras públicas.",simulado
717,Fornecedor_5,Equipamentos,16335.82,2023-04-07,-1149,0.5361025840318083,Média,prazo próximo do vencimento,Acompanhamento da OF 717 - prioridade Média,"Prezado fornecedor Fornecedor_5,

A Ordem de Fornecimento 717 apresenta prioridade Média no acompanhamento de entrega. O prazo registrado é 2023-04-07 00:00:00 e o escore de risco calculado é 0.54.

Solicitamos confirmação do status da entrega e previsão atualizada, quando aplicável.

Esta mensagem foi gerada pelo protótipo de monitoramento de compras públicas.",simulado
718,Fornecedor_9,Medicamentos,26103.82,2023-06-06,-1089,0.0855880751362091,Baixa,prazo próximo do vencimento,Acompanhamento da OF 718 - prioridade Baixa,"Prezado fornecedor Fornecedor_9,

A Ordem de Fornecimento 718 apresenta prioridade Baixa no acompanhamento de entrega. O prazo registrado é 2023-06-06 00:00:00 e o escore de risco calculado é 0.09.

Solicitamos confirmação do status da entrega e previsão atualizada, quando aplicável.

Esta mensagem foi gerada pelo protótipo de monitoramento de compras públicas.",simulado
719,Fornecedor_15,Medicamentos,22513.74,2023-09-15,-988,0.069494427744914,Baixa,prazo próximo do vencimento,Acompanhamento da OF 719 - prioridade Baixa,"Prezado fornecedor Fornecedor_15,

A Ordem de Fornecimento 719 apresenta prioridade Baixa no acompanhamento de entrega. O prazo registrado é 2023-09-15 00:00:00 e o escore de risco calculado é 0.07.

Solicitamos confirmação do status da entrega e previsão atualizada, quando aplicável.

Esta mensagem foi gerada pelo protótipo de monitoramento de compras públicas.",simulado
720,Fornecedor_15,Insumos,36990.12,2023-07-01,-1064,0.414280133359197,Média,prazo próximo do vencimento,Acompanhamento da OF 720 - prioridade Média,"Prezado fornecedor Fornecedor_15,

A Ordem de Fornecimento 720 apresenta prioridade Média no acompanhamento de entrega. O prazo registrado é 2023-07-01 00:00:00 e o escore de risco calculado é 0.41.

Solicitamos confirmação do status da entrega e previsão atualizada, quando aplicável.

Esta mensagem foi gerada pelo protótipo de monitoramento de compras públicas.",simulado
721,Fornecedor_6,Tecnologia,2374.82,2023-10-31,-942,0.136933377637871,Baixa,prazo próximo do vencimento,Acompanhamento da OF 721 - prioridade Baixa,"Prezado fornecedor Fornecedor_6,

A Ordem de Fornecimento 721 apresenta prioridade Baixa no acompanhamento de entrega. O prazo registrado é 2023-10-31 00:00:00 e o escore de risco calculado é 0.14.

Solicitamos confirmação do status da entrega e previsão atualizada, quando aplicável.

Esta mensagem foi gerada pelo protótipo de monitoramento de compras públicas.",simulado
722,Fornecedor_17,Equipamentos,20046.94,2023-03-01,-1186,0.4610013311696407,Média,prazo próximo do vencimento,Acompanhamento da OF 722 - prioridade Média,"Prezado fornecedor Fornecedor_17,

A Ordem de Fornecimento 722 apresenta prioridade Média no acompanhamento de entrega. O prazo registrado é 2023-03-01 00:00:00 e o escore de risco calculado é 0.46.

Solicitamos confirmação do status da entrega e previsão atualizada, quando aplicável.

Esta mensagem foi gerada pelo protótipo de monitoramento de compras públicas.",simulado
723,Fornecedor_16,Tecnologia,19536.06,2023-05-01,-1125,0.2510280608926401,Baixa,prazo próximo do vencimento,Acompanhamento da OF 723 - prioridade Baixa,"Prezado fornecedor Fornecedor_16,

A Ordem de Fornecimento 723 apresenta prioridade Baixa no acompanhamento de entrega. O prazo registrado é 2023-05-01 00:00:00 e o escore de risco calculado é 0.25.

Solicitamos confirmação do status da entrega e previsão atualizada, quando aplicável.

Esta mensagem foi gerada pelo protótipo de monitoramento de compras públicas.",simulado
724,Fornecedor_8,Tecnologia,7408.62,2023-02-14,-1201,0.6255661753883648,Média,prazo próximo do vencimento,Acompanhamento da OF 724 - prioridade Média,"Prezado fornecedor Fornecedor_8,

A Ordem de Fornecimento 724 apresenta prioridade Média no acompanhamento de entrega. O prazo registrado é 2023-02-14 00:00:00 e o escore de risco calculado é 0.63.

Solicitamos confirmação do status da entrega e previsão atualizada, quando aplicável.

Esta mensagem foi gerada pelo protótipo de monitoramento de compras públicas.",simulado
725,Fornecedor_12,Insumos,49156.76,2023-04-19,-1137,0.2069236962049545,Baixa,prazo próximo do vencimento,Acompanhamento da OF 725 - prioridade Baixa,"Prezado fornecedor Fornecedor_12,

A Ordem de Fornecimento 725 apresenta prioridade Baixa no acompanhamento de entrega. O prazo registrado é 2023-04-19 00:00:00 e o escore de risco calculado é 0.21.

Solicitamos confirmação do status da entrega e previsão atualizada, quando aplicável.

Esta mensagem foi gerada pelo protótipo de monitoramento de compras públicas.",simulado
726,Fornecedor_5,Equipamentos,47089.21,2023-08-05,-1029,0.2601614273372326,Baixa,prazo próximo do vencimento,Acompanhamento da OF 726 - prioridade Baixa,"Prezado fornecedor Fornecedor_5,

A Ordem de Fornecimento 726 apresenta prioridade Baixa no acompanhamento de entrega. O prazo registrado é 2023-08-05 00:00:00 e o escore de risco calculado é 0.26.

Solicitamos confirmação do status da entrega e previsão atualizada, quando aplicável.

Esta mensagem foi gerada pelo protótipo de monitoramento de compras públicas.",simulado
727,Fornecedor_4,Medicamentos,7196.49,2023-03-30,-1157,0.6100684618901546,Média,prazo próximo do vencimento,Acompanhamento da OF 727 - prioridade Média,"Prezado fornecedor Fornecedor_4,

A Ordem de Fornecimento 727 apresenta prioridade Média no acompanhamento de entrega. O prazo registrado é 2023-03-30 00:00:00 e o escore de risco calculado é 0.61.

Solicitamos confirmação do status da entrega e previsão atualizada, quando aplicável.

Esta mensagem foi gerada pelo protótipo de monitoramento de compras públicas.",simulado
728,Fornecedor_10,Medicamentos,37060.32,2023-08-06,-1028,0.1684172461722508,Baixa,prazo próximo do vencimento,Acompanhamento da OF 728 - prioridade Baixa,"Prezado fornecedor Fornecedor_10,

A Ordem de Fornecimento 728 apresenta prioridade Baixa no acompanhamento de entrega. O prazo registrado é 2023-08-06 00:00:00 e o escore de risco calculado é 0.17.

Solicitamos confirmação do status da entrega e previsão atualizada, quando aplicável.

Esta mensagem foi gerada pelo protótipo de monitoramento de compras públicas.",simulado
729,Fornecedor_16,Tecnologia,26147.83,2023-02-16,-1199,0.4259397569458661,Média,prazo próximo do vencimento,Acompanhamento da OF 729 - prioridade Média,"Prezado fornecedor Fornecedor_16,

A Ordem de Fornecimento 729 apresenta prioridade Média no acompanhamento de entrega. O prazo registrado é 2023-02-16 00:00:00 e o escore de risco calculado é 0.43.

Solicitamos confirmação do status da entrega e previsão atualizada, quando aplicável.

Esta mensagem foi gerada pelo protótipo de monitoramento de compras públicas.",simulado
730,Fornecedor_5,Medicamentos,5665.01,2023-08-15,-1019,0.1940321392117239,Baixa,prazo próximo do vencimento,Acompanhamento da OF 730 - prioridade Baixa,"Prezado fornecedor Fornecedor_5,

A Ordem de Fornecimento 730 apresenta prioridade Baixa no acompanhamento de entrega. O prazo registrado é 2023-08-15 00:00:00 e o escore de risco calculado é 0.19.

Solicitamos confirmação do status da entrega e previsão atualizada, quando aplicável.

Esta mensagem foi gerada pelo protótipo de monitoramento de compras públicas.",simulado
731,Fornecedor_16,Tecnologia,9001.4,2023-05-10,-1116,0.4420403055133369,Média,prazo próximo do vencimento,Acompanhamento da OF 731 - prioridade Média,"Prezado fornecedor Fornecedor_16,

A Ordem de Fornecimento 731 apresenta prioridade Média no acompanhamento de entrega. O prazo registrado é 2023-05-10 00:00:00 e o escore de risco calculado é 0.44.

Solicitamos confirmação do status da entrega e previsão atualizada, quando aplicável.

Esta mensagem foi gerada pelo protótipo de monitoramento de compras públicas.",simulado
732,Fornecedor_5,Medicamentos,6950.83,2023-02-23,-1192,0.2761335659032352,Baixa,prazo próximo do vencimento,Acompanhamento da OF 732 - prioridade Baixa,"Prezado fornecedor Fornecedor_5,

A Ordem de Fornecimento 732 apresenta prioridade Baixa no acompanhamento de entrega. O prazo registrado é 2023-02-23 00:00:00 e o escore de risco calculado é 0.28.

Solicitamos confirmação do status da entrega e previsão atualizada, quando aplicável.

Esta mensagem foi gerada pelo protótipo de monitoramento de compras públicas.",simulado
733,Fornecedor_13,Medicamentos,49768.32,2023-02-20,-1195,0.6928157160807906,Alta,prazo próximo do vencimento,Acompanhamento da OF 733 - prioridade Alta,"Prezado fornecedor Fornecedor_13,

A Ordem de Fornecimento 733 apresenta prioridade Alta no acompanhamento de entrega. O prazo registrado é 2023-02-20 00:00:00 e o escore de risco calculado é 0.69.

Solicitamos confirmação do status da entrega e previsão atualizada, quando aplicável.

Esta mensagem foi gerada pelo protótipo de monitoramento de compras públicas.",simulado
734,Fornecedor_17,Tecnologia,44742.01,2023-10-27,-946,0.3045220962096753,Baixa,prazo próximo do vencimento,Acompanhamento da OF 734 - prioridade Baixa,"Prezado fornecedor Fornecedor_17,

A Ordem de Fornecimento 734 apresenta prioridade Baixa no acompanhamento de entrega. O prazo registrado é 2023-10-27 00:00:00 e o escore de risco calculado é 0.30.

Solicitamos confirmação do status da entrega e previsão atualizada, quando aplicável.

Esta mensagem foi gerada pelo protótipo de monitoramento de compras públicas.",simulado
735,Fornecedor_14,Insumos,15370.21,2023-02-28,-1187,0.2005489681217795,Baixa,prazo próximo do vencimento,Acompanhamento da OF 735 - prioridade Baixa,"Prezado fornecedor Fornecedor_14,

A Ordem de Fornecimento 735 apresenta prioridade Baixa no acompanhamento de entrega. O prazo registrado é 2023-02-28 00:00:00 e o escore de risco calculado é 0.20.

Solicitamos confirmação do status da entrega e previsão atualizada, quando aplicável.

Esta mensagem foi gerada pelo protótipo de monitoramento de compras públicas.",simulado
736,Fornecedor_13,Insumos,34923.81,2023-07-18,-1047,0.6831961566732755,Média,prazo próximo do vencimento,Acompanhamento da OF 736 - prioridade Média,"Prezado fornecedor Fornecedor_13,

A Ordem de Fornecimento 736 apresenta prioridade Média no acompanhamento de entrega. O prazo registrado é 2023-07-18 00:00:00 e o escore de risco calculado é 0.68.

Solicitamos confirmação do status da entrega e previsão atualizada, quando aplicável.

Esta mensagem foi gerada pelo protótipo de monitoramento de compras públicas.",simulado
737,Fornecedor_20,Insumos,37490.82,2023-12-27,-885,0.3748490517274667,Baixa,prazo próximo do vencimento,Acompanhamento da OF 737 - prioridade Baixa,"Prezado fornecedor Fornecedor_20,

A Ordem de Fornecimento 737 apresenta prioridade Baixa no acompanhamento de entrega. O prazo registrado é 2023-12-27 00:00:00 e o escore de risco calculado é 0.37.

Solicitamos confirmação do status da entrega e previsão atualizada, quando aplicável.

Esta mensagem foi gerada pelo protótipo de monitoramento de compras públicas.",simulado
738,Fornecedor_8,Medicamentos,17573.81,2023-03-26,-1161,0.3704037712440884,Baixa,prazo próximo do vencimento,Acompanhamento da OF 738 - prioridade Baixa,"Prezado fornecedor Fornecedor_8,

A Ordem de Fornecimento 738 apresenta prioridade Baixa no acompanhamento de entrega. O prazo registrado é 2023-03-26 00:00:00 e o escore de risco calculado é 0.37.

Solicitamos confirmação do status da entrega e previsão atualizada, quando aplicável.

Esta mensagem foi gerada pelo protótipo de monitoramento de compras públicas.",simulado
739,Fornecedor_8,Equipamentos,24907.12,2023-10-03,-970,0.5611376557209522,Média,prazo próximo do vencimento,Acompanhamento da OF 739 - prioridade Média,"Prezado fornecedor Fornecedor_8,

A Ordem de Fornecimento 739 apresenta prioridade Média no acompanhamento de entrega. O prazo registrado é 2023-10-03 00:00:00 e o escore de risco calculado é 0.56.

Solicitamos confirmação do status da entrega e previsão atualizada, quando aplicável.

Esta mensagem foi gerada pelo protótipo de monitoramento de compras públicas.",simulado
740,Fornecedor_4,Insumos,9736.38,2023-01-29,-1217,0.2537336045519046,Baixa,prazo próximo do vencimento,Acompanhamento da OF 740 - prioridade Baixa,"Prezado fornecedor Fornecedor_4,

A Ordem de Fornecimento 740 apresenta prioridade Baixa no acompanhamento de entrega. O prazo registrado é 2023-01-29 00:00:00 e o escore de risco calculado é 0.25.

Solicitamos confirmação do status da entrega e previsão atualizada, quando aplicável.

Esta mensagem foi gerada pelo protótipo de monitoramento de compras públicas.",simulado
741,Fornecedor_13,Medicamentos,47391.53,2023-10-24,-949,0.2788557200122146,Baixa,prazo próximo do vencimento,Acompanhamento da OF 741 - prioridade Baixa,"Prezado fornecedor Fornecedor_13,

A Ordem de Fornecimento 741 apresenta prioridade Baixa no acompanhamento de entrega. O prazo registrado é 2023-10-24 00:00:00 e o escore de risco calculado é 0.28.

Solicitamos confirmação do status da entrega e previsão atualizada, quando aplicável.

Esta mensagem foi gerada pelo protótipo de monitoramento de compras públicas.",simulado
742,Fornecedor_20,Tecnologia,40514.75,2024-01-11,-870,0.4438709876843753,Média,prazo próximo do vencimento,Acompanhamento da OF 742 - prioridade Média,"Prezado fornecedor Fornecedor_20,

A Ordem de Fornecimento 742 apresenta prioridade Média no acompanhamento de entrega. O prazo registrado é 2024-01-11 00:00:00 e o escore de risco calculado é 0.44.

Solicitamos confirmação do status da entrega e previsão atualizada, quando aplicável.

Esta mensagem foi gerada pelo protótipo de monitoramento de compras públicas.",simulado
743,Fornecedor_13,Insumos,4667.62,2023-07-23,-1042,0.3065562234635945,Baixa,prazo próximo do vencimento,Acompanhamento da OF 743 - prioridade Baixa,"Prezado fornecedor Fornecedor_13,

A Ordem de Fornecimento 743 apresenta prioridade Baixa no acompanhamento de entrega. O prazo registrado é 2023-07-23 00:00:00 e o escore de risco calculado é 0.31.

Solicitamos confirmação do status da entrega e previsão atualizada, quando aplicável.

Esta mensagem foi gerada pelo protótipo de monitoramento de compras públicas.",simulado
744,Fornecedor_8,Equipamentos,28181.91,2023-03-01,-1186,0.2087453134101111,Baixa,prazo próximo do vencimento,Acompanhamento da OF 744 - prioridade Baixa,"Prezado fornecedor Fornecedor_8,

A Ordem de Fornecimento 744 apresenta prioridade Baixa no acompanhamento de entrega. O prazo registrado é 2023-03-01 00:00:00 e o escore de risco calculado é 0.21.

Solicitamos confirmação do status da entrega e previsão atualizada, quando aplicável.

Esta mensagem foi gerada pelo protótipo de monitoramento de compras públicas.",simulado
745,Fornecedor_8,Equipamentos,49236.95,2023-05-26,-1100,0.7318032492947731,Alta,risco preditivo elevado; prazo próximo do vencimento,Acompanhamento da OF 745 - prioridade Alta,"Prezado fornecedor Fornecedor_8,

A Ordem de Fornecimento 745 apresenta prioridade Alta no acompanhamento de entrega. O prazo registrado é 2023-05-26 00:00:00 e o escore de risco calculado é 0.73.

Solicitamos confirmação do status da entrega e previsão atualizada, quando aplicável.

Esta mensagem foi gerada pelo protótipo de monitoramento de compras públicas.",simulado
746,Fornecedor_3,Tecnologia,26877.66,2023-09-19,-984,0.6108727447693597,Média,prazo próximo do vencimento,Acompanhamento da OF 746 - prioridade Média,"Prezado fornecedor Fornecedor_3,

A Ordem de Fornecimento 746 apresenta prioridade Média no acompanhamento de entrega. O prazo registrado é 2023-09-19 00:00:00 e o escore de risco calculado é 0.61.

Solicitamos confirmação do status da entrega e previsão atualizada, quando aplicável.

Esta mensagem foi gerada pelo protótipo de monitoramento de compras públicas.",simulado
747,Fornecedor_2,Equipamentos,48938.89,2023-09-19,-984,0.2289415924593028,Baixa,prazo próximo do vencimento,Acompanhamento da OF 747 - prioridade Baixa,"Prezado fornecedor Fornecedor_2,

A Ordem de Fornecimento 747 apresenta prioridade Baixa no acompanhamento de entrega. O prazo registrado é 2023-09-19 00:00:00 e o escore de risco calculado é 0.23.

Solicitamos confirmação do status da entrega e previsão atualizada, quando aplicável.

Esta mensagem foi gerada pelo protótipo de monitoramento de compras públicas.",simulado
748,Fornecedor_6,Equipamentos,3598.24,2023-11-15,-927,0.1389812265091729,Baixa,prazo próximo do vencimento,Acompanhamento da OF 748 - prioridade Baixa,"Prezado fornecedor Fornecedor_6,

A Ordem de Fornecimento 748 apresenta prioridade Baixa no acompanhamento de entrega. O prazo registrado é 2023-11-15 00:00:00 e o escore de risco calculado é 0.14.

Solicitamos confirmação do status da entrega e previsão atualizada, quando aplicável.

Esta mensagem foi gerada pelo protótipo de monitoramento de compras públicas.",simulado
749,Fornecedor_3,Tecnologia,18504.02,2024-01-06,-875,0.1599496414592722,Baixa,prazo próximo do vencimento,Acompanhamento da OF 749 - prioridade Baixa,"Prezado fornecedor Fornecedor_3,

A Ordem de Fornecimento 749 apresenta prioridade Baixa no acompanhamento de entrega. O prazo registrado é 2024-01-06 00:00:00 e o escore de risco calculado é 0.16.

Solicitamos confirmação do status da entrega e previsão atualizada, quando aplicável.

Esta mensagem foi gerada pelo protótipo de monitoramento de compras públicas.",simulado
750,Fornecedor_8,Medicamentos,13740.41,2023-06-29,-1066,0.2810881781565501,Baixa,prazo próximo do vencimento,Acompanhamento da OF 750 - prioridade Baixa,"Prezado fornecedor Fornecedor_8,

A Ordem de Fornecimento 750 apresenta prioridade Baixa no acompanhamento de entrega. O prazo registrado é 2023-06-29 00:00:00 e o escore de risco calculado é 0.28.

Solicitamos confirmação do status da entrega e previsão atualizada, quando aplicável.

Esta mensagem foi gerada pelo protótipo de monitoramento de compras públicas.",simulado
751,Fornecedor_3,Tecnologia,14250.88,2023-06-25,-1070,0.2128904633379585,Baixa,prazo próximo do vencimento,Acompanhamento da OF 751 - prioridade Baixa,"Prezado fornecedor Fornecedor_3,

A Ordem de Fornecimento 751 apresenta prioridade Baixa no acompanhamento de entrega. O prazo registrado é 2023-06-25 00:00:00 e o escore de risco calculado é 0.21.

Solicitamos confirmação do status da entrega e previsão atualizada, quando aplicável.

Esta mensagem foi gerada pelo protótipo de monitoramento de compras públicas.",simulado
752,Fornecedor_10,Equipamentos,37241.96,2023-07-05,-1060,0.240133436717839,Baixa,prazo próximo do vencimento,Acompanhamento da OF 752 - prioridade Baixa,"Prezado fornecedor Fornecedor_10,

A Ordem de Fornecimento 752 apresenta prioridade Baixa no acompanhamento de entrega. O prazo registrado é 2023-07-05 00:00:00 e o escore de risco calculado é 0.24.

Solicitamos confirmação do status da entrega e previsão atualizada, quando aplicável.

Esta mensagem foi gerada pelo protótipo de monitoramento de compras públicas.",simulado
753,Fornecedor_7,Equipamentos,42820.65,2023-12-04,-908,0.6627954804584847,Média,prazo próximo do vencimento,Acompanhamento da OF 753 - prioridade Média,"Prezado fornecedor Fornecedor_7,

A Ordem de Fornecimento 753 apresenta prioridade Média no acompanhamento de entrega. O prazo registrado é 2023-12-04 00:00:00 e o escore de risco calculado é 0.66.

Solicitamos confirmação do status da entrega e previsão atualizada, quando aplicável.

Esta mensagem foi gerada pelo protótipo de monitoramento de compras públicas.",simulado
754,Fornecedor_11,Medicamentos,41633.6,2023-03-22,-1165,0.0500598094078001,Baixa,prazo próximo do vencimento,Acompanhamento da OF 754 - prioridade Baixa,"Prezado fornecedor Fornecedor_11,

A Ordem de Fornecimento 754 apresenta prioridade Baixa no acompanhamento de entrega. O prazo registrado é 2023-03-22 00:00:00 e o escore de risco calculado é 0.05.

Solicitamos confirmação do status da entrega e previsão atualizada, quando aplicável.

Esta mensagem foi gerada pelo protótipo de monitoramento de compras públicas.",simulado
755,Fornecedor_14,Medicamentos,20221.51,2023-02-15,-1200,0.3376583619082067,Baixa,prazo próximo do vencimento,Acompanhamento da OF 755 - prioridade Baixa,"Prezado fornecedor Fornecedor_14,

A Ordem de Fornecimento 755 apresenta prioridade Baixa no acompanhamento de entrega. O prazo registrado é 2023-02-15 00:00:00 e o escore de risco calculado é 0.34.

Solicitamos confirmação do status da entrega e previsão atualizada, quando aplicável.

Esta mensagem foi gerada pelo protótipo de monitoramento de compras públicas.",simulado
756,Fornecedor_14,Equipamentos,12514.5,2024-01-02,-879,0.3492724751349416,Baixa,prazo próximo do vencimento,Acompanhamento da OF 756 - prioridade Baixa,"Prezado fornecedor Fornecedor_14,

A Ordem de Fornecimento 756 apresenta prioridade Baixa no acompanhamento de entrega. O prazo registrado é 2024-01-02 00:00:00 e o escore de risco calculado é 0.35.

Solicitamos confirmação do status da entrega e previsão atualizada, quando aplicável.

Esta mensagem foi gerada pelo protótipo de monitoramento de compras públicas.",simulado
757,Fornecedor_5,Equipamentos,44821.6,2023-02-16,-1199,0.4980624991020639,Média,prazo próximo do vencimento,Acompanhamento da OF 757 - prioridade Média,"Prezado fornecedor Fornecedor_5,

A Ordem de Fornecimento 757 apresenta prioridade Média no acompanhamento de entrega. O prazo registrado é 2023-02-16 00:00:00 e o escore de risco calculado é 0.50.

Solicitamos confirmação do status da entrega e previsão atualizada, quando aplicável.

Esta mensagem foi gerada pelo protótipo de monitoramento de compras públicas.",simulado
758,Fornecedor_19,Insumos,17339.11,2023-10-03,-970,0.4045901618933623,Média,prazo próximo do vencimento,Acompanhamento da OF 758 - prioridade Média,"Prezado fornecedor Fornecedor_19,

A Ordem de Fornecimento 758 apresenta prioridade Média no acompanhamento de entrega. O prazo registrado é 2023-10-03 00:00:00 e o escore de risco calculado é 0.40.

Solicitamos confirmação do status da entrega e previsão atualizada, quando aplicável.

Esta mensagem foi gerada pelo protótipo de monitoramento de compras públicas.",simulado
759,Fornecedor_7,Equipamentos,5794.55,2023-03-30,-1157,0.274616778274443,Baixa,prazo próximo do vencimento,Acompanhamento da OF 759 - prioridade Baixa,"Prezado fornecedor Fornecedor_7,

A Ordem de Fornecimento 759 apresenta prioridade Baixa no acompanhamento de entrega. O prazo registrado é 2023-03-30 00:00:00 e o escore de risco calculado é 0.27.

Solicitamos confirmação do status da entrega e previsão atualizada, quando aplicável.

Esta mensagem foi gerada pelo protótipo de monitoramento de compras públicas.",simulado
760,Fornecedor_20,Tecnologia,11100.73,2023-03-08,-1179,0.3232166552623614,Baixa,prazo próximo do vencimento,Acompanhamento da OF 760 - prioridade Baixa,"Prezado fornecedor Fornecedor_20,

A Ordem de Fornecimento 760 apresenta prioridade Baixa no acompanhamento de entrega. O prazo registrado é 2023-03-08 00:00:00 e o escore de risco calculado é 0.32.

Solicitamos confirmação do status da entrega e previsão atualizada, quando aplicável.

Esta mensagem foi gerada pelo protótipo de monitoramento de compras públicas.",simulado
761,Fornecedor_14,Insumos,41082.53,2023-12-20,-892,0.3394396261433111,Baixa,prazo próximo do vencimento,Acompanhamento da OF 761 - prioridade Baixa,"Prezado fornecedor Fornecedor_14,

A Ordem de Fornecimento 761 apresenta prioridade Baixa no acompanhamento de entrega. O prazo registrado é 2023-12-20 00:00:00 e o escore de risco calculado é 0.34.

Solicitamos confirmação do status da entrega e previsão atualizada, quando aplicável.

Esta mensagem foi gerada pelo protótipo de monitoramento de compras públicas.",simulado
762,Fornecedor_17,Medicamentos,48060.98,2023-02-17,-1198,0.3748183542185461,Baixa,prazo próximo do vencimento,Acompanhamento da OF 762 - prioridade Baixa,"Prezado fornecedor Fornecedor_17,

A Ordem de Fornecimento 762 apresenta prioridade Baixa no acompanhamento de entrega. O prazo registrado é 2023-02-17 00:00:00 e o escore de risco calculado é 0.37.

Solicitamos confirmação do status da entrega e previsão atualizada, quando aplicável.

Esta mensagem foi gerada pelo protótipo de monitoramento de compras públicas.",simulado
763,Fornecedor_4,Insumos,36311.32,2023-10-18,-955,0.3232406756767992,Baixa,prazo próximo do vencimento,Acompanhamento da OF 763 - prioridade Baixa,"Prezado fornecedor Fornecedor_4,

A Ordem de Fornecimento 763 apresenta prioridade Baixa no acompanhamento de entrega. O prazo registrado é 2023-10-18 00:00:00 e o escore de risco calculado é 0.32.

Solicitamos confirmação do status da entrega e previsão atualizada, quando aplicável.

Esta mensagem foi gerada pelo protótipo de monitoramento de compras públicas.",simulado
764,Fornecedor_20,Tecnologia,15952.78,2023-11-02,-940,0.6159909636596214,Média,prazo próximo do vencimento,Acompanhamento da OF 764 - prioridade Média,"Prezado fornecedor Fornecedor_20,

A Ordem de Fornecimento 764 apresenta prioridade Média no acompanhamento de entrega. O prazo registrado é 2023-11-02 00:00:00 e o escore de risco calculado é 0.62.

Solicitamos confirmação do status da entrega e previsão atualizada, quando aplicável.

Esta mensagem foi gerada pelo protótipo de monitoramento de compras públicas.",simulado
765,Fornecedor_15,Tecnologia,18497.57,2023-12-16,-896,0.2703593355738647,Baixa,prazo próximo do vencimento,Acompanhamento da OF 765 - prioridade Baixa,"Prezado fornecedor Fornecedor_15,

A Ordem de Fornecimento 765 apresenta prioridade Baixa no acompanhamento de entrega. O prazo registrado é 2023-12-16 00:00:00 e o escore de risco calculado é 0.27.

Solicitamos confirmação do status da entrega e previsão atualizada, quando aplicável.

Esta mensagem foi gerada pelo protótipo de monitoramento de compras públicas.",simulado
766,Fornecedor_8,Medicamentos,12575.28,2023-09-16,-987,0.2153583328242617,Baixa,prazo próximo do vencimento,Acompanhamento da OF 766 - prioridade Baixa,"Prezado fornecedor Fornecedor_8,

A Ordem de Fornecimento 766 apresenta prioridade Baixa no acompanhamento de entrega. O prazo registrado é 2023-09-16 00:00:00 e o escore de risco calculado é 0.22.

Solicitamos confirmação do status da entrega e previsão atualizada, quando aplicável.

Esta mensagem foi gerada pelo protótipo de monitoramento de compras públicas.",simulado
767,Fornecedor_2,Tecnologia,3922.09,2023-01-28,-1218,0.7089537718592516,Alta,risco preditivo elevado; prazo próximo do vencimento,Acompanhamento da OF 767 - prioridade Alta,"Prezado fornecedor Fornecedor_2,

A Ordem de Fornecimento 767 apresenta prioridade Alta no acompanhamento de entrega. O prazo registrado é 2023-01-28 00:00:00 e o escore de risco calculado é 0.71.

Solicitamos confirmação do status da entrega e previsão atualizada, quando aplicável.

Esta mensagem foi gerada pelo protótipo de monitoramento de compras públicas.",simulado
768,Fornecedor_11,Tecnologia,44894.17,2023-09-14,-989,0.0552498951896318,Baixa,prazo próximo do vencimento,Acompanhamento da OF 768 - prioridade Baixa,"Prezado fornecedor Fornecedor_11,

A Ordem de Fornecimento 768 apresenta prioridade Baixa no acompanhamento de entrega. O prazo registrado é 2023-09-14 00:00:00 e o escore de risco calculado é 0.06.

Solicitamos confirmação do status da entrega e previsão atualizada, quando aplicável.

Esta mensagem foi gerada pelo protótipo de monitoramento de compras públicas.",simulado
769,Fornecedor_12,Medicamentos,27709.71,2024-01-12,-869,0.2132362025025096,Baixa,prazo próximo do vencimento,Acompanhamento da OF 769 - prioridade Baixa,"Prezado fornecedor Fornecedor_12,

A Ordem de Fornecimento 769 apresenta prioridade Baixa no acompanhamento de entrega. O prazo registrado é 2024-01-12 00:00:00 e o escore de risco calculado é 0.21.

Solicitamos confirmação do status da entrega e previsão atualizada, quando aplicável.

Esta mensagem foi gerada pelo protótipo de monitoramento de compras públicas.",simulado
770,Fornecedor_1,Medicamentos,31234.92,2023-10-31,-942,0.2168557459772631,Baixa,prazo próximo do vencimento,Acompanhamento da OF 770 - prioridade Baixa,"Prezado fornecedor Fornecedor_1,

A Ordem de Fornecimento 770 apresenta prioridade Baixa no acompanhamento de entrega. O prazo registrado é 2023-10-31 00:00:00 e o escore de risco calculado é 0.22.

Solicitamos confirmação do status da entrega e previsão atualizada, quando aplicável.

Esta mensagem foi gerada pelo protótipo de monitoramento de compras públicas.",simulado
771,Fornecedor_15,Insumos,19400.89,2023-09-03,-1000,0.1656194575222351,Baixa,prazo próximo do vencimento,Acompanhamento da OF 771 - prioridade Baixa,"Prezado fornecedor Fornecedor_15,

A Ordem de Fornecimento 771 apresenta prioridade Baixa no acompanhamento de entrega. O prazo registrado é 2023-09-03 00:00:00 e o escore de risco calculado é 0.17.

Solicitamos confirmação do status da entrega e previsão atualizada, quando aplicável.

Esta mensagem foi gerada pelo protótipo de monitoramento de compras públicas.",simulado
772,Fornecedor_9,Equipamentos,9496.01,2023-07-08,-1057,0.2636850806266538,Baixa,prazo próximo do vencimento,Acompanhamento da OF 772 - prioridade Baixa,"Prezado fornecedor Fornecedor_9,

A Ordem de Fornecimento 772 apresenta prioridade Baixa no acompanhamento de entrega. O prazo registrado é 2023-07-08 00:00:00 e o escore de risco calculado é 0.26.

Solicitamos confirmação do status da entrega e previsão atualizada, quando aplicável.

Esta mensagem foi gerada pelo protótipo de monitoramento de compras públicas.",simulado
773,Fornecedor_1,Equipamentos,11733.1,2023-05-03,-1123,0.4608162438110149,Média,prazo próximo do vencimento,Acompanhamento da OF 773 - prioridade Média,"Prezado fornecedor Fornecedor_1,

A Ordem de Fornecimento 773 apresenta prioridade Média no acompanhamento de entrega. O prazo registrado é 2023-05-03 00:00:00 e o escore de risco calculado é 0.46.

Solicitamos confirmação do status da entrega e previsão atualizada, quando aplicável.

Esta mensagem foi gerada pelo protótipo de monitoramento de compras públicas.",simulado
774,Fornecedor_1,Medicamentos,29077.1,2023-03-08,-1179,0.2668203243686844,Baixa,prazo próximo do vencimento,Acompanhamento da OF 774 - prioridade Baixa,"Prezado fornecedor Fornecedor_1,

A Ordem de Fornecimento 774 apresenta prioridade Baixa no acompanhamento de entrega. O prazo registrado é 2023-03-08 00:00:00 e o escore de risco calculado é 0.27.

Solicitamos confirmação do status da entrega e previsão atualizada, quando aplicável.

Esta mensagem foi gerada pelo protótipo de monitoramento de compras públicas.",simulado
775,Fornecedor_10,Insumos,33564.68,2023-03-10,-1177,0.3858030391531565,Baixa,prazo próximo do vencimento,Acompanhamento da OF 775 - prioridade Baixa,"Prezado fornecedor Fornecedor_10,

A Ordem de Fornecimento 775 apresenta prioridade Baixa no acompanhamento de entrega. O prazo registrado é 2023-03-10 00:00:00 e o escore de risco calculado é 0.39.

Solicitamos confirmação do status da entrega e previsão atualizada, quando aplicável.

Esta mensagem foi gerada pelo protótipo de monitoramento de compras públicas.",simulado
776,Fornecedor_13,Insumos,39533.53,2023-05-31,-1095,0.70375310040016,Alta,risco preditivo elevado; prazo próximo do vencimento,Acompanhamento da OF 776 - prioridade Alta,"Prezado fornecedor Fornecedor_13,

A Ordem de Fornecimento 776 apresenta prioridade Alta no acompanhamento de entrega. O prazo registrado é 2023-05-31 00:00:00 e o escore de risco calculado é 0.70.

Solicitamos confirmação do status da entrega e previsão atualizada, quando aplicável.

Esta mensagem foi gerada pelo protótipo de monitoramento de compras públicas.",simulado
777,Fornecedor_17,Medicamentos,21836.54,2023-10-30,-943,0.2700293358162011,Baixa,prazo próximo do vencimento,Acompanhamento da OF 777 - prioridade Baixa,"Prezado fornecedor Fornecedor_17,

A Ordem de Fornecimento 777 apresenta prioridade Baixa no acompanhamento de entrega. O prazo registrado é 2023-10-30 00:00:00 e o escore de risco calculado é 0.27.

Solicitamos confirmação do status da entrega e previsão atualizada, quando aplicável.

Esta mensagem foi gerada pelo protótipo de monitoramento de compras públicas.",simulado
778,Fornecedor_16,Medicamentos,11422.21,2023-11-18,-924,0.2042607699031632,Baixa,prazo próximo do vencimento,Acompanhamento da OF 778 - prioridade Baixa,"Prezado fornecedor Fornecedor_16,

A Ordem de Fornecimento 778 apresenta prioridade Baixa no acompanhamento de entrega. O prazo registrado é 2023-11-18 00:00:00 e o escore de risco calculado é 0.20.

Solicitamos confirmação do status da entrega e previsão atualizada, quando aplicável.

Esta mensagem foi gerada pelo protótipo de monitoramento de compras públicas.",simulado
779,Fornecedor_14,Insumos,18592.37,2023-03-29,-1158,0.1412801400263186,Baixa,prazo próximo do vencimento,Acompanhamento da OF 779 - prioridade Baixa,"Prezado fornecedor Fornecedor_14,

A Ordem de Fornecimento 779 apresenta prioridade Baixa no acompanhamento de entrega. O prazo registrado é 2023-03-29 00:00:00 e o escore de risco calculado é 0.14.

Solicitamos confirmação do status da entrega e previsão atualizada, quando aplicável.

Esta mensagem foi gerada pelo protótipo de monitoramento de compras públicas.",simulado
780,Fornecedor_16,Tecnologia,16722.39,2023-07-09,-1056,0.2488028443142945,Baixa,prazo próximo do vencimento,Acompanhamento da OF 780 - prioridade Baixa,"Prezado fornecedor Fornecedor_16,

A Ordem de Fornecimento 780 apresenta prioridade Baixa no acompanhamento de entrega. O prazo registrado é 2023-07-09 00:00:00 e o escore de risco calculado é 0.25.

Solicitamos confirmação do status da entrega e previsão atualizada, quando aplicável.

Esta mensagem foi gerada pelo protótipo de monitoramento de compras públicas.",simulado
781,Fornecedor_1,Equipamentos,49375.26,2023-06-20,-1075,0.7476276523528194,Alta,risco preditivo elevado; prazo próximo do vencimento,Acompanhamento da OF 781 - prioridade Alta,"Prezado fornecedor Fornecedor_1,

A Ordem de Fornecimento 781 apresenta prioridade Alta no acompanhamento de entrega. O prazo registrado é 2023-06-20 00:00:00 e o escore de risco calculado é 0.75.

Solicitamos confirmação do status da entrega e previsão atualizada, quando aplicável.

Esta mensagem foi gerada pelo protótipo de monitoramento de compras públicas.",simulado
782,Fornecedor_11,Equipamentos,26337.75,2023-08-17,-1017,0.1122580864574845,Baixa,prazo próximo do vencimento,Acompanhamento da OF 782 - prioridade Baixa,"Prezado fornecedor Fornecedor_11,

A Ordem de Fornecimento 782 apresenta prioridade Baixa no acompanhamento de entrega. O prazo registrado é 2023-08-17 00:00:00 e o escore de risco calculado é 0.11.

Solicitamos confirmação do status da entrega e previsão atualizada, quando aplicável.

Esta mensagem foi gerada pelo protótipo de monitoramento de compras públicas.",simulado
783,Fornecedor_13,Insumos,35673.62,2023-10-23,-950,0.3071645942709775,Baixa,prazo próximo do vencimento,Acompanhamento da OF 783 - prioridade Baixa,"Prezado fornecedor Fornecedor_13,

A Ordem de Fornecimento 783 apresenta prioridade Baixa no acompanhamento de entrega. O prazo registrado é 2023-10-23 00:00:00 e o escore de risco calculado é 0.31.

Solicitamos confirmação do status da entrega e previsão atualizada, quando aplicável.

Esta mensagem foi gerada pelo protótipo de monitoramento de compras públicas.",simulado
784,Fornecedor_4,Tecnologia,22522.68,2023-11-10,-932,0.5952962913551131,Média,prazo próximo do vencimento,Acompanhamento da OF 784 - prioridade Média,"Prezado fornecedor Fornecedor_4,

A Ordem de Fornecimento 784 apresenta prioridade Média no acompanhamento de entrega. O prazo registrado é 2023-11-10 00:00:00 e o escore de risco calculado é 0.60.

Solicitamos confirmação do status da entrega e previsão atualizada, quando aplicável.

Esta mensagem foi gerada pelo protótipo de monitoramento de compras públicas.",simulado
785,Fornecedor_14,Insumos,37099.32,2023-02-18,-1197,0.1969142319130712,Baixa,prazo próximo do vencimento,Acompanhamento da OF 785 - prioridade Baixa,"Prezado fornecedor Fornecedor_14,

A Ordem de Fornecimento 785 apresenta prioridade Baixa no acompanhamento de entrega. O prazo registrado é 2023-02-18 00:00:00 e o escore de risco calculado é 0.20.

Solicitamos confirmação do status da entrega e previsão atualizada, quando aplicável.

Esta mensagem foi gerada pelo protótipo de monitoramento de compras públicas.",simulado
786,Fornecedor_20,Equipamentos,28323.44,2023-08-09,-1025,0.7423206676444883,Alta,risco preditivo elevado; prazo próximo do vencimento,Acompanhamento da OF 786 - prioridade Alta,"Prezado fornecedor Fornecedor_20,

A Ordem de Fornecimento 786 apresenta prioridade Alta no acompanhamento de entrega. O prazo registrado é 2023-08-09 00:00:00 e o escore de risco calculado é 0.74.

Solicitamos confirmação do status da entrega e previsão atualizada, quando aplicável.

Esta mensagem foi gerada pelo protótipo de monitoramento de compras públicas.",simulado
787,Fornecedor_7,Equipamentos,48356.54,2023-11-15,-927,0.4595824893309929,Média,prazo próximo do vencimento,Acompanhamento da OF 787 - prioridade Média,"Prezado fornecedor Fornecedor_7,

A Ordem de Fornecimento 787 apresenta prioridade Média no acompanhamento de entrega. O prazo registrado é 2023-11-15 00:00:00 e o escore de risco calculado é 0.46.

Solicitamos confirmação do status da entrega e previsão atualizada, quando aplicável.

Esta mensagem foi gerada pelo protótipo de monitoramento de compras públicas.",simulado
788,Fornecedor_13,Medicamentos,27210.85,2023-04-21,-1135,0.2183288621896735,Baixa,prazo próximo do vencimento,Acompanhamento da OF 788 - prioridade Baixa,"Prezado fornecedor Fornecedor_13,

A Ordem de Fornecimento 788 apresenta prioridade Baixa no acompanhamento de entrega. O prazo registrado é 2023-04-21 00:00:00 e o escore de risco calculado é 0.22.

Solicitamos confirmação do status da entrega e previsão atualizada, quando aplicável.

Esta mensagem foi gerada pelo protótipo de monitoramento de compras públicas.",simulado
789,Fornecedor_18,Medicamentos,7088.8,2023-10-12,-961,0.2709698947255576,Baixa,prazo próximo do vencimento,Acompanhamento da OF 789 - prioridade Baixa,"Prezado fornecedor Fornecedor_18,

A Ordem de Fornecimento 789 apresenta prioridade Baixa no acompanhamento de entrega. O prazo registrado é 2023-10-12 00:00:00 e o escore de risco calculado é 0.27.

Solicitamos confirmação do status da entrega e previsão atualizada, quando aplicável.

Esta mensagem foi gerada pelo protótipo de monitoramento de compras públicas.",simulado
790,Fornecedor_8,Medicamentos,47025.31,2023-03-11,-1176,0.3911436882792448,Média,prazo próximo do vencimento,Acompanhamento da OF 790 - prioridade Média,"Prezado fornecedor Fornecedor_8,

A Ordem de Fornecimento 790 apresenta prioridade Média no acompanhamento de entrega. O prazo registrado é 2023-03-11 00:00:00 e o escore de risco calculado é 0.39.

Solicitamos confirmação do status da entrega e previsão atualizada, quando aplicável.

Esta mensagem foi gerada pelo protótipo de monitoramento de compras públicas.",simulado
791,Fornecedor_15,Tecnologia,22205.38,2023-03-02,-1185,0.3085129378630314,Baixa,prazo próximo do vencimento,Acompanhamento da OF 791 - prioridade Baixa,"Prezado fornecedor Fornecedor_15,

A Ordem de Fornecimento 791 apresenta prioridade Baixa no acompanhamento de entrega. O prazo registrado é 2023-03-02 00:00:00 e o escore de risco calculado é 0.31.

Solicitamos confirmação do status da entrega e previsão atualizada, quando aplicável.

Esta mensagem foi gerada pelo protótipo de monitoramento de compras públicas.",simulado
792,Fornecedor_7,Equipamentos,36543.54,2023-11-11,-931,0.6637473478556444,Média,prazo próximo do vencimento,Acompanhamento da OF 792 - prioridade Média,"Prezado fornecedor Fornecedor_7,

A Ordem de Fornecimento 792 apresenta prioridade Média no acompanhamento de entrega. O prazo registrado é 2023-11-11 00:00:00 e o escore de risco calculado é 0.66.

Solicitamos confirmação do status da entrega e previsão atualizada, quando aplicável.

Esta mensagem foi gerada pelo protótipo de monitoramento de compras públicas.",simulado
793,Fornecedor_6,Tecnologia,47428.76,2023-04-13,-1143,0.5026804878209148,Média,prazo próximo do vencimento,Acompanhamento da OF 793 - prioridade Média,"Prezado fornecedor Fornecedor_6,

A Ordem de Fornecimento 793 apresenta prioridade Média no acompanhamento de entrega. O prazo registrado é 2023-04-13 00:00:00 e o escore de risco calculado é 0.50.

Solicitamos confirmação do status da entrega e previsão atualizada, quando aplicável.

Esta mensagem foi gerada pelo protótipo de monitoramento de compras públicas.",simulado
794,Fornecedor_12,Tecnologia,23284.03,2023-01-12,-1234,0.2615054910242531,Baixa,prazo próximo do vencimento,Acompanhamento da OF 794 - prioridade Baixa,"Prezado fornecedor Fornecedor_12,

A Ordem de Fornecimento 794 apresenta prioridade Baixa no acompanhamento de entrega. O prazo registrado é 2023-01-12 00:00:00 e o escore de risco calculado é 0.26.

Solicitamos confirmação do status da entrega e previsão atualizada, quando aplicável.

Esta mensagem foi gerada pelo protótipo de monitoramento de compras públicas.",simulado
795,Fornecedor_19,Equipamentos,48092.84,2023-04-20,-1136,0.3239948283338956,Baixa,prazo próximo do vencimento,Acompanhamento da OF 795 - prioridade Baixa,"Prezado fornecedor Fornecedor_19,

A Ordem de Fornecimento 795 apresenta prioridade Baixa no acompanhamento de entrega. O prazo registrado é 2023-04-20 00:00:00 e o escore de risco calculado é 0.32.

Solicitamos confirmação do status da entrega e previsão atualizada, quando aplicável.

Esta mensagem foi gerada pelo protótipo de monitoramento de compras públicas.",simulado
796,Fornecedor_9,Insumos,35325.21,2023-02-18,-1197,0.125353620455526,Baixa,prazo próximo do vencimento,Acompanhamento da OF 796 - prioridade Baixa,"Prezado fornecedor Fornecedor_9,

A Ordem de Fornecimento 796 apresenta prioridade Baixa no acompanhamento de entrega. O prazo registrado é 2023-02-18 00:00:00 e o escore de risco calculado é 0.13.

Solicitamos confirmação do status da entrega e previsão atualizada, quando aplicável.

Esta mensagem foi gerada pelo protótipo de monitoramento de compras públicas.",simulado
797,Fornecedor_13,Medicamentos,47613.07,2023-01-25,-1221,0.2460473835604019,Baixa,prazo próximo do vencimento,Acompanhamento da OF 797 - prioridade Baixa,"Prezado fornecedor Fornecedor_13,

A Ordem de Fornecimento 797 apresenta prioridade Baixa no acompanhamento de entrega. O prazo registrado é 2023-01-25 00:00:00 e o escore de risco calculado é 0.25.

Solicitamos confirmação do status da entrega e previsão atualizada, quando aplicável.

Esta mensagem foi gerada pelo protótipo de monitoramento de compras públicas.",simulado
798,Fornecedor_14,Tecnologia,26992.01,2023-10-28,-945,0.719824650408057,Alta,risco preditivo elevado; prazo próximo do vencimento,Acompanhamento da OF 798 - prioridade Alta,"Prezado fornecedor Fornecedor_14,

A Ordem de Fornecimento 798 apresenta prioridade Alta no acompanhamento de entrega. O prazo registrado é 2023-10-28 00:00:00 e o escore de risco calculado é 0.72.

Solicitamos confirmação do status da entrega e previsão atualizada, quando aplicável.

Esta mensagem foi gerada pelo protótipo de monitoramento de compras públicas.",simulado
799,Fornecedor_18,Insumos,20326.79,2024-01-07,-874,0.3193004098484129,Baixa,prazo próximo do vencimento,Acompanhamento da OF 799 - prioridade Baixa,"Prezado fornecedor Fornecedor_18,

A Ordem de Fornecimento 799 apresenta prioridade Baixa no acompanhamento de entrega. O prazo registrado é 2024-01-07 00:00:00 e o escore de risco calculado é 0.32.

Solicitamos confirmação do status da entrega e previsão atualizada, quando aplicável.

Esta mensagem foi gerada pelo protótipo de monitoramento de compras públicas.",simulado
800,Fornecedor_16,Medicamentos,30811.95,2023-05-29,-1097,0.3312991222524677,Baixa,prazo próximo do vencimento,Acompanhamento da OF 800 - prioridade Baixa,"Prezado fornecedor Fornecedor_16,

A Ordem de Fornecimento 800 apresenta prioridade Baixa no acompanhamento de entrega. O prazo registrado é 2023-05-29 00:00:00 e o escore de risco calculado é 0.33.

Solicitamos confirmação do status da entrega e previsão atualizada, quando aplicável.

Esta mensagem foi gerada pelo protótipo de monitoramento de compras públicas.",simulado
801,Fornecedor_4,Medicamentos,21219.69,2023-10-04,-969,0.3111526275045365,Baixa,prazo próximo do vencimento,Acompanhamento da OF 801 - prioridade Baixa,"Prezado fornecedor Fornecedor_4,

A Ordem de Fornecimento 801 apresenta prioridade Baixa no acompanhamento de entrega. O prazo registrado é 2023-10-04 00:00:00 e o escore de risco calculado é 0.31.

Solicitamos confirmação do status da entrega e previsão atualizada, quando aplicável.

Esta mensagem foi gerada pelo protótipo de monitoramento de compras públicas.",simulado
802,Fornecedor_5,Insumos,11673.47,2023-10-27,-946,0.3286313975947698,Baixa,prazo próximo do vencimento,Acompanhamento da OF 802 - prioridade Baixa,"Prezado fornecedor Fornecedor_5,

A Ordem de Fornecimento 802 apresenta prioridade Baixa no acompanhamento de entrega. O prazo registrado é 2023-10-27 00:00:00 e o escore de risco calculado é 0.33.

Solicitamos confirmação do status da entrega e previsão atualizada, quando aplicável.

Esta mensagem foi gerada pelo protótipo de monitoramento de compras públicas.",simulado
803,Fornecedor_5,Medicamentos,45598.64,2023-07-08,-1057,0.2571065365897282,Baixa,prazo próximo do vencimento,Acompanhamento da OF 803 - prioridade Baixa,"Prezado fornecedor Fornecedor_5,

A Ordem de Fornecimento 803 apresenta prioridade Baixa no acompanhamento de entrega. O prazo registrado é 2023-07-08 00:00:00 e o escore de risco calculado é 0.26.

Solicitamos confirmação do status da entrega e previsão atualizada, quando aplicável.

Esta mensagem foi gerada pelo protótipo de monitoramento de compras públicas.",simulado
804,Fornecedor_3,Insumos,28171.84,2024-01-11,-870,0.2212210615493108,Baixa,prazo próximo do vencimento,Acompanhamento da OF 804 - prioridade Baixa,"Prezado fornecedor Fornecedor_3,

A Ordem de Fornecimento 804 apresenta prioridade Baixa no acompanhamento de entrega. O prazo registrado é 2024-01-11 00:00:00 e o escore de risco calculado é 0.22.

Solicitamos confirmação do status da entrega e previsão atualizada, quando aplicável.

Esta mensagem foi gerada pelo protótipo de monitoramento de compras públicas.",simulado
805,Fornecedor_13,Medicamentos,35939.91,2023-05-22,-1104,0.2482863930875473,Baixa,prazo próximo do vencimento,Acompanhamento da OF 805 - prioridade Baixa,"Prezado fornecedor Fornecedor_13,

A Ordem de Fornecimento 805 apresenta prioridade Baixa no acompanhamento de entrega. O prazo registrado é 2023-05-22 00:00:00 e o escore de risco calculado é 0.25.

Solicitamos confirmação do status da entrega e previsão atualizada, quando aplicável.

Esta mensagem foi gerada pelo protótipo de monitoramento de compras públicas.",simulado
806,Fornecedor_4,Tecnologia,17206.53,2023-09-13,-990,0.3276895119509403,Baixa,prazo próximo do vencimento,Acompanhamento da OF 806 - prioridade Baixa,"Prezado fornecedor Fornecedor_4,

A Ordem de Fornecimento 806 apresenta prioridade Baixa no acompanhamento de entrega. O prazo registrado é 2023-09-13 00:00:00 e o escore de risco calculado é 0.33.

Solicitamos confirmação do status da entrega e previsão atualizada, quando aplicável.

Esta mensagem foi gerada pelo protótipo de monitoramento de compras públicas.",simulado
807,Fornecedor_18,Equipamentos,35042.08,2023-09-30,-973,0.3761545757379657,Baixa,prazo próximo do vencimento,Acompanhamento da OF 807 - prioridade Baixa,"Prezado fornecedor Fornecedor_18,

A Ordem de Fornecimento 807 apresenta prioridade Baixa no acompanhamento de entrega. O prazo registrado é 2023-09-30 00:00:00 e o escore de risco calculado é 0.38.

Solicitamos confirmação do status da entrega e previsão atualizada, quando aplicável.

Esta mensagem foi gerada pelo protótipo de monitoramento de compras públicas.",simulado
808,Fornecedor_12,Equipamentos,7548.46,2023-02-24,-1191,0.169036521415907,Baixa,prazo próximo do vencimento,Acompanhamento da OF 808 - prioridade Baixa,"Prezado fornecedor Fornecedor_12,

A Ordem de Fornecimento 808 apresenta prioridade Baixa no acompanhamento de entrega. O prazo registrado é 2023-02-24 00:00:00 e o escore de risco calculado é 0.17.

Solicitamos confirmação do status da entrega e previsão atualizada, quando aplicável.

Esta mensagem foi gerada pelo protótipo de monitoramento de compras públicas.",simulado
809,Fornecedor_10,Medicamentos,17291.52,2023-06-27,-1068,0.2206226587178199,Baixa,prazo próximo do vencimento,Acompanhamento da OF 809 - prioridade Baixa,"Prezado fornecedor Fornecedor_10,

A Ordem de Fornecimento 809 apresenta prioridade Baixa no acompanhamento de entrega. O prazo registrado é 2023-06-27 00:00:00 e o escore de risco calculado é 0.22.

Solicitamos confirmação do status da entrega e previsão atualizada, quando aplicável.

Esta mensagem foi gerada pelo protótipo de monitoramento de compras públicas.",simulado
810,Fornecedor_15,Tecnologia,3520.15,2023-01-20,-1226,0.5063267101145262,Média,prazo próximo do vencimento,Acompanhamento da OF 810 - prioridade Média,"Prezado fornecedor Fornecedor_15,

A Ordem de Fornecimento 810 apresenta prioridade Média no acompanhamento de entrega. O prazo registrado é 2023-01-20 00:00:00 e o escore de risco calculado é 0.51.

Solicitamos confirmação do status da entrega e previsão atualizada, quando aplicável.

Esta mensagem foi gerada pelo protótipo de monitoramento de compras públicas.",simulado
811,Fornecedor_12,Tecnologia,26784.75,2023-05-10,-1116,0.3952386918916699,Média,prazo próximo do vencimento,Acompanhamento da OF 811 - prioridade Média,"Prezado fornecedor Fornecedor_12,

A Ordem de Fornecimento 811 apresenta prioridade Média no acompanhamento de entrega. O prazo registrado é 2023-05-10 00:00:00 e o escore de risco calculado é 0.40.

Solicitamos confirmação do status da entrega e previsão atualizada, quando aplicável.

Esta mensagem foi gerada pelo protótipo de monitoramento de compras públicas.",simulado
812,Fornecedor_2,Insumos,43685.4,2023-03-04,-1183,0.1275425863467119,Baixa,prazo próximo do vencimento,Acompanhamento da OF 812 - prioridade Baixa,"Prezado fornecedor Fornecedor_2,

A Ordem de Fornecimento 812 apresenta prioridade Baixa no acompanhamento de entrega. O prazo registrado é 2023-03-04 00:00:00 e o escore de risco calculado é 0.13.

Solicitamos confirmação do status da entrega e previsão atualizada, quando aplicável.

Esta mensagem foi gerada pelo protótipo de monitoramento de compras públicas.",simulado
813,Fornecedor_19,Medicamentos,46615.34,2023-07-09,-1056,0.4074586875401141,Média,prazo próximo do vencimento,Acompanhamento da OF 813 - prioridade Média,"Prezado fornecedor Fornecedor_19,

A Ordem de Fornecimento 813 apresenta prioridade Média no acompanhamento de entrega. O prazo registrado é 2023-07-09 00:00:00 e o escore de risco calculado é 0.41.

Solicitamos confirmação do status da entrega e previsão atualizada, quando aplicável.

Esta mensagem foi gerada pelo protótipo de monitoramento de compras públicas.",simulado
814,Fornecedor_17,Equipamentos,27944.77,2023-07-03,-1062,0.414291642861932,Média,prazo próximo do vencimento,Acompanhamento da OF 814 - prioridade Média,"Prezado fornecedor Fornecedor_17,

A Ordem de Fornecimento 814 apresenta prioridade Média no acompanhamento de entrega. O prazo registrado é 2023-07-03 00:00:00 e o escore de risco calculado é 0.41.

Solicitamos confirmação do status da entrega e previsão atualizada, quando aplicável.

Esta mensagem foi gerada pelo protótipo de monitoramento de compras públicas.",simulado
815,Fornecedor_19,Tecnologia,35378.18,2023-11-01,-941,0.6090895496350389,Média,prazo próximo do vencimento,Acompanhamento da OF 815 - prioridade Média,"Prezado fornecedor Fornecedor_19,

A Ordem de Fornecimento 815 apresenta prioridade Média no acompanhamento de entrega. O prazo registrado é 2023-11-01 00:00:00 e o escore de risco calculado é 0.61.

Solicitamos confirmação do status da entrega e previsão atualizada, quando aplicável.

Esta mensagem foi gerada pelo protótipo de monitoramento de compras públicas.",simulado
816,Fornecedor_14,Equipamentos,13477.82,2023-08-01,-1033,0.4960465931241731,Média,prazo próximo do vencimento,Acompanhamento da OF 816 - prioridade Média,"Prezado fornecedor Fornecedor_14,

A Ordem de Fornecimento 816 apresenta prioridade Média no acompanhamento de entrega. O prazo registrado é 2023-08-01 00:00:00 e o escore de risco calculado é 0.50.

Solicitamos confirmação do status da entrega e previsão atualizada, quando aplicável.

Esta mensagem foi gerada pelo protótipo de monitoramento de compras públicas.",simulado
817,Fornecedor_18,Insumos,21225.18,2023-01-19,-1227,0.4541290105219377,Média,prazo próximo do vencimento,Acompanhamento da OF 817 - prioridade Média,"Prezado fornecedor Fornecedor_18,

A Ordem de Fornecimento 817 apresenta prioridade Média no acompanhamento de entrega. O prazo registrado é 2023-01-19 00:00:00 e o escore de risco calculado é 0.45.

Solicitamos confirmação do status da entrega e previsão atualizada, quando aplicável.

Esta mensagem foi gerada pelo protótipo de monitoramento de compras públicas.",simulado
818,Fornecedor_12,Medicamentos,46529.44,2023-04-18,-1138,0.2278886261697605,Baixa,prazo próximo do vencimento,Acompanhamento da OF 818 - prioridade Baixa,"Prezado fornecedor Fornecedor_12,

A Ordem de Fornecimento 818 apresenta prioridade Baixa no acompanhamento de entrega. O prazo registrado é 2023-04-18 00:00:00 e o escore de risco calculado é 0.23.

Solicitamos confirmação do status da entrega e previsão atualizada, quando aplicável.

Esta mensagem foi gerada pelo protótipo de monitoramento de compras públicas.",simulado
819,Fornecedor_5,Insumos,7516.66,2023-07-15,-1050,0.3099859168913638,Baixa,prazo próximo do vencimento,Acompanhamento da OF 819 - prioridade Baixa,"Prezado fornecedor Fornecedor_5,

A Ordem de Fornecimento 819 apresenta prioridade Baixa no acompanhamento de entrega. O prazo registrado é 2023-07-15 00:00:00 e o escore de risco calculado é 0.31.

Solicitamos confirmação do status da entrega e previsão atualizada, quando aplicável.

Esta mensagem foi gerada pelo protótipo de monitoramento de compras públicas.",simulado
820,Fornecedor_15,Medicamentos,40239.19,2023-02-20,-1195,0.359410866724156,Baixa,prazo próximo do vencimento,Acompanhamento da OF 820 - prioridade Baixa,"Prezado fornecedor Fornecedor_15,

A Ordem de Fornecimento 820 apresenta prioridade Baixa no acompanhamento de entrega. O prazo registrado é 2023-02-20 00:00:00 e o escore de risco calculado é 0.36.

Solicitamos confirmação do status da entrega e previsão atualizada, quando aplicável.

Esta mensagem foi gerada pelo protótipo de monitoramento de compras públicas.",simulado
821,Fornecedor_6,Insumos,18163.09,2023-03-31,-1156,0.1753018765132569,Baixa,prazo próximo do vencimento,Acompanhamento da OF 821 - prioridade Baixa,"Prezado fornecedor Fornecedor_6,

A Ordem de Fornecimento 821 apresenta prioridade Baixa no acompanhamento de entrega. O prazo registrado é 2023-03-31 00:00:00 e o escore de risco calculado é 0.18.

Solicitamos confirmação do status da entrega e previsão atualizada, quando aplicável.

Esta mensagem foi gerada pelo protótipo de monitoramento de compras públicas.",simulado
822,Fornecedor_20,Tecnologia,6509.85,2023-07-16,-1049,0.5781012469136823,Média,prazo próximo do vencimento,Acompanhamento da OF 822 - prioridade Média,"Prezado fornecedor Fornecedor_20,

A Ordem de Fornecimento 822 apresenta prioridade Média no acompanhamento de entrega. O prazo registrado é 2023-07-16 00:00:00 e o escore de risco calculado é 0.58.

Solicitamos confirmação do status da entrega e previsão atualizada, quando aplicável.

Esta mensagem foi gerada pelo protótipo de monitoramento de compras públicas.",simulado
823,Fornecedor_16,Tecnologia,33699.3,2023-12-15,-897,0.2666152898688598,Baixa,prazo próximo do vencimento,Acompanhamento da OF 823 - prioridade Baixa,"Prezado fornecedor Fornecedor_16,

A Ordem de Fornecimento 823 apresenta prioridade Baixa no acompanhamento de entrega. O prazo registrado é 2023-12-15 00:00:00 e o escore de risco calculado é 0.27.

Solicitamos confirmação do status da entrega e previsão atualizada, quando aplicável.

Esta mensagem foi gerada pelo protótipo de monitoramento de compras públicas.",simulado
824,Fornecedor_9,Medicamentos,17984.41,2023-08-27,-1007,0.1319931540913421,Baixa,prazo próximo do vencimento,Acompanhamento da OF 824 - prioridade Baixa,"Prezado fornecedor Fornecedor_9,

A Ordem de Fornecimento 824 apresenta prioridade Baixa no acompanhamento de entrega. O prazo registrado é 2023-08-27 00:00:00 e o escore de risco calculado é 0.13.

Solicitamos confirmação do status da entrega e previsão atualizada, quando aplicável.

Esta mensagem foi gerada pelo protótipo de monitoramento de compras públicas.",simulado
825,Fornecedor_13,Tecnologia,26511.51,2023-09-17,-986,0.7363751194288851,Alta,risco preditivo elevado; prazo próximo do vencimento,Acompanhamento da OF 825 - prioridade Alta,"Prezado fornecedor Fornecedor_13,

A Ordem de Fornecimento 825 apresenta prioridade Alta no acompanhamento de entrega. O prazo registrado é 2023-09-17 00:00:00 e o escore de risco calculado é 0.74.

Solicitamos confirmação do status da entrega e previsão atualizada, quando aplicável.

Esta mensagem foi gerada pelo protótipo de monitoramento de compras públicas.",simulado
826,Fornecedor_11,Tecnologia,48989.67,2023-01-27,-1219,0.1570201039002065,Baixa,prazo próximo do vencimento,Acompanhamento da OF 826 - prioridade Baixa,"Prezado fornecedor Fornecedor_11,

A Ordem de Fornecimento 826 apresenta prioridade Baixa no acompanhamento de entrega. O prazo registrado é 2023-01-27 00:00:00 e o escore de risco calculado é 0.16.

Solicitamos confirmação do status da entrega e previsão atualizada, quando aplicável.

Esta mensagem foi gerada pelo protótipo de monitoramento de compras públicas.",simulado
827,Fornecedor_7,Medicamentos,24951.64,2023-07-08,-1057,0.3893489363211307,Baixa,prazo próximo do vencimento,Acompanhamento da OF 827 - prioridade Baixa,"Prezado fornecedor Fornecedor_7,

A Ordem de Fornecimento 827 apresenta prioridade Baixa no acompanhamento de entrega. O prazo registrado é 2023-07-08 00:00:00 e o escore de risco calculado é 0.39.

Solicitamos confirmação do status da entrega e previsão atualizada, quando aplicável.

Esta mensagem foi gerada pelo protótipo de monitoramento de compras públicas.",simulado
828,Fornecedor_12,Tecnologia,31992.62,2023-07-04,-1061,0.3107295069397715,Baixa,prazo próximo do vencimento,Acompanhamento da OF 828 - prioridade Baixa,"Prezado fornecedor Fornecedor_12,

A Ordem de Fornecimento 828 apresenta prioridade Baixa no acompanhamento de entrega. O prazo registrado é 2023-07-04 00:00:00 e o escore de risco calculado é 0.31.

Solicitamos confirmação do status da entrega e previsão atualizada, quando aplicável.

Esta mensagem foi gerada pelo protótipo de monitoramento de compras públicas.",simulado
829,Fornecedor_13,Equipamentos,46655.95,2023-08-19,-1015,0.5162775640916081,Média,prazo próximo do vencimento,Acompanhamento da OF 829 - prioridade Média,"Prezado fornecedor Fornecedor_13,

A Ordem de Fornecimento 829 apresenta prioridade Média no acompanhamento de entrega. O prazo registrado é 2023-08-19 00:00:00 e o escore de risco calculado é 0.52.

Solicitamos confirmação do status da entrega e previsão atualizada, quando aplicável.

Esta mensagem foi gerada pelo protótipo de monitoramento de compras públicas.",simulado
830,Fornecedor_8,Tecnologia,39881.41,2023-06-01,-1094,0.2766204576749058,Baixa,prazo próximo do vencimento,Acompanhamento da OF 830 - prioridade Baixa,"Prezado fornecedor Fornecedor_8,

A Ordem de Fornecimento 830 apresenta prioridade Baixa no acompanhamento de entrega. O prazo registrado é 2023-06-01 00:00:00 e o escore de risco calculado é 0.28.

Solicitamos confirmação do status da entrega e previsão atualizada, quando aplicável.

Esta mensagem foi gerada pelo protótipo de monitoramento de compras públicas.",simulado
831,Fornecedor_12,Insumos,42453.83,2023-03-24,-1163,0.2510708089311372,Baixa,prazo próximo do vencimento,Acompanhamento da OF 831 - prioridade Baixa,"Prezado fornecedor Fornecedor_12,

A Ordem de Fornecimento 831 apresenta prioridade Baixa no acompanhamento de entrega. O prazo registrado é 2023-03-24 00:00:00 e o escore de risco calculado é 0.25.

Solicitamos confirmação do status da entrega e previsão atualizada, quando aplicável.

Esta mensagem foi gerada pelo protótipo de monitoramento de compras públicas.",simulado
832,Fornecedor_19,Insumos,42294.37,2023-12-09,-903,0.3887331202706518,Baixa,prazo próximo do vencimento,Acompanhamento da OF 832 - prioridade Baixa,"Prezado fornecedor Fornecedor_19,

A Ordem de Fornecimento 832 apresenta prioridade Baixa no acompanhamento de entrega. O prazo registrado é 2023-12-09 00:00:00 e o escore de risco calculado é 0.39.

Solicitamos confirmação do status da entrega e previsão atualizada, quando aplicável.

Esta mensagem foi gerada pelo protótipo de monitoramento de compras públicas.",simulado
833,Fornecedor_8,Tecnologia,26055.2,2023-06-07,-1088,0.5885918021025383,Média,prazo próximo do vencimento,Acompanhamento da OF 833 - prioridade Média,"Prezado fornecedor Fornecedor_8,

A Ordem de Fornecimento 833 apresenta prioridade Média no acompanhamento de entrega. O prazo registrado é 2023-06-07 00:00:00 e o escore de risco calculado é 0.59.

Solicitamos confirmação do status da entrega e previsão atualizada, quando aplicável.

Esta mensagem foi gerada pelo protótipo de monitoramento de compras públicas.",simulado
834,Fornecedor_10,Insumos,32304.04,2023-04-15,-1141,0.6920766452303778,Alta,prazo próximo do vencimento,Acompanhamento da OF 834 - prioridade Alta,"Prezado fornecedor Fornecedor_10,

A Ordem de Fornecimento 834 apresenta prioridade Alta no acompanhamento de entrega. O prazo registrado é 2023-04-15 00:00:00 e o escore de risco calculado é 0.69.

Solicitamos confirmação do status da entrega e previsão atualizada, quando aplicável.

Esta mensagem foi gerada pelo protótipo de monitoramento de compras públicas.",simulado
835,Fornecedor_15,Equipamentos,28347.08,2023-09-18,-985,0.1506562125971272,Baixa,prazo próximo do vencimento,Acompanhamento da OF 835 - prioridade Baixa,"Prezado fornecedor Fornecedor_15,

A Ordem de Fornecimento 835 apresenta prioridade Baixa no acompanhamento de entrega. O prazo registrado é 2023-09-18 00:00:00 e o escore de risco calculado é 0.15.

Solicitamos confirmação do status da entrega e previsão atualizada, quando aplicável.

Esta mensagem foi gerada pelo protótipo de monitoramento de compras públicas.",simulado
836,Fornecedor_20,Medicamentos,5402.54,2023-07-18,-1047,0.2898274284074773,Baixa,prazo próximo do vencimento,Acompanhamento da OF 836 - prioridade Baixa,"Prezado fornecedor Fornecedor_20,

A Ordem de Fornecimento 836 apresenta prioridade Baixa no acompanhamento de entrega. O prazo registrado é 2023-07-18 00:00:00 e o escore de risco calculado é 0.29.

Solicitamos confirmação do status da entrega e previsão atualizada, quando aplicável.

Esta mensagem foi gerada pelo protótipo de monitoramento de compras públicas.",simulado
837,Fornecedor_2,Medicamentos,19239.35,2023-09-11,-992,0.1477091070920768,Baixa,prazo próximo do vencimento,Acompanhamento da OF 837 - prioridade Baixa,"Prezado fornecedor Fornecedor_2,

A Ordem de Fornecimento 837 apresenta prioridade Baixa no acompanhamento de entrega. O prazo registrado é 2023-09-11 00:00:00 e o escore de risco calculado é 0.15.

Solicitamos confirmação do status da entrega e previsão atualizada, quando aplicável.

Esta mensagem foi gerada pelo protótipo de monitoramento de compras públicas.",simulado
838,Fornecedor_18,Medicamentos,25043.77,2023-05-17,-1109,0.2652841303060894,Baixa,prazo próximo do vencimento,Acompanhamento da OF 838 - prioridade Baixa,"Prezado fornecedor Fornecedor_18,

A Ordem de Fornecimento 838 apresenta prioridade Baixa no acompanhamento de entrega. O prazo registrado é 2023-05-17 00:00:00 e o escore de risco calculado é 0.27.

Solicitamos confirmação do status da entrega e previsão atualizada, quando aplicável.

Esta mensagem foi gerada pelo protótipo de monitoramento de compras públicas.",simulado
839,Fornecedor_8,Insumos,24900.63,2023-03-24,-1163,0.6353017098790011,Média,prazo próximo do vencimento,Acompanhamento da OF 839 - prioridade Média,"Prezado fornecedor Fornecedor_8,

A Ordem de Fornecimento 839 apresenta prioridade Média no acompanhamento de entrega. O prazo registrado é 2023-03-24 00:00:00 e o escore de risco calculado é 0.64.

Solicitamos confirmação do status da entrega e previsão atualizada, quando aplicável.

Esta mensagem foi gerada pelo protótipo de monitoramento de compras públicas.",simulado
840,Fornecedor_16,Insumos,17703.93,2023-05-31,-1095,0.2726612582117669,Baixa,prazo próximo do vencimento,Acompanhamento da OF 840 - prioridade Baixa,"Prezado fornecedor Fornecedor_16,

A Ordem de Fornecimento 840 apresenta prioridade Baixa no acompanhamento de entrega. O prazo registrado é 2023-05-31 00:00:00 e o escore de risco calculado é 0.27.

Solicitamos confirmação do status da entrega e previsão atualizada, quando aplicável.

Esta mensagem foi gerada pelo protótipo de monitoramento de compras públicas.",simulado
841,Fornecedor_19,Insumos,17321.41,2023-04-02,-1154,0.6262694461524905,Média,prazo próximo do vencimento,Acompanhamento da OF 841 - prioridade Média,"Prezado fornecedor Fornecedor_19,

A Ordem de Fornecimento 841 apresenta prioridade Média no acompanhamento de entrega. O prazo registrado é 2023-04-02 00:00:00 e o escore de risco calculado é 0.63.

Solicitamos confirmação do status da entrega e previsão atualizada, quando aplicável.

Esta mensagem foi gerada pelo protótipo de monitoramento de compras públicas.",simulado
842,Fornecedor_10,Tecnologia,41782.92,2023-09-11,-992,0.6645206239789174,Média,prazo próximo do vencimento,Acompanhamento da OF 842 - prioridade Média,"Prezado fornecedor Fornecedor_10,

A Ordem de Fornecimento 842 apresenta prioridade Média no acompanhamento de entrega. O prazo registrado é 2023-09-11 00:00:00 e o escore de risco calculado é 0.66.

Solicitamos confirmação do status da entrega e previsão atualizada, quando aplicável.

Esta mensagem foi gerada pelo protótipo de monitoramento de compras públicas.",simulado
843,Fornecedor_13,Equipamentos,5791.12,2023-03-17,-1170,0.1907780441703016,Baixa,prazo próximo do vencimento,Acompanhamento da OF 843 - prioridade Baixa,"Prezado fornecedor Fornecedor_13,

A Ordem de Fornecimento 843 apresenta prioridade Baixa no acompanhamento de entrega. O prazo registrado é 2023-03-17 00:00:00 e o escore de risco calculado é 0.19.

Solicitamos confirmação do status da entrega e previsão atualizada, quando aplicável.

Esta mensagem foi gerada pelo protótipo de monitoramento de compras públicas.",simulado
844,Fornecedor_7,Medicamentos,38798.01,2023-03-08,-1179,0.3330324114912213,Baixa,prazo próximo do vencimento,Acompanhamento da OF 844 - prioridade Baixa,"Prezado fornecedor Fornecedor_7,

A Ordem de Fornecimento 844 apresenta prioridade Baixa no acompanhamento de entrega. O prazo registrado é 2023-03-08 00:00:00 e o escore de risco calculado é 0.33.

Solicitamos confirmação do status da entrega e previsão atualizada, quando aplicável.

Esta mensagem foi gerada pelo protótipo de monitoramento de compras públicas.",simulado
845,Fornecedor_13,Tecnologia,46979.99,2023-02-10,-1205,0.3028138650370091,Baixa,prazo próximo do vencimento,Acompanhamento da OF 845 - prioridade Baixa,"Prezado fornecedor Fornecedor_13,

A Ordem de Fornecimento 845 apresenta prioridade Baixa no acompanhamento de entrega. O prazo registrado é 2023-02-10 00:00:00 e o escore de risco calculado é 0.30.

Solicitamos confirmação do status da entrega e previsão atualizada, quando aplicável.

Esta mensagem foi gerada pelo protótipo de monitoramento de compras públicas.",simulado
846,Fornecedor_15,Equipamentos,38504.03,2023-09-30,-973,0.1802762533341785,Baixa,prazo próximo do vencimento,Acompanhamento da OF 846 - prioridade Baixa,"Prezado fornecedor Fornecedor_15,

A Ordem de Fornecimento 846 apresenta prioridade Baixa no acompanhamento de entrega. O prazo registrado é 2023-09-30 00:00:00 e o escore de risco calculado é 0.18.

Solicitamos confirmação do status da entrega e previsão atualizada, quando aplicável.

Esta mensagem foi gerada pelo protótipo de monitoramento de compras públicas.",simulado
847,Fornecedor_16,Tecnologia,4416.3,2023-03-21,-1166,0.5230093420405612,Média,prazo próximo do vencimento,Acompanhamento da OF 847 - prioridade Média,"Prezado fornecedor Fornecedor_16,

A Ordem de Fornecimento 847 apresenta prioridade Média no acompanhamento de entrega. O prazo registrado é 2023-03-21 00:00:00 e o escore de risco calculado é 0.52.

Solicitamos confirmação do status da entrega e previsão atualizada, quando aplicável.

Esta mensagem foi gerada pelo protótipo de monitoramento de compras públicas.",simulado
848,Fornecedor_8,Insumos,19425.5,2023-04-10,-1146,0.3020109225816535,Baixa,prazo próximo do vencimento,Acompanhamento da OF 848 - prioridade Baixa,"Prezado fornecedor Fornecedor_8,

A Ordem de Fornecimento 848 apresenta prioridade Baixa no acompanhamento de entrega. O prazo registrado é 2023-04-10 00:00:00 e o escore de risco calculado é 0.30.

Solicitamos confirmação do status da entrega e previsão atualizada, quando aplicável.

Esta mensagem foi gerada pelo protótipo de monitoramento de compras públicas.",simulado
849,Fornecedor_5,Insumos,47062.6,2023-10-06,-967,0.3726174952206412,Baixa,prazo próximo do vencimento,Acompanhamento da OF 849 - prioridade Baixa,"Prezado fornecedor Fornecedor_5,

A Ordem de Fornecimento 849 apresenta prioridade Baixa no acompanhamento de entrega. O prazo registrado é 2023-10-06 00:00:00 e o escore de risco calculado é 0.37.

Solicitamos confirmação do status da entrega e previsão atualizada, quando aplicável.

Esta mensagem foi gerada pelo protótipo de monitoramento de compras públicas.",simulado
850,Fornecedor_7,Medicamentos,6552.2,2023-12-04,-908,0.3842347657177095,Baixa,prazo próximo do vencimento,Acompanhamento da OF 850 - prioridade Baixa,"Prezado fornecedor Fornecedor_7,

A Ordem de Fornecimento 850 apresenta prioridade Baixa no acompanhamento de entrega. O prazo registrado é 2023-12-04 00:00:00 e o escore de risco calculado é 0.38.

Solicitamos confirmação do status da entrega e previsão atualizada, quando aplicável.

Esta mensagem foi gerada pelo protótipo de monitoramento de compras públicas.",simulado
851,Fornecedor_9,Medicamentos,29363.72,2023-07-06,-1059,0.0996252746156555,Baixa,prazo próximo do vencimento,Acompanhamento da OF 851 - prioridade Baixa,"Prezado fornecedor Fornecedor_9,

A Ordem de Fornecimento 851 apresenta prioridade Baixa no acompanhamento de entrega. O prazo registrado é 2023-07-06 00:00:00 e o escore de risco calculado é 0.10.

Solicitamos confirmação do status da entrega e previsão atualizada, quando aplicável.

Esta mensagem foi gerada pelo protótipo de monitoramento de compras públicas.",simulado
852,Fornecedor_15,Medicamentos,29737.79,2023-01-22,-1224,0.2918524528305087,Baixa,prazo próximo do vencimento,Acompanhamento da OF 852 - prioridade Baixa,"Prezado fornecedor Fornecedor_15,

A Ordem de Fornecimento 852 apresenta prioridade Baixa no acompanhamento de entrega. O prazo registrado é 2023-01-22 00:00:00 e o escore de risco calculado é 0.29.

Solicitamos confirmação do status da entrega e previsão atualizada, quando aplicável.

Esta mensagem foi gerada pelo protótipo de monitoramento de compras públicas.",simulado
853,Fornecedor_4,Equipamentos,2018.86,2023-05-30,-1096,0.3179278909733403,Baixa,prazo próximo do vencimento,Acompanhamento da OF 853 - prioridade Baixa,"Prezado fornecedor Fornecedor_4,

A Ordem de Fornecimento 853 apresenta prioridade Baixa no acompanhamento de entrega. O prazo registrado é 2023-05-30 00:00:00 e o escore de risco calculado é 0.32.

Solicitamos confirmação do status da entrega e previsão atualizada, quando aplicável.

Esta mensagem foi gerada pelo protótipo de monitoramento de compras públicas.",simulado
854,Fornecedor_18,Equipamentos,13570.37,2023-12-11,-901,0.3366872501986079,Baixa,prazo próximo do vencimento,Acompanhamento da OF 854 - prioridade Baixa,"Prezado fornecedor Fornecedor_18,

A Ordem de Fornecimento 854 apresenta prioridade Baixa no acompanhamento de entrega. O prazo registrado é 2023-12-11 00:00:00 e o escore de risco calculado é 0.34.

Solicitamos confirmação do status da entrega e previsão atualizada, quando aplicável.

Esta mensagem foi gerada pelo protótipo de monitoramento de compras públicas.",simulado
855,Fornecedor_20,Medicamentos,36417.14,2023-06-07,-1088,0.2012548560395673,Baixa,prazo próximo do vencimento,Acompanhamento da OF 855 - prioridade Baixa,"Prezado fornecedor Fornecedor_20,

A Ordem de Fornecimento 855 apresenta prioridade Baixa no acompanhamento de entrega. O prazo registrado é 2023-06-07 00:00:00 e o escore de risco calculado é 0.20.

Solicitamos confirmação do status da entrega e previsão atualizada, quando aplicável.

Esta mensagem foi gerada pelo protótipo de monitoramento de compras públicas.",simulado
856,Fornecedor_1,Medicamentos,36662.52,2023-12-27,-885,0.5604319781120939,Média,prazo próximo do vencimento,Acompanhamento da OF 856 - prioridade Média,"Prezado fornecedor Fornecedor_1,

A Ordem de Fornecimento 856 apresenta prioridade Média no acompanhamento de entrega. O prazo registrado é 2023-12-27 00:00:00 e o escore de risco calculado é 0.56.

Solicitamos confirmação do status da entrega e previsão atualizada, quando aplicável.

Esta mensagem foi gerada pelo protótipo de monitoramento de compras públicas.",simulado
857,Fornecedor_19,Insumos,21348.93,2023-08-13,-1021,0.3092673864036971,Baixa,prazo próximo do vencimento,Acompanhamento da OF 857 - prioridade Baixa,"Prezado fornecedor Fornecedor_19,

A Ordem de Fornecimento 857 apresenta prioridade Baixa no acompanhamento de entrega. O prazo registrado é 2023-08-13 00:00:00 e o escore de risco calculado é 0.31.

Solicitamos confirmação do status da entrega e previsão atualizada, quando aplicável.

Esta mensagem foi gerada pelo protótipo de monitoramento de compras públicas.",simulado
858,Fornecedor_10,Equipamentos,45592.2,2023-08-12,-1022,0.1374434259263968,Baixa,prazo próximo do vencimento,Acompanhamento da OF 858 - prioridade Baixa,"Prezado fornecedor Fornecedor_10,

A Ordem de Fornecimento 858 apresenta prioridade Baixa no acompanhamento de entrega. O prazo registrado é 2023-08-12 00:00:00 e o escore de risco calculado é 0.14.

Solicitamos confirmação do status da entrega e previsão atualizada, quando aplicável.

Esta mensagem foi gerada pelo protótipo de monitoramento de compras públicas.",simulado
859,Fornecedor_11,Insumos,40025.22,2023-01-23,-1223,0.2402260222216605,Baixa,prazo próximo do vencimento,Acompanhamento da OF 859 - prioridade Baixa,"Prezado fornecedor Fornecedor_11,

A Ordem de Fornecimento 859 apresenta prioridade Baixa no acompanhamento de entrega. O prazo registrado é 2023-01-23 00:00:00 e o escore de risco calculado é 0.24.

Solicitamos confirmação do status da entrega e previsão atualizada, quando aplicável.

Esta mensagem foi gerada pelo protótipo de monitoramento de compras públicas.",simulado
860,Fornecedor_2,Tecnologia,40742.11,2023-07-06,-1059,0.273979596649314,Baixa,prazo próximo do vencimento,Acompanhamento da OF 860 - prioridade Baixa,"Prezado fornecedor Fornecedor_2,

A Ordem de Fornecimento 860 apresenta prioridade Baixa no acompanhamento de entrega. O prazo registrado é 2023-07-06 00:00:00 e o escore de risco calculado é 0.27.

Solicitamos confirmação do status da entrega e previsão atualizada, quando aplicável.

Esta mensagem foi gerada pelo protótipo de monitoramento de compras públicas.",simulado
861,Fornecedor_5,Tecnologia,25372.22,2023-11-12,-930,0.3756628880099964,Baixa,prazo próximo do vencimento,Acompanhamento da OF 861 - prioridade Baixa,"Prezado fornecedor Fornecedor_5,

A Ordem de Fornecimento 861 apresenta prioridade Baixa no acompanhamento de entrega. O prazo registrado é 2023-11-12 00:00:00 e o escore de risco calculado é 0.38.

Solicitamos confirmação do status da entrega e previsão atualizada, quando aplicável.

Esta mensagem foi gerada pelo protótipo de monitoramento de compras públicas.",simulado
862,Fornecedor_11,Equipamentos,5321.61,2023-01-29,-1217,0.3620097988092422,Baixa,prazo próximo do vencimento,Acompanhamento da OF 862 - prioridade Baixa,"Prezado fornecedor Fornecedor_11,

A Ordem de Fornecimento 862 apresenta prioridade Baixa no acompanhamento de entrega. O prazo registrado é 2023-01-29 00:00:00 e o escore de risco calculado é 0.36.

Solicitamos confirmação do status da entrega e previsão atualizada, quando aplicável.

Esta mensagem foi gerada pelo protótipo de monitoramento de compras públicas.",simulado
863,Fornecedor_6,Medicamentos,8968.9,2023-05-21,-1105,0.6439916699750639,Média,prazo próximo do vencimento,Acompanhamento da OF 863 - prioridade Média,"Prezado fornecedor Fornecedor_6,

A Ordem de Fornecimento 863 apresenta prioridade Média no acompanhamento de entrega. O prazo registrado é 2023-05-21 00:00:00 e o escore de risco calculado é 0.64.

Solicitamos confirmação do status da entrega e previsão atualizada, quando aplicável.

Esta mensagem foi gerada pelo protótipo de monitoramento de compras públicas.",simulado
864,Fornecedor_4,Equipamentos,47057.86,2023-03-29,-1158,0.2921561310178692,Baixa,prazo próximo do vencimento,Acompanhamento da OF 864 - prioridade Baixa,"Prezado fornecedor Fornecedor_4,

A Ordem de Fornecimento 864 apresenta prioridade Baixa no acompanhamento de entrega. O prazo registrado é 2023-03-29 00:00:00 e o escore de risco calculado é 0.29.

Solicitamos confirmação do status da entrega e previsão atualizada, quando aplicável.

Esta mensagem foi gerada pelo protótipo de monitoramento de compras públicas.",simulado
865,Fornecedor_17,Equipamentos,48364.6,2023-06-03,-1092,0.2567424642035497,Baixa,prazo próximo do vencimento,Acompanhamento da OF 865 - prioridade Baixa,"Prezado fornecedor Fornecedor_17,

A Ordem de Fornecimento 865 apresenta prioridade Baixa no acompanhamento de entrega. O prazo registrado é 2023-06-03 00:00:00 e o escore de risco calculado é 0.26.

Solicitamos confirmação do status da entrega e previsão atualizada, quando aplicável.

Esta mensagem foi gerada pelo protótipo de monitoramento de compras públicas.",simulado
866,Fornecedor_2,Tecnologia,17751.8,2023-06-21,-1074,0.3943268435418423,Média,prazo próximo do vencimento,Acompanhamento da OF 866 - prioridade Média,"Prezado fornecedor Fornecedor_2,

A Ordem de Fornecimento 866 apresenta prioridade Média no acompanhamento de entrega. O prazo registrado é 2023-06-21 00:00:00 e o escore de risco calculado é 0.39.

Solicitamos confirmação do status da entrega e previsão atualizada, quando aplicável.

Esta mensagem foi gerada pelo protótipo de monitoramento de compras públicas.",simulado
867,Fornecedor_14,Insumos,39258.42,2023-02-22,-1193,0.2220913219024494,Baixa,prazo próximo do vencimento,Acompanhamento da OF 867 - prioridade Baixa,"Prezado fornecedor Fornecedor_14,

A Ordem de Fornecimento 867 apresenta prioridade Baixa no acompanhamento de entrega. O prazo registrado é 2023-02-22 00:00:00 e o escore de risco calculado é 0.22.

Solicitamos confirmação do status da entrega e previsão atualizada, quando aplicável.

Esta mensagem foi gerada pelo protótipo de monitoramento de compras públicas.",simulado
868,Fornecedor_6,Tecnologia,38712.13,2023-03-15,-1172,0.749730775532583,Alta,risco preditivo elevado; prazo próximo do vencimento,Acompanhamento da OF 868 - prioridade Alta,"Prezado fornecedor Fornecedor_6,

A Ordem de Fornecimento 868 apresenta prioridade Alta no acompanhamento de entrega. O prazo registrado é 2023-03-15 00:00:00 e o escore de risco calculado é 0.75.

Solicitamos confirmação do status da entrega e previsão atualizada, quando aplicável.

Esta mensagem foi gerada pelo protótipo de monitoramento de compras públicas.",simulado
869,Fornecedor_18,Tecnologia,10065.22,2023-07-24,-1041,0.4196627502687232,Média,prazo próximo do vencimento,Acompanhamento da OF 869 - prioridade Média,"Prezado fornecedor Fornecedor_18,

A Ordem de Fornecimento 869 apresenta prioridade Média no acompanhamento de entrega. O prazo registrado é 2023-07-24 00:00:00 e o escore de risco calculado é 0.42.

Solicitamos confirmação do status da entrega e previsão atualizada, quando aplicável.

Esta mensagem foi gerada pelo protótipo de monitoramento de compras públicas.",simulado
870,Fornecedor_6,Insumos,4017.16,2023-06-24,-1071,0.1413480984600959,Baixa,prazo próximo do vencimento,Acompanhamento da OF 870 - prioridade Baixa,"Prezado fornecedor Fornecedor_6,

A Ordem de Fornecimento 870 apresenta prioridade Baixa no acompanhamento de entrega. O prazo registrado é 2023-06-24 00:00:00 e o escore de risco calculado é 0.14.

Solicitamos confirmação do status da entrega e previsão atualizada, quando aplicável.

Esta mensagem foi gerada pelo protótipo de monitoramento de compras públicas.",simulado
871,Fornecedor_17,Medicamentos,38048.42,2023-09-15,-988,0.4245504713870879,Média,prazo próximo do vencimento,Acompanhamento da OF 871 - prioridade Média,"Prezado fornecedor Fornecedor_17,

A Ordem de Fornecimento 871 apresenta prioridade Média no acompanhamento de entrega. O prazo registrado é 2023-09-15 00:00:00 e o escore de risco calculado é 0.42.

Solicitamos confirmação do status da entrega e previsão atualizada, quando aplicável.

Esta mensagem foi gerada pelo protótipo de monitoramento de compras públicas.",simulado
872,Fornecedor_7,Equipamentos,16258.54,2023-12-01,-911,0.7910788400600514,Alta,risco preditivo elevado; prazo próximo do vencimento,Acompanhamento da OF 872 - prioridade Alta,"Prezado fornecedor Fornecedor_7,

A Ordem de Fornecimento 872 apresenta prioridade Alta no acompanhamento de entrega. O prazo registrado é 2023-12-01 00:00:00 e o escore de risco calculado é 0.79.

Solicitamos confirmação do status da entrega e previsão atualizada, quando aplicável.

Esta mensagem foi gerada pelo protótipo de monitoramento de compras públicas.",simulado
873,Fornecedor_9,Medicamentos,27992.3,2023-10-28,-945,0.1276668458687214,Baixa,prazo próximo do vencimento,Acompanhamento da OF 873 - prioridade Baixa,"Prezado fornecedor Fornecedor_9,

A Ordem de Fornecimento 873 apresenta prioridade Baixa no acompanhamento de entrega. O prazo registrado é 2023-10-28 00:00:00 e o escore de risco calculado é 0.13.

Solicitamos confirmação do status da entrega e previsão atualizada, quando aplicável.

Esta mensagem foi gerada pelo protótipo de monitoramento de compras públicas.",simulado
874,Fornecedor_20,Medicamentos,24632.98,2023-01-08,-1238,0.2905900358907978,Baixa,prazo próximo do vencimento,Acompanhamento da OF 874 - prioridade Baixa,"Prezado fornecedor Fornecedor_20,

A Ordem de Fornecimento 874 apresenta prioridade Baixa no acompanhamento de entrega. O prazo registrado é 2023-01-08 00:00:00 e o escore de risco calculado é 0.29.

Solicitamos confirmação do status da entrega e previsão atualizada, quando aplicável.

Esta mensagem foi gerada pelo protótipo de monitoramento de compras públicas.",simulado
875,Fornecedor_2,Tecnologia,31764.75,2023-08-19,-1015,0.6408166326544805,Média,prazo próximo do vencimento,Acompanhamento da OF 875 - prioridade Média,"Prezado fornecedor Fornecedor_2,

A Ordem de Fornecimento 875 apresenta prioridade Média no acompanhamento de entrega. O prazo registrado é 2023-08-19 00:00:00 e o escore de risco calculado é 0.64.

Solicitamos confirmação do status da entrega e previsão atualizada, quando aplicável.

Esta mensagem foi gerada pelo protótipo de monitoramento de compras públicas.",simulado
876,Fornecedor_18,Equipamentos,23474.56,2023-09-25,-978,0.3914995344008934,Média,prazo próximo do vencimento,Acompanhamento da OF 876 - prioridade Média,"Prezado fornecedor Fornecedor_18,

A Ordem de Fornecimento 876 apresenta prioridade Média no acompanhamento de entrega. O prazo registrado é 2023-09-25 00:00:00 e o escore de risco calculado é 0.39.

Solicitamos confirmação do status da entrega e previsão atualizada, quando aplicável.

Esta mensagem foi gerada pelo protótipo de monitoramento de compras públicas.",simulado
877,Fornecedor_5,Tecnologia,46690.75,2023-04-02,-1154,0.6480195150140149,Média,prazo próximo do vencimento,Acompanhamento da OF 877 - prioridade Média,"Prezado fornecedor Fornecedor_5,

A Ordem de Fornecimento 877 apresenta prioridade Média no acompanhamento de entrega. O prazo registrado é 2023-04-02 00:00:00 e o escore de risco calculado é 0.65.

Solicitamos confirmação do status da entrega e previsão atualizada, quando aplicável.

Esta mensagem foi gerada pelo protótipo de monitoramento de compras públicas.",simulado
878,Fornecedor_11,Tecnologia,41522.48,2023-11-20,-922,0.0533783597450103,Baixa,prazo próximo do vencimento,Acompanhamento da OF 878 - prioridade Baixa,"Prezado fornecedor Fornecedor_11,

A Ordem de Fornecimento 878 apresenta prioridade Baixa no acompanhamento de entrega. O prazo registrado é 2023-11-20 00:00:00 e o escore de risco calculado é 0.05.

Solicitamos confirmação do status da entrega e previsão atualizada, quando aplicável.

Esta mensagem foi gerada pelo protótipo de monitoramento de compras públicas.",simulado
879,Fornecedor_1,Tecnologia,11517.43,2023-08-21,-1013,0.4194610164521853,Média,prazo próximo do vencimento,Acompanhamento da OF 879 - prioridade Média,"Prezado fornecedor Fornecedor_1,

A Ordem de Fornecimento 879 apresenta prioridade Média no acompanhamento de entrega. O prazo registrado é 2023-08-21 00:00:00 e o escore de risco calculado é 0.42.

Solicitamos confirmação do status da entrega e previsão atualizada, quando aplicável.

Esta mensagem foi gerada pelo protótipo de monitoramento de compras públicas.",simulado
880,Fornecedor_5,Insumos,49166.09,2023-04-09,-1147,0.3218070220731692,Baixa,prazo próximo do vencimento,Acompanhamento da OF 880 - prioridade Baixa,"Prezado fornecedor Fornecedor_5,

A Ordem de Fornecimento 880 apresenta prioridade Baixa no acompanhamento de entrega. O prazo registrado é 2023-04-09 00:00:00 e o escore de risco calculado é 0.32.

Solicitamos confirmação do status da entrega e previsão atualizada, quando aplicável.

Esta mensagem foi gerada pelo protótipo de monitoramento de compras públicas.",simulado
881,Fornecedor_10,Insumos,18011.62,2023-11-24,-918,0.3049784448366122,Baixa,prazo próximo do vencimento,Acompanhamento da OF 881 - prioridade Baixa,"Prezado fornecedor Fornecedor_10,

A Ordem de Fornecimento 881 apresenta prioridade Baixa no acompanhamento de entrega. O prazo registrado é 2023-11-24 00:00:00 e o escore de risco calculado é 0.30.

Solicitamos confirmação do status da entrega e previsão atualizada, quando aplicável.

Esta mensagem foi gerada pelo protótipo de monitoramento de compras públicas.",simulado
882,Fornecedor_6,Tecnologia,27396.76,2023-03-12,-1175,0.5979605539864223,Média,prazo próximo do vencimento,Acompanhamento da OF 882 - prioridade Média,"Prezado fornecedor Fornecedor_6,

A Ordem de Fornecimento 882 apresenta prioridade Média no acompanhamento de entrega. O prazo registrado é 2023-03-12 00:00:00 e o escore de risco calculado é 0.60.

Solicitamos confirmação do status da entrega e previsão atualizada, quando aplicável.

Esta mensagem foi gerada pelo protótipo de monitoramento de compras públicas.",simulado
883,Fornecedor_15,Insumos,29768.52,2023-10-03,-970,0.1984394539542119,Baixa,prazo próximo do vencimento,Acompanhamento da OF 883 - prioridade Baixa,"Prezado fornecedor Fornecedor_15,

A Ordem de Fornecimento 883 apresenta prioridade Baixa no acompanhamento de entrega. O prazo registrado é 2023-10-03 00:00:00 e o escore de risco calculado é 0.20.

Solicitamos confirmação do status da entrega e previsão atualizada, quando aplicável.

Esta mensagem foi gerada pelo protótipo de monitoramento de compras públicas.",simulado
884,Fornecedor_2,Tecnologia,35461.56,2023-02-26,-1189,0.3778419094158287,Baixa,prazo próximo do vencimento,Acompanhamento da OF 884 - prioridade Baixa,"Prezado fornecedor Fornecedor_2,

A Ordem de Fornecimento 884 apresenta prioridade Baixa no acompanhamento de entrega. O prazo registrado é 2023-02-26 00:00:00 e o escore de risco calculado é 0.38.

Solicitamos confirmação do status da entrega e previsão atualizada, quando aplicável.

Esta mensagem foi gerada pelo protótipo de monitoramento de compras públicas.",simulado
885,Fornecedor_1,Insumos,30109.91,2023-11-16,-926,0.6743776384084491,Média,prazo próximo do vencimento,Acompanhamento da OF 885 - prioridade Média,"Prezado fornecedor Fornecedor_1,

A Ordem de Fornecimento 885 apresenta prioridade Média no acompanhamento de entrega. O prazo registrado é 2023-11-16 00:00:00 e o escore de risco calculado é 0.67.

Solicitamos confirmação do status da entrega e previsão atualizada, quando aplicável.

Esta mensagem foi gerada pelo protótipo de monitoramento de compras públicas.",simulado
886,Fornecedor_16,Insumos,6557.38,2023-01-09,-1237,0.5374654654407061,Média,prazo próximo do vencimento,Acompanhamento da OF 886 - prioridade Média,"Prezado fornecedor Fornecedor_16,

A Ordem de Fornecimento 886 apresenta prioridade Média no acompanhamento de entrega. O prazo registrado é 2023-01-09 00:00:00 e o escore de risco calculado é 0.54.

Solicitamos confirmação do status da entrega e previsão atualizada, quando aplicável.

Esta mensagem foi gerada pelo protótipo de monitoramento de compras públicas.",simulado
887,Fornecedor_11,Insumos,31358.45,2023-11-08,-934,0.1201563358605413,Baixa,prazo próximo do vencimento,Acompanhamento da OF 887 - prioridade Baixa,"Prezado fornecedor Fornecedor_11,

A Ordem de Fornecimento 887 apresenta prioridade Baixa no acompanhamento de entrega. O prazo registrado é 2023-11-08 00:00:00 e o escore de risco calculado é 0.12.

Solicitamos confirmação do status da entrega e previsão atualizada, quando aplicável.

Esta mensagem foi gerada pelo protótipo de monitoramento de compras públicas.",simulado
888,Fornecedor_18,Equipamentos,26499.45,2023-02-28,-1187,0.7002790217486166,Alta,risco preditivo elevado; prazo próximo do vencimento,Acompanhamento da OF 888 - prioridade Alta,"Prezado fornecedor Fornecedor_18,

A Ordem de Fornecimento 888 apresenta prioridade Alta no acompanhamento de entrega. O prazo registrado é 2023-02-28 00:00:00 e o escore de risco calculado é 0.70.

Solicitamos confirmação do status da entrega e previsão atualizada, quando aplicável.

Esta mensagem foi gerada pelo protótipo de monitoramento de compras públicas.",simulado
889,Fornecedor_18,Insumos,28675.58,2024-01-09,-872,0.6181531466778859,Média,prazo próximo do vencimento,Acompanhamento da OF 889 - prioridade Média,"Prezado fornecedor Fornecedor_18,

A Ordem de Fornecimento 889 apresenta prioridade Média no acompanhamento de entrega. O prazo registrado é 2024-01-09 00:00:00 e o escore de risco calculado é 0.62.

Solicitamos confirmação do status da entrega e previsão atualizada, quando aplicável.

Esta mensagem foi gerada pelo protótipo de monitoramento de compras públicas.",simulado
890,Fornecedor_20,Tecnologia,2820.71,2024-01-10,-871,0.2916254627004893,Baixa,prazo próximo do vencimento,Acompanhamento da OF 890 - prioridade Baixa,"Prezado fornecedor Fornecedor_20,

A Ordem de Fornecimento 890 apresenta prioridade Baixa no acompanhamento de entrega. O prazo registrado é 2024-01-10 00:00:00 e o escore de risco calculado é 0.29.

Solicitamos confirmação do status da entrega e previsão atualizada, quando aplicável.

Esta mensagem foi gerada pelo protótipo de monitoramento de compras públicas.",simulado
891,Fornecedor_20,Tecnologia,11221.88,2023-12-08,-904,0.2901135167092857,Baixa,prazo próximo do vencimento,Acompanhamento da OF 891 - prioridade Baixa,"Prezado fornecedor Fornecedor_20,

A Ordem de Fornecimento 891 apresenta prioridade Baixa no acompanhamento de entrega. O prazo registrado é 2023-12-08 00:00:00 e o escore de risco calculado é 0.29.

Solicitamos confirmação do status da entrega e previsão atualizada, quando aplicável.

Esta mensagem foi gerada pelo protótipo de monitoramento de compras públicas.",simulado
892,Fornecedor_3,Medicamentos,9273.19,2023-07-28,-1037,0.2673019576619838,Baixa,prazo próximo do vencimento,Acompanhamento da OF 892 - prioridade Baixa,"Prezado fornecedor Fornecedor_3,

A Ordem de Fornecimento 892 apresenta prioridade Baixa no acompanhamento de entrega. O prazo registrado é 2023-07-28 00:00:00 e o escore de risco calculado é 0.27.

Solicitamos confirmação do status da entrega e previsão atualizada, quando aplicável.

Esta mensagem foi gerada pelo protótipo de monitoramento de compras públicas.",simulado
893,Fornecedor_8,Equipamentos,47104.74,2023-11-28,-914,0.2342257022849622,Baixa,prazo próximo do vencimento,Acompanhamento da OF 893 - prioridade Baixa,"Prezado fornecedor Fornecedor_8,

A Ordem de Fornecimento 893 apresenta prioridade Baixa no acompanhamento de entrega. O prazo registrado é 2023-11-28 00:00:00 e o escore de risco calculado é 0.23.

Solicitamos confirmação do status da entrega e previsão atualizada, quando aplicável.

Esta mensagem foi gerada pelo protótipo de monitoramento de compras públicas.",simulado
894,Fornecedor_18,Insumos,8181.73,2023-12-08,-904,0.5107709495775696,Média,prazo próximo do vencimento,Acompanhamento da OF 894 - prioridade Média,"Prezado fornecedor Fornecedor_18,

A Ordem de Fornecimento 894 apresenta prioridade Média no acompanhamento de entrega. O prazo registrado é 2023-12-08 00:00:00 e o escore de risco calculado é 0.51.

Solicitamos confirmação do status da entrega e previsão atualizada, quando aplicável.

Esta mensagem foi gerada pelo protótipo de monitoramento de compras públicas.",simulado
895,Fornecedor_1,Tecnologia,32775.21,2023-04-14,-1142,0.486835392864714,Média,prazo próximo do vencimento,Acompanhamento da OF 895 - prioridade Média,"Prezado fornecedor Fornecedor_1,

A Ordem de Fornecimento 895 apresenta prioridade Média no acompanhamento de entrega. O prazo registrado é 2023-04-14 00:00:00 e o escore de risco calculado é 0.49.

Solicitamos confirmação do status da entrega e previsão atualizada, quando aplicável.

Esta mensagem foi gerada pelo protótipo de monitoramento de compras públicas.",simulado
896,Fornecedor_8,Insumos,4778.05,2023-10-03,-970,0.1917430470146876,Baixa,prazo próximo do vencimento,Acompanhamento da OF 896 - prioridade Baixa,"Prezado fornecedor Fornecedor_8,

A Ordem de Fornecimento 896 apresenta prioridade Baixa no acompanhamento de entrega. O prazo registrado é 2023-10-03 00:00:00 e o escore de risco calculado é 0.19.

Solicitamos confirmação do status da entrega e previsão atualizada, quando aplicável.

Esta mensagem foi gerada pelo protótipo de monitoramento de compras públicas.",simulado
897,Fornecedor_14,Medicamentos,15785.13,2023-02-03,-1212,0.4238624707155764,Média,prazo próximo do vencimento,Acompanhamento da OF 897 - prioridade Média,"Prezado fornecedor Fornecedor_14,

A Ordem de Fornecimento 897 apresenta prioridade Média no acompanhamento de entrega. O prazo registrado é 2023-02-03 00:00:00 e o escore de risco calculado é 0.42.

Solicitamos confirmação do status da entrega e previsão atualizada, quando aplicável.

Esta mensagem foi gerada pelo protótipo de monitoramento de compras públicas.",simulado
898,Fornecedor_14,Medicamentos,31724.44,2023-02-08,-1207,0.5914965948424642,Média,prazo próximo do vencimento,Acompanhamento da OF 898 - prioridade Média,"Prezado fornecedor Fornecedor_14,

A Ordem de Fornecimento 898 apresenta prioridade Média no acompanhamento de entrega. O prazo registrado é 2023-02-08 00:00:00 e o escore de risco calculado é 0.59.

Solicitamos confirmação do status da entrega e previsão atualizada, quando aplicável.

Esta mensagem foi gerada pelo protótipo de monitoramento de compras públicas.",simulado
899,Fornecedor_16,Medicamentos,39832.47,2023-01-21,-1225,0.8148752982456543,Alta,risco preditivo elevado; prazo próximo do vencimento,Acompanhamento da OF 899 - prioridade Alta,"Prezado fornecedor Fornecedor_16,

A Ordem de Fornecimento 899 apresenta prioridade Alta no acompanhamento de entrega. O prazo registrado é 2023-01-21 00:00:00 e o escore de risco calculado é 0.81.

Solicitamos confirmação do status da entrega e previsão atualizada, quando aplicável.

Esta mensagem foi gerada pelo protótipo de monitoramento de compras públicas.",simulado
900,Fornecedor_10,Equipamentos,26414.61,2023-07-20,-1045,0.7605982519201587,Alta,risco preditivo elevado; prazo próximo do vencimento,Acompanhamento da OF 900 - prioridade Alta,"Prezado fornecedor Fornecedor_10,

A Ordem de Fornecimento 900 apresenta prioridade Alta no acompanhamento de entrega. O prazo registrado é 2023-07-20 00:00:00 e o escore de risco calculado é 0.76.

Solicitamos confirmação do status da entrega e previsão atualizada, quando aplicável.

Esta mensagem foi gerada pelo protótipo de monitoramento de compras públicas.",simulado
901,Fornecedor_15,Equipamentos,32228.77,2023-05-17,-1109,0.2817683178052929,Baixa,prazo próximo do vencimento,Acompanhamento da OF 901 - prioridade Baixa,"Prezado fornecedor Fornecedor_15,

A Ordem de Fornecimento 901 apresenta prioridade Baixa no acompanhamento de entrega. O prazo registrado é 2023-05-17 00:00:00 e o escore de risco calculado é 0.28.

Solicitamos confirmação do status da entrega e previsão atualizada, quando aplicável.

Esta mensagem foi gerada pelo protótipo de monitoramento de compras públicas.",simulado
902,Fornecedor_17,Equipamentos,26127.81,2023-01-22,-1224,0.246495642194379,Baixa,prazo próximo do vencimento,Acompanhamento da OF 902 - prioridade Baixa,"Prezado fornecedor Fornecedor_17,

A Ordem de Fornecimento 902 apresenta prioridade Baixa no acompanhamento de entrega. O prazo registrado é 2023-01-22 00:00:00 e o escore de risco calculado é 0.25.

Solicitamos confirmação do status da entrega e previsão atualizada, quando aplicável.

Esta mensagem foi gerada pelo protótipo de monitoramento de compras públicas.",simulado
903,Fornecedor_11,Insumos,36349.57,2023-03-06,-1181,0.4450062717416308,Média,prazo próximo do vencimento,Acompanhamento da OF 903 - prioridade Média,"Prezado fornecedor Fornecedor_11,

A Ordem de Fornecimento 903 apresenta prioridade Média no acompanhamento de entrega. O prazo registrado é 2023-03-06 00:00:00 e o escore de risco calculado é 0.45.

Solicitamos confirmação do status da entrega e previsão atualizada, quando aplicável.

Esta mensagem foi gerada pelo protótipo de monitoramento de compras públicas.",simulado
904,Fornecedor_10,Insumos,34950.15,2023-08-05,-1029,0.7025251054512673,Alta,risco preditivo elevado; prazo próximo do vencimento,Acompanhamento da OF 904 - prioridade Alta,"Prezado fornecedor Fornecedor_10,

A Ordem de Fornecimento 904 apresenta prioridade Alta no acompanhamento de entrega. O prazo registrado é 2023-08-05 00:00:00 e o escore de risco calculado é 0.70.

Solicitamos confirmação do status da entrega e previsão atualizada, quando aplicável.

Esta mensagem foi gerada pelo protótipo de monitoramento de compras públicas.",simulado
905,Fornecedor_2,Equipamentos,9314.96,2023-05-28,-1098,0.1702142611944552,Baixa,prazo próximo do vencimento,Acompanhamento da OF 905 - prioridade Baixa,"Prezado fornecedor Fornecedor_2,

A Ordem de Fornecimento 905 apresenta prioridade Baixa no acompanhamento de entrega. O prazo registrado é 2023-05-28 00:00:00 e o escore de risco calculado é 0.17.

Solicitamos confirmação do status da entrega e previsão atualizada, quando aplicável.

Esta mensagem foi gerada pelo protótipo de monitoramento de compras públicas.",simulado
906,Fornecedor_9,Equipamentos,19912.05,2023-03-01,-1186,0.2133531862935768,Baixa,prazo próximo do vencimento,Acompanhamento da OF 906 - prioridade Baixa,"Prezado fornecedor Fornecedor_9,

A Ordem de Fornecimento 906 apresenta prioridade Baixa no acompanhamento de entrega. O prazo registrado é 2023-03-01 00:00:00 e o escore de risco calculado é 0.21.

Solicitamos confirmação do status da entrega e previsão atualizada, quando aplicável.

Esta mensagem foi gerada pelo protótipo de monitoramento de compras públicas.",simulado
907,Fornecedor_20,Medicamentos,47372.32,2023-12-03,-909,0.1483417710246836,Baixa,prazo próximo do vencimento,Acompanhamento da OF 907 - prioridade Baixa,"Prezado fornecedor Fornecedor_20,

A Ordem de Fornecimento 907 apresenta prioridade Baixa no acompanhamento de entrega. O prazo registrado é 2023-12-03 00:00:00 e o escore de risco calculado é 0.15.

Solicitamos confirmação do status da entrega e previsão atualizada, quando aplicável.

Esta mensagem foi gerada pelo protótipo de monitoramento de compras públicas.",simulado
908,Fornecedor_17,Insumos,30399.79,2023-12-21,-891,0.4576121484519228,Média,prazo próximo do vencimento,Acompanhamento da OF 908 - prioridade Média,"Prezado fornecedor Fornecedor_17,

A Ordem de Fornecimento 908 apresenta prioridade Média no acompanhamento de entrega. O prazo registrado é 2023-12-21 00:00:00 e o escore de risco calculado é 0.46.

Solicitamos confirmação do status da entrega e previsão atualizada, quando aplicável.

Esta mensagem foi gerada pelo protótipo de monitoramento de compras públicas.",simulado
909,Fornecedor_12,Equipamentos,27862.59,2023-12-07,-905,0.2899910949467983,Baixa,prazo próximo do vencimento,Acompanhamento da OF 909 - prioridade Baixa,"Prezado fornecedor Fornecedor_12,

A Ordem de Fornecimento 909 apresenta prioridade Baixa no acompanhamento de entrega. O prazo registrado é 2023-12-07 00:00:00 e o escore de risco calculado é 0.29.

Solicitamos confirmação do status da entrega e previsão atualizada, quando aplicável.

Esta mensagem foi gerada pelo protótipo de monitoramento de compras públicas.",simulado
910,Fornecedor_13,Insumos,34760.89,2023-01-29,-1217,0.6144108842951654,Média,prazo próximo do vencimento,Acompanhamento da OF 910 - prioridade Média,"Prezado fornecedor Fornecedor_13,

A Ordem de Fornecimento 910 apresenta prioridade Média no acompanhamento de entrega. O prazo registrado é 2023-01-29 00:00:00 e o escore de risco calculado é 0.61.

Solicitamos confirmação do status da entrega e previsão atualizada, quando aplicável.

Esta mensagem foi gerada pelo protótipo de monitoramento de compras públicas.",simulado
911,Fornecedor_1,Insumos,44892.6,2023-04-14,-1142,0.3273623073039577,Baixa,prazo próximo do vencimento,Acompanhamento da OF 911 - prioridade Baixa,"Prezado fornecedor Fornecedor_1,

A Ordem de Fornecimento 911 apresenta prioridade Baixa no acompanhamento de entrega. O prazo registrado é 2023-04-14 00:00:00 e o escore de risco calculado é 0.33.

Solicitamos confirmação do status da entrega e previsão atualizada, quando aplicável.

Esta mensagem foi gerada pelo protótipo de monitoramento de compras públicas.",simulado
912,Fornecedor_19,Tecnologia,34886.4,2023-07-17,-1048,0.7442932797672939,Alta,risco preditivo elevado; prazo próximo do vencimento,Acompanhamento da OF 912 - prioridade Alta,"Prezado fornecedor Fornecedor_19,

A Ordem de Fornecimento 912 apresenta prioridade Alta no acompanhamento de entrega. O prazo registrado é 2023-07-17 00:00:00 e o escore de risco calculado é 0.74.

Solicitamos confirmação do status da entrega e previsão atualizada, quando aplicável.

Esta mensagem foi gerada pelo protótipo de monitoramento de compras públicas.",simulado
913,Fornecedor_5,Equipamentos,27018.35,2023-02-06,-1209,0.6176985907936353,Média,prazo próximo do vencimento,Acompanhamento da OF 913 - prioridade Média,"Prezado fornecedor Fornecedor_5,

A Ordem de Fornecimento 913 apresenta prioridade Média no acompanhamento de entrega. O prazo registrado é 2023-02-06 00:00:00 e o escore de risco calculado é 0.62.

Solicitamos confirmação do status da entrega e previsão atualizada, quando aplicável.

Esta mensagem foi gerada pelo protótipo de monitoramento de compras públicas.",simulado
914,Fornecedor_14,Insumos,31296.62,2023-01-22,-1224,0.1500687282022437,Baixa,prazo próximo do vencimento,Acompanhamento da OF 914 - prioridade Baixa,"Prezado fornecedor Fornecedor_14,

A Ordem de Fornecimento 914 apresenta prioridade Baixa no acompanhamento de entrega. O prazo registrado é 2023-01-22 00:00:00 e o escore de risco calculado é 0.15.

Solicitamos confirmação do status da entrega e previsão atualizada, quando aplicável.

Esta mensagem foi gerada pelo protótipo de monitoramento de compras públicas.",simulado
915,Fornecedor_16,Medicamentos,19314.38,2023-08-30,-1004,0.1716773982320842,Baixa,prazo próximo do vencimento,Acompanhamento da OF 915 - prioridade Baixa,"Prezado fornecedor Fornecedor_16,

A Ordem de Fornecimento 915 apresenta prioridade Baixa no acompanhamento de entrega. O prazo registrado é 2023-08-30 00:00:00 e o escore de risco calculado é 0.17.

Solicitamos confirmação do status da entrega e previsão atualizada, quando aplicável.

Esta mensagem foi gerada pelo protótipo de monitoramento de compras públicas.",simulado
916,Fornecedor_17,Tecnologia,5052.73,2023-12-11,-901,0.4634026790351728,Média,prazo próximo do vencimento,Acompanhamento da OF 916 - prioridade Média,"Prezado fornecedor Fornecedor_17,

A Ordem de Fornecimento 916 apresenta prioridade Média no acompanhamento de entrega. O prazo registrado é 2023-12-11 00:00:00 e o escore de risco calculado é 0.46.

Solicitamos confirmação do status da entrega e previsão atualizada, quando aplicável.

Esta mensagem foi gerada pelo protótipo de monitoramento de compras públicas.",simulado
917,Fornecedor_2,Tecnologia,39325.31,2023-06-28,-1067,0.2655023803636462,Baixa,prazo próximo do vencimento,Acompanhamento da OF 917 - prioridade Baixa,"Prezado fornecedor Fornecedor_2,

A Ordem de Fornecimento 917 apresenta prioridade Baixa no acompanhamento de entrega. O prazo registrado é 2023-06-28 00:00:00 e o escore de risco calculado é 0.27.

Solicitamos confirmação do status da entrega e previsão atualizada, quando aplicável.

Esta mensagem foi gerada pelo protótipo de monitoramento de compras públicas.",simulado
918,Fornecedor_1,Insumos,3868.07,2023-12-13,-899,0.2256735597219289,Baixa,prazo próximo do vencimento,Acompanhamento da OF 918 - prioridade Baixa,"Prezado fornecedor Fornecedor_1,

A Ordem de Fornecimento 918 apresenta prioridade Baixa no acompanhamento de entrega. O prazo registrado é 2023-12-13 00:00:00 e o escore de risco calculado é 0.23.

Solicitamos confirmação do status da entrega e previsão atualizada, quando aplicável.

Esta mensagem foi gerada pelo protótipo de monitoramento de compras públicas.",simulado
919,Fornecedor_6,Tecnologia,13801.93,2023-11-11,-931,0.2163498711521868,Baixa,prazo próximo do vencimento,Acompanhamento da OF 919 - prioridade Baixa,"Prezado fornecedor Fornecedor_6,

A Ordem de Fornecimento 919 apresenta prioridade Baixa no acompanhamento de entrega. O prazo registrado é 2023-11-11 00:00:00 e o escore de risco calculado é 0.22.

Solicitamos confirmação do status da entrega e previsão atualizada, quando aplicável.

Esta mensagem foi gerada pelo protótipo de monitoramento de compras públicas.",simulado
920,Fornecedor_20,Insumos,25998.84,2023-12-04,-908,0.2915523966909043,Baixa,prazo próximo do vencimento,Acompanhamento da OF 920 - prioridade Baixa,"Prezado fornecedor Fornecedor_20,

A Ordem de Fornecimento 920 apresenta prioridade Baixa no acompanhamento de entrega. O prazo registrado é 2023-12-04 00:00:00 e o escore de risco calculado é 0.29.

Solicitamos confirmação do status da entrega e previsão atualizada, quando aplicável.

Esta mensagem foi gerada pelo protótipo de monitoramento de compras públicas.",simulado
921,Fornecedor_11,Insumos,5956.44,2023-02-24,-1191,0.2522042312381601,Baixa,prazo próximo do vencimento,Acompanhamento da OF 921 - prioridade Baixa,"Prezado fornecedor Fornecedor_11,

A Ordem de Fornecimento 921 apresenta prioridade Baixa no acompanhamento de entrega. O prazo registrado é 2023-02-24 00:00:00 e o escore de risco calculado é 0.25.

Solicitamos confirmação do status da entrega e previsão atualizada, quando aplicável.

Esta mensagem foi gerada pelo protótipo de monitoramento de compras públicas.",simulado
922,Fornecedor_19,Tecnologia,8269.04,2023-07-13,-1052,0.6707118410865918,Média,prazo próximo do vencimento,Acompanhamento da OF 922 - prioridade Média,"Prezado fornecedor Fornecedor_19,

A Ordem de Fornecimento 922 apresenta prioridade Média no acompanhamento de entrega. O prazo registrado é 2023-07-13 00:00:00 e o escore de risco calculado é 0.67.

Solicitamos confirmação do status da entrega e previsão atualizada, quando aplicável.

Esta mensagem foi gerada pelo protótipo de monitoramento de compras públicas.",simulado
923,Fornecedor_12,Equipamentos,31314.02,2023-12-21,-891,0.6552517421055186,Média,prazo próximo do vencimento,Acompanhamento da OF 923 - prioridade Média,"Prezado fornecedor Fornecedor_12,

A Ordem de Fornecimento 923 apresenta prioridade Média no acompanhamento de entrega. O prazo registrado é 2023-12-21 00:00:00 e o escore de risco calculado é 0.66.

Solicitamos confirmação do status da entrega e previsão atualizada, quando aplicável.

Esta mensagem foi gerada pelo protótipo de monitoramento de compras públicas.",simulado
924,Fornecedor_4,Equipamentos,24310.52,2023-10-10,-963,0.6534071821691247,Média,prazo próximo do vencimento,Acompanhamento da OF 924 - prioridade Média,"Prezado fornecedor Fornecedor_4,

A Ordem de Fornecimento 924 apresenta prioridade Média no acompanhamento de entrega. O prazo registrado é 2023-10-10 00:00:00 e o escore de risco calculado é 0.65.

Solicitamos confirmação do status da entrega e previsão atualizada, quando aplicável.

Esta mensagem foi gerada pelo protótipo de monitoramento de compras públicas.",simulado
925,Fornecedor_1,Equipamentos,12893.78,2023-03-12,-1175,0.5346249576939196,Média,prazo próximo do vencimento,Acompanhamento da OF 925 - prioridade Média,"Prezado fornecedor Fornecedor_1,

A Ordem de Fornecimento 925 apresenta prioridade Média no acompanhamento de entrega. O prazo registrado é 2023-03-12 00:00:00 e o escore de risco calculado é 0.53.

Solicitamos confirmação do status da entrega e previsão atualizada, quando aplicável.

Esta mensagem foi gerada pelo protótipo de monitoramento de compras públicas.",simulado
926,Fornecedor_12,Medicamentos,7344.2,2023-08-05,-1029,0.4932249700479785,Média,prazo próximo do vencimento,Acompanhamento da OF 926 - prioridade Média,"Prezado fornecedor Fornecedor_12,

A Ordem de Fornecimento 926 apresenta prioridade Média no acompanhamento de entrega. O prazo registrado é 2023-08-05 00:00:00 e o escore de risco calculado é 0.49.

Solicitamos confirmação do status da entrega e previsão atualizada, quando aplicável.

Esta mensagem foi gerada pelo protótipo de monitoramento de compras públicas.",simulado
927,Fornecedor_10,Tecnologia,25697.62,2023-12-24,-888,0.5622773445301059,Média,prazo próximo do vencimento,Acompanhamento da OF 927 - prioridade Média,"Prezado fornecedor Fornecedor_10,

A Ordem de Fornecimento 927 apresenta prioridade Média no acompanhamento de entrega. O prazo registrado é 2023-12-24 00:00:00 e o escore de risco calculado é 0.56.

Solicitamos confirmação do status da entrega e previsão atualizada, quando aplicável.

Esta mensagem foi gerada pelo protótipo de monitoramento de compras públicas.",simulado
928,Fornecedor_11,Tecnologia,13883.02,2023-02-10,-1205,0.1016029255728696,Baixa,prazo próximo do vencimento,Acompanhamento da OF 928 - prioridade Baixa,"Prezado fornecedor Fornecedor_11,

A Ordem de Fornecimento 928 apresenta prioridade Baixa no acompanhamento de entrega. O prazo registrado é 2023-02-10 00:00:00 e o escore de risco calculado é 0.10.

Solicitamos confirmação do status da entrega e previsão atualizada, quando aplicável.

Esta mensagem foi gerada pelo protótipo de monitoramento de compras públicas.",simulado
929,Fornecedor_18,Equipamentos,12456.38,2023-10-10,-963,0.5451817717450916,Média,prazo próximo do vencimento,Acompanhamento da OF 929 - prioridade Média,"Prezado fornecedor Fornecedor_18,

A Ordem de Fornecimento 929 apresenta prioridade Média no acompanhamento de entrega. O prazo registrado é 2023-10-10 00:00:00 e o escore de risco calculado é 0.55.

Solicitamos confirmação do status da entrega e previsão atualizada, quando aplicável.

Esta mensagem foi gerada pelo protótipo de monitoramento de compras públicas.",simulado
930,Fornecedor_1,Equipamentos,33632.32,2023-10-06,-967,0.465921359818898,Média,prazo próximo do vencimento,Acompanhamento da OF 930 - prioridade Média,"Prezado fornecedor Fornecedor_1,

A Ordem de Fornecimento 930 apresenta prioridade Média no acompanhamento de entrega. O prazo registrado é 2023-10-06 00:00:00 e o escore de risco calculado é 0.47.

Solicitamos confirmação do status da entrega e previsão atualizada, quando aplicável.

Esta mensagem foi gerada pelo protótipo de monitoramento de compras públicas.",simulado
931,Fornecedor_12,Equipamentos,14048.33,2023-10-03,-970,0.2471375041476732,Baixa,prazo próximo do vencimento,Acompanhamento da OF 931 - prioridade Baixa,"Prezado fornecedor Fornecedor_12,

A Ordem de Fornecimento 931 apresenta prioridade Baixa no acompanhamento de entrega. O prazo registrado é 2023-10-03 00:00:00 e o escore de risco calculado é 0.25.

Solicitamos confirmação do status da entrega e previsão atualizada, quando aplicável.

Esta mensagem foi gerada pelo protótipo de monitoramento de compras públicas.",simulado
932,Fornecedor_5,Equipamentos,36838.9,2023-09-14,-989,0.2588548172856855,Baixa,prazo próximo do vencimento,Acompanhamento da OF 932 - prioridade Baixa,"Prezado fornecedor Fornecedor_5,

A Ordem de Fornecimento 932 apresenta prioridade Baixa no acompanhamento de entrega. O prazo registrado é 2023-09-14 00:00:00 e o escore de risco calculado é 0.26.

Solicitamos confirmação do status da entrega e previsão atualizada, quando aplicável.

Esta mensagem foi gerada pelo protótipo de monitoramento de compras públicas.",simulado
933,Fornecedor_18,Equipamentos,21441.41,2023-08-14,-1020,0.6671944224668285,Média,prazo próximo do vencimento,Acompanhamento da OF 933 - prioridade Média,"Prezado fornecedor Fornecedor_18,

A Ordem de Fornecimento 933 apresenta prioridade Média no acompanhamento de entrega. O prazo registrado é 2023-08-14 00:00:00 e o escore de risco calculado é 0.67.

Solicitamos confirmação do status da entrega e previsão atualizada, quando aplicável.

Esta mensagem foi gerada pelo protótipo de monitoramento de compras públicas.",simulado
934,Fornecedor_2,Insumos,13257.7,2023-10-04,-969,0.113499550558488,Baixa,prazo próximo do vencimento,Acompanhamento da OF 934 - prioridade Baixa,"Prezado fornecedor Fornecedor_2,

A Ordem de Fornecimento 934 apresenta prioridade Baixa no acompanhamento de entrega. O prazo registrado é 2023-10-04 00:00:00 e o escore de risco calculado é 0.11.

Solicitamos confirmação do status da entrega e previsão atualizada, quando aplicável.

Esta mensagem foi gerada pelo protótipo de monitoramento de compras públicas.",simulado
935,Fornecedor_18,Medicamentos,35039.69,2023-06-09,-1086,0.2659676309954734,Baixa,prazo próximo do vencimento,Acompanhamento da OF 935 - prioridade Baixa,"Prezado fornecedor Fornecedor_18,

A Ordem de Fornecimento 935 apresenta prioridade Baixa no acompanhamento de entrega. O prazo registrado é 2023-06-09 00:00:00 e o escore de risco calculado é 0.27.

Solicitamos confirmação do status da entrega e previsão atualizada, quando aplicável.

Esta mensagem foi gerada pelo protótipo de monitoramento de compras públicas.",simulado
936,Fornecedor_10,Insumos,32828.02,2023-08-13,-1021,0.5930567017122729,Média,prazo próximo do vencimento,Acompanhamento da OF 936 - prioridade Média,"Prezado fornecedor Fornecedor_10,

A Ordem de Fornecimento 936 apresenta prioridade Média no acompanhamento de entrega. O prazo registrado é 2023-08-13 00:00:00 e o escore de risco calculado é 0.59.

Solicitamos confirmação do status da entrega e previsão atualizada, quando aplicável.

Esta mensagem foi gerada pelo protótipo de monitoramento de compras públicas.",simulado
937,Fornecedor_3,Tecnologia,30006.2,2023-01-19,-1227,0.5219033123602853,Média,prazo próximo do vencimento,Acompanhamento da OF 937 - prioridade Média,"Prezado fornecedor Fornecedor_3,

A Ordem de Fornecimento 937 apresenta prioridade Média no acompanhamento de entrega. O prazo registrado é 2023-01-19 00:00:00 e o escore de risco calculado é 0.52.

Solicitamos confirmação do status da entrega e previsão atualizada, quando aplicável.

Esta mensagem foi gerada pelo protótipo de monitoramento de compras públicas.",simulado
938,Fornecedor_18,Medicamentos,4725.2,2023-01-25,-1221,0.2169217178417475,Baixa,prazo próximo do vencimento,Acompanhamento da OF 938 - prioridade Baixa,"Prezado fornecedor Fornecedor_18,

A Ordem de Fornecimento 938 apresenta prioridade Baixa no acompanhamento de entrega. O prazo registrado é 2023-01-25 00:00:00 e o escore de risco calculado é 0.22.

Solicitamos confirmação do status da entrega e previsão atualizada, quando aplicável.

Esta mensagem foi gerada pelo protótipo de monitoramento de compras públicas.",simulado
939,Fornecedor_11,Insumos,7598.84,2023-09-18,-985,0.140386027712374,Baixa,prazo próximo do vencimento,Acompanhamento da OF 939 - prioridade Baixa,"Prezado fornecedor Fornecedor_11,

A Ordem de Fornecimento 939 apresenta prioridade Baixa no acompanhamento de entrega. O prazo registrado é 2023-09-18 00:00:00 e o escore de risco calculado é 0.14.

Solicitamos confirmação do status da entrega e previsão atualizada, quando aplicável.

Esta mensagem foi gerada pelo protótipo de monitoramento de compras públicas.",simulado
940,Fornecedor_11,Insumos,35072.69,2023-04-16,-1140,0.1508612892912203,Baixa,prazo próximo do vencimento,Acompanhamento da OF 940 - prioridade Baixa,"Prezado fornecedor Fornecedor_11,

A Ordem de Fornecimento 940 apresenta prioridade Baixa no acompanhamento de entrega. O prazo registrado é 2023-04-16 00:00:00 e o escore de risco calculado é 0.15.

Solicitamos confirmação do status da entrega e previsão atualizada, quando aplicável.

Esta mensagem foi gerada pelo protótipo de monitoramento de compras públicas.",simulado
941,Fornecedor_15,Insumos,34417.18,2023-11-19,-923,0.6552709360963332,Média,prazo próximo do vencimento,Acompanhamento da OF 941 - prioridade Média,"Prezado fornecedor Fornecedor_15,

A Ordem de Fornecimento 941 apresenta prioridade Média no acompanhamento de entrega. O prazo registrado é 2023-11-19 00:00:00 e o escore de risco calculado é 0.66.

Solicitamos confirmação do status da entrega e previsão atualizada, quando aplicável.

Esta mensagem foi gerada pelo protótipo de monitoramento de compras públicas.",simulado
942,Fornecedor_12,Tecnologia,26045.56,2023-12-02,-910,0.314970246600201,Baixa,prazo próximo do vencimento,Acompanhamento da OF 942 - prioridade Baixa,"Prezado fornecedor Fornecedor_12,

A Ordem de Fornecimento 942 apresenta prioridade Baixa no acompanhamento de entrega. O prazo registrado é 2023-12-02 00:00:00 e o escore de risco calculado é 0.31.

Solicitamos confirmação do status da entrega e previsão atualizada, quando aplicável.

Esta mensagem foi gerada pelo protótipo de monitoramento de compras públicas.",simulado
943,Fornecedor_10,Tecnologia,17939.11,2023-01-31,-1215,0.3959818743809275,Média,prazo próximo do vencimento,Acompanhamento da OF 943 - prioridade Média,"Prezado fornecedor Fornecedor_10,

A Ordem de Fornecimento 943 apresenta prioridade Média no acompanhamento de entrega. O prazo registrado é 2023-01-31 00:00:00 e o escore de risco calculado é 0.40.

Solicitamos confirmação do status da entrega e previsão atualizada, quando aplicável.

Esta mensagem foi gerada pelo protótipo de monitoramento de compras públicas.",simulado
944,Fornecedor_15,Medicamentos,7395.21,2023-11-06,-936,0.3107372774186654,Baixa,prazo próximo do vencimento,Acompanhamento da OF 944 - prioridade Baixa,"Prezado fornecedor Fornecedor_15,

A Ordem de Fornecimento 944 apresenta prioridade Baixa no acompanhamento de entrega. O prazo registrado é 2023-11-06 00:00:00 e o escore de risco calculado é 0.31.

Solicitamos confirmação do status da entrega e previsão atualizada, quando aplicável.

Esta mensagem foi gerada pelo protótipo de monitoramento de compras públicas.",simulado
945,Fornecedor_11,Equipamentos,22133.47,2023-07-18,-1047,0.0717576393252647,Baixa,prazo próximo do vencimento,Acompanhamento da OF 945 - prioridade Baixa,"Prezado fornecedor Fornecedor_11,

A Ordem de Fornecimento 945 apresenta prioridade Baixa no acompanhamento de entrega. O prazo registrado é 2023-07-18 00:00:00 e o escore de risco calculado é 0.07.

Solicitamos confirmação do status da entrega e previsão atualizada, quando aplicável.

Esta mensagem foi gerada pelo protótipo de monitoramento de compras públicas.",simulado
946,Fornecedor_4,Medicamentos,35266.17,2023-10-21,-952,0.5859872605787242,Média,prazo próximo do vencimento,Acompanhamento da OF 946 - prioridade Média,"Prezado fornecedor Fornecedor_4,

A Ordem de Fornecimento 946 apresenta prioridade Média no acompanhamento de entrega. O prazo registrado é 2023-10-21 00:00:00 e o escore de risco calculado é 0.59.

Solicitamos confirmação do status da entrega e previsão atualizada, quando aplicável.

Esta mensagem foi gerada pelo protótipo de monitoramento de compras públicas.",simulado
947,Fornecedor_20,Insumos,14088.94,2023-03-01,-1186,0.3090781120109662,Baixa,prazo próximo do vencimento,Acompanhamento da OF 947 - prioridade Baixa,"Prezado fornecedor Fornecedor_20,

A Ordem de Fornecimento 947 apresenta prioridade Baixa no acompanhamento de entrega. O prazo registrado é 2023-03-01 00:00:00 e o escore de risco calculado é 0.31.

Solicitamos confirmação do status da entrega e previsão atualizada, quando aplicável.

Esta mensagem foi gerada pelo protótipo de monitoramento de compras públicas.",simulado
948,Fornecedor_1,Tecnologia,48668.69,2023-03-20,-1167,0.7055617989217099,Alta,risco preditivo elevado; prazo próximo do vencimento,Acompanhamento da OF 948 - prioridade Alta,"Prezado fornecedor Fornecedor_1,

A Ordem de Fornecimento 948 apresenta prioridade Alta no acompanhamento de entrega. O prazo registrado é 2023-03-20 00:00:00 e o escore de risco calculado é 0.71.

Solicitamos confirmação do status da entrega e previsão atualizada, quando aplicável.

Esta mensagem foi gerada pelo protótipo de monitoramento de compras públicas.",simulado
949,Fornecedor_13,Equipamentos,18727.44,2023-09-01,-1002,0.3061028182724522,Baixa,prazo próximo do vencimento,Acompanhamento da OF 949 - prioridade Baixa,"Prezado fornecedor Fornecedor_13,

A Ordem de Fornecimento 949 apresenta prioridade Baixa no acompanhamento de entrega. O prazo registrado é 2023-09-01 00:00:00 e o escore de risco calculado é 0.31.

Solicitamos confirmação do status da entrega e previsão atualizada, quando aplicável.

Esta mensagem foi gerada pelo protótipo de monitoramento de compras públicas.",simulado
950,Fornecedor_11,Medicamentos,38624.08,2023-09-28,-975,0.0278665806982181,Baixa,prazo próximo do vencimento,Acompanhamento da OF 950 - prioridade Baixa,"Prezado fornecedor Fornecedor_11,

A Ordem de Fornecimento 950 apresenta prioridade Baixa no acompanhamento de entrega. O prazo registrado é 2023-09-28 00:00:00 e o escore de risco calculado é 0.03.

Solicitamos confirmação do status da entrega e previsão atualizada, quando aplicável.

Esta mensagem foi gerada pelo protótipo de monitoramento de compras públicas.",simulado
951,Fornecedor_7,Insumos,15289.74,2023-11-23,-919,0.1990401515762243,Baixa,prazo próximo do vencimento,Acompanhamento da OF 951 - prioridade Baixa,"Prezado fornecedor Fornecedor_7,

A Ordem de Fornecimento 951 apresenta prioridade Baixa no acompanhamento de entrega. O prazo registrado é 2023-11-23 00:00:00 e o escore de risco calculado é 0.20.

Solicitamos confirmação do status da entrega e previsão atualizada, quando aplicável.

Esta mensagem foi gerada pelo protótipo de monitoramento de compras públicas.",simulado
952,Fornecedor_4,Equipamentos,13626.22,2023-12-27,-885,0.4595551280288453,Média,prazo próximo do vencimento,Acompanhamento da OF 952 - prioridade Média,"Prezado fornecedor Fornecedor_4,

A Ordem de Fornecimento 952 apresenta prioridade Média no acompanhamento de entrega. O prazo registrado é 2023-12-27 00:00:00 e o escore de risco calculado é 0.46.

Solicitamos confirmação do status da entrega e previsão atualizada, quando aplicável.

Esta mensagem foi gerada pelo protótipo de monitoramento de compras públicas.",simulado
953,Fornecedor_3,Tecnologia,40236.22,2023-08-01,-1033,0.7101718402863154,Alta,risco preditivo elevado; prazo próximo do vencimento,Acompanhamento da OF 953 - prioridade Alta,"Prezado fornecedor Fornecedor_3,

A Ordem de Fornecimento 953 apresenta prioridade Alta no acompanhamento de entrega. O prazo registrado é 2023-08-01 00:00:00 e o escore de risco calculado é 0.71.

Solicitamos confirmação do status da entrega e previsão atualizada, quando aplicável.

Esta mensagem foi gerada pelo protótipo de monitoramento de compras públicas.",simulado
954,Fornecedor_19,Medicamentos,27701.95,2023-07-19,-1046,0.166007161789197,Baixa,prazo próximo do vencimento,Acompanhamento da OF 954 - prioridade Baixa,"Prezado fornecedor Fornecedor_19,

A Ordem de Fornecimento 954 apresenta prioridade Baixa no acompanhamento de entrega. O prazo registrado é 2023-07-19 00:00:00 e o escore de risco calculado é 0.17.

Solicitamos confirmação do status da entrega e previsão atualizada, quando aplicável.

Esta mensagem foi gerada pelo protótipo de monitoramento de compras públicas.",simulado
955,Fornecedor_20,Insumos,32278.42,2023-04-26,-1130,0.4020770359312065,Média,prazo próximo do vencimento,Acompanhamento da OF 955 - prioridade Média,"Prezado fornecedor Fornecedor_20,

A Ordem de Fornecimento 955 apresenta prioridade Média no acompanhamento de entrega. O prazo registrado é 2023-04-26 00:00:00 e o escore de risco calculado é 0.40.

Solicitamos confirmação do status da entrega e previsão atualizada, quando aplicável.

Esta mensagem foi gerada pelo protótipo de monitoramento de compras públicas.",simulado
956,Fornecedor_4,Equipamentos,35145.52,2023-08-23,-1011,0.2910060881920419,Baixa,prazo próximo do vencimento,Acompanhamento da OF 956 - prioridade Baixa,"Prezado fornecedor Fornecedor_4,

A Ordem de Fornecimento 956 apresenta prioridade Baixa no acompanhamento de entrega. O prazo registrado é 2023-08-23 00:00:00 e o escore de risco calculado é 0.29.

Solicitamos confirmação do status da entrega e previsão atualizada, quando aplicável.

Esta mensagem foi gerada pelo protótipo de monitoramento de compras públicas.",simulado
957,Fornecedor_1,Insumos,44716.17,2023-12-13,-899,0.7135794463535656,Alta,risco preditivo elevado; prazo próximo do vencimento,Acompanhamento da OF 957 - prioridade Alta,"Prezado fornecedor Fornecedor_1,

A Ordem de Fornecimento 957 apresenta prioridade Alta no acompanhamento de entrega. O prazo registrado é 2023-12-13 00:00:00 e o escore de risco calculado é 0.71.

Solicitamos confirmação do status da entrega e previsão atualizada, quando aplicável.

Esta mensagem foi gerada pelo protótipo de monitoramento de compras públicas.",simulado
958,Fornecedor_19,Equipamentos,16098.49,2023-07-08,-1057,0.7134700983026955,Alta,risco preditivo elevado; prazo próximo do vencimento,Acompanhamento da OF 958 - prioridade Alta,"Prezado fornecedor Fornecedor_19,

A Ordem de Fornecimento 958 apresenta prioridade Alta no acompanhamento de entrega. O prazo registrado é 2023-07-08 00:00:00 e o escore de risco calculado é 0.71.

Solicitamos confirmação do status da entrega e previsão atualizada, quando aplicável.

Esta mensagem foi gerada pelo protótipo de monitoramento de compras públicas.",simulado
959,Fornecedor_4,Equipamentos,14815.12,2023-10-07,-966,0.4788456603826365,Média,prazo próximo do vencimento,Acompanhamento da OF 959 - prioridade Média,"Prezado fornecedor Fornecedor_4,

A Ordem de Fornecimento 959 apresenta prioridade Média no acompanhamento de entrega. O prazo registrado é 2023-10-07 00:00:00 e o escore de risco calculado é 0.48.

Solicitamos confirmação do status da entrega e previsão atualizada, quando aplicável.

Esta mensagem foi gerada pelo protótipo de monitoramento de compras públicas.",simulado
960,Fornecedor_9,Tecnologia,47882.3,2023-11-17,-925,0.1607976924754135,Baixa,prazo próximo do vencimento,Acompanhamento da OF 960 - prioridade Baixa,"Prezado fornecedor Fornecedor_9,

A Ordem de Fornecimento 960 apresenta prioridade Baixa no acompanhamento de entrega. O prazo registrado é 2023-11-17 00:00:00 e o escore de risco calculado é 0.16.

Solicitamos confirmação do status da entrega e previsão atualizada, quando aplicável.

Esta mensagem foi gerada pelo protótipo de monitoramento de compras públicas.",simulado
961,Fornecedor_14,Equipamentos,41344.21,2023-06-06,-1089,0.1972608623809571,Baixa,prazo próximo do vencimento,Acompanhamento da OF 961 - prioridade Baixa,"Prezado fornecedor Fornecedor_14,

A Ordem de Fornecimento 961 apresenta prioridade Baixa no acompanhamento de entrega. O prazo registrado é 2023-06-06 00:00:00 e o escore de risco calculado é 0.20.

Solicitamos confirmação do status da entrega e previsão atualizada, quando aplicável.

Esta mensagem foi gerada pelo protótipo de monitoramento de compras públicas.",simulado
962,Fornecedor_13,Medicamentos,49237.67,2023-02-09,-1206,0.4688139298041361,Média,prazo próximo do vencimento,Acompanhamento da OF 962 - prioridade Média,"Prezado fornecedor Fornecedor_13,

A Ordem de Fornecimento 962 apresenta prioridade Média no acompanhamento de entrega. O prazo registrado é 2023-02-09 00:00:00 e o escore de risco calculado é 0.47.

Solicitamos confirmação do status da entrega e previsão atualizada, quando aplicável.

Esta mensagem foi gerada pelo protótipo de monitoramento de compras públicas.",simulado
963,Fornecedor_1,Medicamentos,8762.37,2023-12-23,-889,0.25165851032026,Baixa,prazo próximo do vencimento,Acompanhamento da OF 963 - prioridade Baixa,"Prezado fornecedor Fornecedor_1,

A Ordem de Fornecimento 963 apresenta prioridade Baixa no acompanhamento de entrega. O prazo registrado é 2023-12-23 00:00:00 e o escore de risco calculado é 0.25.

Solicitamos confirmação do status da entrega e previsão atualizada, quando aplicável.

Esta mensagem foi gerada pelo protótipo de monitoramento de compras públicas.",simulado
964,Fornecedor_1,Equipamentos,19073.58,2023-07-15,-1050,0.355012191328294,Baixa,prazo próximo do vencimento,Acompanhamento da OF 964 - prioridade Baixa,"Prezado fornecedor Fornecedor_1,

A Ordem de Fornecimento 964 apresenta prioridade Baixa no acompanhamento de entrega. O prazo registrado é 2023-07-15 00:00:00 e o escore de risco calculado é 0.36.

Solicitamos confirmação do status da entrega e previsão atualizada, quando aplicável.

Esta mensagem foi gerada pelo protótipo de monitoramento de compras públicas.",simulado
965,Fornecedor_16,Equipamentos,23962.0,2023-09-05,-998,0.1858687061780014,Baixa,prazo próximo do vencimento,Acompanhamento da OF 965 - prioridade Baixa,"Prezado fornecedor Fornecedor_16,

A Ordem de Fornecimento 965 apresenta prioridade Baixa no acompanhamento de entrega. O prazo registrado é 2023-09-05 00:00:00 e o escore de risco calculado é 0.19.

Solicitamos confirmação do status da entrega e previsão atualizada, quando aplicável.

Esta mensagem foi gerada pelo protótipo de monitoramento de compras públicas.",simulado
966,Fornecedor_6,Equipamentos,5950.39,2023-07-12,-1053,0.1371143332788211,Baixa,prazo próximo do vencimento,Acompanhamento da OF 966 - prioridade Baixa,"Prezado fornecedor Fornecedor_6,

A Ordem de Fornecimento 966 apresenta prioridade Baixa no acompanhamento de entrega. O prazo registrado é 2023-07-12 00:00:00 e o escore de risco calculado é 0.14.

Solicitamos confirmação do status da entrega e previsão atualizada, quando aplicável.

Esta mensagem foi gerada pelo protótipo de monitoramento de compras públicas.",simulado
967,Fornecedor_3,Equipamentos,38027.64,2023-07-06,-1059,0.7468355473127769,Alta,risco preditivo elevado; prazo próximo do vencimento,Acompanhamento da OF 967 - prioridade Alta,"Prezado fornecedor Fornecedor_3,

A Ordem de Fornecimento 967 apresenta prioridade Alta no acompanhamento de entrega. O prazo registrado é 2023-07-06 00:00:00 e o escore de risco calculado é 0.75.

Solicitamos confirmação do status da entrega e previsão atualizada, quando aplicável.

Esta mensagem foi gerada pelo protótipo de monitoramento de compras públicas.",simulado
968,Fornecedor_18,Medicamentos,25718.11,2023-05-19,-1107,0.2560992871591251,Baixa,prazo próximo do vencimento,Acompanhamento da OF 968 - prioridade Baixa,"Prezado fornecedor Fornecedor_18,

A Ordem de Fornecimento 968 apresenta prioridade Baixa no acompanhamento de entrega. O prazo registrado é 2023-05-19 00:00:00 e o escore de risco calculado é 0.26.

Solicitamos confirmação do status da entrega e previsão atualizada, quando aplicável.

Esta mensagem foi gerada pelo protótipo de monitoramento de compras públicas.",simulado
969,Fornecedor_3,Insumos,38706.49,2023-04-20,-1136,0.3846764036034487,Baixa,prazo próximo do vencimento,Acompanhamento da OF 969 - prioridade Baixa,"Prezado fornecedor Fornecedor_3,

A Ordem de Fornecimento 969 apresenta prioridade Baixa no acompanhamento de entrega. O prazo registrado é 2023-04-20 00:00:00 e o escore de risco calculado é 0.38.

Solicitamos confirmação do status da entrega e previsão atualizada, quando aplicável.

Esta mensagem foi gerada pelo protótipo de monitoramento de compras públicas.",simulado
970,Fornecedor_3,Insumos,32966.75,2023-02-23,-1192,0.187645082762272,Baixa,prazo próximo do vencimento,Acompanhamento da OF 970 - prioridade Baixa,"Prezado fornecedor Fornecedor_3,

A Ordem de Fornecimento 970 apresenta prioridade Baixa no acompanhamento de entrega. O prazo registrado é 2023-02-23 00:00:00 e o escore de risco calculado é 0.19.

Solicitamos confirmação do status da entrega e previsão atualizada, quando aplicável.

Esta mensagem foi gerada pelo protótipo de monitoramento de compras públicas.",simulado
971,Fornecedor_11,Medicamentos,48574.95,2023-09-22,-981,0.067942554066837,Baixa,prazo próximo do vencimento,Acompanhamento da OF 971 - prioridade Baixa,"Prezado fornecedor Fornecedor_11,

A Ordem de Fornecimento 971 apresenta prioridade Baixa no acompanhamento de entrega. O prazo registrado é 2023-09-22 00:00:00 e o escore de risco calculado é 0.07.

Solicitamos confirmação do status da entrega e previsão atualizada, quando aplicável.

Esta mensagem foi gerada pelo protótipo de monitoramento de compras públicas.",simulado
972,Fornecedor_12,Insumos,26683.97,2023-05-06,-1120,0.3046404597131244,Baixa,prazo próximo do vencimento,Acompanhamento da OF 972 - prioridade Baixa,"Prezado fornecedor Fornecedor_12,

A Ordem de Fornecimento 972 apresenta prioridade Baixa no acompanhamento de entrega. O prazo registrado é 2023-05-06 00:00:00 e o escore de risco calculado é 0.30.

Solicitamos confirmação do status da entrega e previsão atualizada, quando aplicável.

Esta mensagem foi gerada pelo protótipo de monitoramento de compras públicas.",simulado
973,Fornecedor_5,Medicamentos,22641.01,2024-01-02,-879,0.2535408209848258,Baixa,prazo próximo do vencimento,Acompanhamento da OF 973 - prioridade Baixa,"Prezado fornecedor Fornecedor_5,

A Ordem de Fornecimento 973 apresenta prioridade Baixa no acompanhamento de entrega. O prazo registrado é 2024-01-02 00:00:00 e o escore de risco calculado é 0.25.

Solicitamos confirmação do status da entrega e previsão atualizada, quando aplicável.

Esta mensagem foi gerada pelo protótipo de monitoramento de compras públicas.",simulado
974,Fornecedor_14,Insumos,13283.88,2023-04-15,-1141,0.2768200597291159,Baixa,prazo próximo do vencimento,Acompanhamento da OF 974 - prioridade Baixa,"Prezado fornecedor Fornecedor_14,

A Ordem de Fornecimento 974 apresenta prioridade Baixa no acompanhamento de entrega. O prazo registrado é 2023-04-15 00:00:00 e o escore de risco calculado é 0.28.

Solicitamos confirmação do status da entrega e previsão atualizada, quando aplicável.

Esta mensagem foi gerada pelo protótipo de monitoramento de compras públicas.",simulado
975,Fornecedor_17,Tecnologia,40742.97,2023-10-30,-943,0.6434183176331094,Média,prazo próximo do vencimento,Acompanhamento da OF 975 - prioridade Média,"Prezado fornecedor Fornecedor_17,

A Ordem de Fornecimento 975 apresenta prioridade Média no acompanhamento de entrega. O prazo registrado é 2023-10-30 00:00:00 e o escore de risco calculado é 0.64.

Solicitamos confirmação do status da entrega e previsão atualizada, quando aplicável.

Esta mensagem foi gerada pelo protótipo de monitoramento de compras públicas.",simulado
976,Fornecedor_13,Equipamentos,35359.56,2023-03-29,-1158,0.4053426601236078,Média,prazo próximo do vencimento,Acompanhamento da OF 976 - prioridade Média,"Prezado fornecedor Fornecedor_13,

A Ordem de Fornecimento 976 apresenta prioridade Média no acompanhamento de entrega. O prazo registrado é 2023-03-29 00:00:00 e o escore de risco calculado é 0.41.

Solicitamos confirmação do status da entrega e previsão atualizada, quando aplicável.

Esta mensagem foi gerada pelo protótipo de monitoramento de compras públicas.",simulado
977,Fornecedor_9,Insumos,31498.92,2023-05-18,-1108,0.6990208174196783,Alta,prazo próximo do vencimento,Acompanhamento da OF 977 - prioridade Alta,"Prezado fornecedor Fornecedor_9,

A Ordem de Fornecimento 977 apresenta prioridade Alta no acompanhamento de entrega. O prazo registrado é 2023-05-18 00:00:00 e o escore de risco calculado é 0.70.

Solicitamos confirmação do status da entrega e previsão atualizada, quando aplicável.

Esta mensagem foi gerada pelo protótipo de monitoramento de compras públicas.",simulado
978,Fornecedor_10,Medicamentos,13492.02,2023-08-15,-1019,0.3751041506433571,Baixa,prazo próximo do vencimento,Acompanhamento da OF 978 - prioridade Baixa,"Prezado fornecedor Fornecedor_10,

A Ordem de Fornecimento 978 apresenta prioridade Baixa no acompanhamento de entrega. O prazo registrado é 2023-08-15 00:00:00 e o escore de risco calculado é 0.38.

Solicitamos confirmação do status da entrega e previsão atualizada, quando aplicável.

Esta mensagem foi gerada pelo protótipo de monitoramento de compras públicas.",simulado
979,Fornecedor_10,Tecnologia,16689.24,2023-10-04,-969,0.2866863753558107,Baixa,prazo próximo do vencimento,Acompanhamento da OF 979 - prioridade Baixa,"Prezado fornecedor Fornecedor_10,

A Ordem de Fornecimento 979 apresenta prioridade Baixa no acompanhamento de entrega. O prazo registrado é 2023-10-04 00:00:00 e o escore de risco calculado é 0.29.

Solicitamos confirmação do status da entrega e previsão atualizada, quando aplicável.

Esta mensagem foi gerada pelo protótipo de monitoramento de compras públicas.",simulado
980,Fornecedor_18,Equipamentos,34099.58,2023-11-21,-921,0.6705684112588587,Média,prazo próximo do vencimento,Acompanhamento da OF 980 - prioridade Média,"Prezado fornecedor Fornecedor_18,

A Ordem de Fornecimento 980 apresenta prioridade Média no acompanhamento de entrega. O prazo registrado é 2023-11-21 00:00:00 e o escore de risco calculado é 0.67.

Solicitamos confirmação do status da entrega e previsão atualizada, quando aplicável.

Esta mensagem foi gerada pelo protótipo de monitoramento de compras públicas.",simulado
981,Fornecedor_13,Medicamentos,34170.84,2024-01-04,-877,0.1947213481925754,Baixa,prazo próximo do vencimento,Acompanhamento da OF 981 - prioridade Baixa,"Prezado fornecedor Fornecedor_13,

A Ordem de Fornecimento 981 apresenta prioridade Baixa no acompanhamento de entrega. O prazo registrado é 2024-01-04 00:00:00 e o escore de risco calculado é 0.19.

Solicitamos confirmação do status da entrega e previsão atualizada, quando aplicável.

Esta mensagem foi gerada pelo protótipo de monitoramento de compras públicas.",simulado
982,Fornecedor_10,Equipamentos,19026.27,2023-05-21,-1105,0.6860953861782542,Média,prazo próximo do vencimento,Acompanhamento da OF 982 - prioridade Média,"Prezado fornecedor Fornecedor_10,

A Ordem de Fornecimento 982 apresenta prioridade Média no acompanhamento de entrega. O prazo registrado é 2023-05-21 00:00:00 e o escore de risco calculado é 0.69.

Solicitamos confirmação do status da entrega e previsão atualizada, quando aplicável.

Esta mensagem foi gerada pelo protótipo de monitoramento de compras públicas.",simulado
983,Fornecedor_8,Tecnologia,20336.99,2023-11-24,-918,0.567028855278613,Média,prazo próximo do vencimento,Acompanhamento da OF 983 - prioridade Média,"Prezado fornecedor Fornecedor_8,

A Ordem de Fornecimento 983 apresenta prioridade Média no acompanhamento de entrega. O prazo registrado é 2023-11-24 00:00:00 e o escore de risco calculado é 0.57.

Solicitamos confirmação do status da entrega e previsão atualizada, quando aplicável.

Esta mensagem foi gerada pelo protótipo de monitoramento de compras públicas.",simulado
984,Fornecedor_19,Insumos,37554.37,2023-01-20,-1226,0.5884807876299267,Média,prazo próximo do vencimento,Acompanhamento da OF 984 - prioridade Média,"Prezado fornecedor Fornecedor_19,

A Ordem de Fornecimento 984 apresenta prioridade Média no acompanhamento de entrega. O prazo registrado é 2023-01-20 00:00:00 e o escore de risco calculado é 0.59.

Solicitamos confirmação do status da entrega e previsão atualizada, quando aplicável.

Esta mensagem foi gerada pelo protótipo de monitoramento de compras públicas.",simulado
985,Fornecedor_4,Tecnologia,22754.29,2024-01-20,-861,0.2315379568649667,Baixa,prazo próximo do vencimento,Acompanhamento da OF 985 - prioridade Baixa,"Prezado fornecedor Fornecedor_4,

A Ordem de Fornecimento 985 apresenta prioridade Baixa no acompanhamento de entrega. O prazo registrado é 2024-01-20 00:00:00 e o escore de risco calculado é 0.23.

Solicitamos confirmação do status da entrega e previsão atualizada, quando aplicável.

Esta mensagem foi gerada pelo protótipo de monitoramento de compras públicas.",simulado
986,Fornecedor_1,Medicamentos,9358.03,2023-02-06,-1209,0.2259572216858158,Baixa,prazo próximo do vencimento,Acompanhamento da OF 986 - prioridade Baixa,"Prezado fornecedor Fornecedor_1,

A Ordem de Fornecimento 986 apresenta prioridade Baixa no acompanhamento de entrega. O prazo registrado é 2023-02-06 00:00:00 e o escore de risco calculado é 0.23.

Solicitamos confirmação do status da entrega e previsão atualizada, quando aplicável.

Esta mensagem foi gerada pelo protótipo de monitoramento de compras públicas.",simulado
987,Fornecedor_9,Tecnologia,47280.86,2023-01-25,-1221,0.1820544365910599,Baixa,prazo próximo do vencimento,Acompanhamento da OF 987 - prioridade Baixa,"Prezado fornecedor Fornecedor_9,

A Ordem de Fornecimento 987 apresenta prioridade Baixa no acompanhamento de entrega. O prazo registrado é 2023-01-25 00:00:00 e o escore de risco calculado é 0.18.

Solicitamos confirmação do status da entrega e previsão atualizada, quando aplicável.

Esta mensagem foi gerada pelo protótipo de monitoramento de compras públicas.",simulado
988,Fornecedor_14,Equipamentos,6962.14,2023-04-24,-1132,0.379125822145533,Baixa,prazo próximo do vencimento,Acompanhamento da OF 988 - prioridade Baixa,"Prezado fornecedor Fornecedor_14,

A Ordem de Fornecimento 988 apresenta prioridade Baixa no acompanhamento de entrega. O prazo registrado é 2023-04-24 00:00:00 e o escore de risco calculado é 0.38.

Solicitamos confirmação do status da entrega e previsão atualizada, quando aplicável.

Esta mensagem foi gerada pelo protótipo de monitoramento de compras públicas.",simulado
989,Fornecedor_15,Equipamentos,31639.99,2023-05-27,-1099,0.1690688319504613,Baixa,prazo próximo do vencimento,Acompanhamento da OF 989 - prioridade Baixa,"Prezado fornecedor Fornecedor_15,

A Ordem de Fornecimento 989 apresenta prioridade Baixa no acompanhamento de entrega. O prazo registrado é 2023-05-27 00:00:00 e o escore de risco calculado é 0.17.

Solicitamos confirmação do status da entrega e previsão atualizada, quando aplicável.

Esta mensagem foi gerada pelo protótipo de monitoramento de compras públicas.",simulado
990,Fornecedor_15,Insumos,29883.33,2023-06-27,-1068,0.2195496103824042,Baixa,prazo próximo do vencimento,Acompanhamento da OF 990 - prioridade Baixa,"Prezado fornecedor Fornecedor_15,

A Ordem de Fornecimento 990 apresenta prioridade Baixa no acompanhamento de entrega. O prazo registrado é 2023-06-27 00:00:00 e o escore de risco calculado é 0.22.

Solicitamos confirmação do status da entrega e previsão atualizada, quando aplicável.

Esta mensagem foi gerada pelo protótipo de monitoramento de compras públicas.",simulado
991,Fornecedor_7,Medicamentos,43278.16,2023-12-05,-907,0.2427216495549479,Baixa,prazo próximo do vencimento,Acompanhamento da OF 991 - prioridade Baixa,"Prezado fornecedor Fornecedor_7,

A Ordem de Fornecimento 991 apresenta prioridade Baixa no acompanhamento de entrega. O prazo registrado é 2023-12-05 00:00:00 e o escore de risco calculado é 0.24.

Solicitamos confirmação do status da entrega e previsão atualizada, quando aplicável.

Esta mensagem foi gerada pelo protótipo de monitoramento de compras públicas.",simulado
992,Fornecedor_10,Tecnologia,4775.02,2023-06-15,-1080,0.2998474445988214,Baixa,prazo próximo do vencimento,Acompanhamento da OF 992 - prioridade Baixa,"Prezado fornecedor Fornecedor_10,

A Ordem de Fornecimento 992 apresenta prioridade Baixa no acompanhamento de entrega. O prazo registrado é 2023-06-15 00:00:00 e o escore de risco calculado é 0.30.

Solicitamos confirmação do status da entrega e previsão atualizada, quando aplicável.

Esta mensagem foi gerada pelo protótipo de monitoramento de compras públicas.",simulado
993,Fornecedor_1,Tecnologia,9969.86,2023-05-31,-1095,0.5551544249323468,Média,prazo próximo do vencimento,Acompanhamento da OF 993 - prioridade Média,"Prezado fornecedor Fornecedor_1,

A Ordem de Fornecimento 993 apresenta prioridade Média no acompanhamento de entrega. O prazo registrado é 2023-05-31 00:00:00 e o escore de risco calculado é 0.56.

Solicitamos confirmação do status da entrega e previsão atualizada, quando aplicável.

Esta mensagem foi gerada pelo protótipo de monitoramento de compras públicas.",simulado
994,Fornecedor_1,Medicamentos,19255.26,2023-12-13,-899,0.1845561781972943,Baixa,prazo próximo do vencimento,Acompanhamento da OF 994 - prioridade Baixa,"Prezado fornecedor Fornecedor_1,

A Ordem de Fornecimento 994 apresenta prioridade Baixa no acompanhamento de entrega. O prazo registrado é 2023-12-13 00:00:00 e o escore de risco calculado é 0.18.

Solicitamos confirmação do status da entrega e previsão atualizada, quando aplicável.

Esta mensagem foi gerada pelo protótipo de monitoramento de compras públicas.",simulado
995,Fornecedor_7,Medicamentos,34746.61,2023-04-05,-1151,0.3573130295509903,Baixa,prazo próximo do vencimento,Acompanhamento da OF 995 - prioridade Baixa,"Prezado fornecedor Fornecedor_7,

A Ordem de Fornecimento 995 apresenta prioridade Baixa no acompanhamento de entrega. O prazo registrado é 2023-04-05 00:00:00 e o escore de risco calculado é 0.36.

Solicitamos confirmação do status da entrega e previsão atualizada, quando aplicável.

Esta mensagem foi gerada pelo protótipo de monitoramento de compras públicas.",simulado
996,Fornecedor_20,Insumos,3272.83,2023-12-24,-888,0.2750228840972296,Baixa,prazo próximo do vencimento,Acompanhamento da OF 996 - prioridade Baixa,"Prezado fornecedor Fornecedor_20,

A Ordem de Fornecimento 996 apresenta prioridade Baixa no acompanhamento de entrega. O prazo registrado é 2023-12-24 00:00:00 e o escore de risco calculado é 0.28.

Solicitamos confirmação do status da entrega e previsão atualizada, quando aplicável.

Esta mensagem foi gerada pelo protótipo de monitoramento de compras públicas.",simulado
997,Fornecedor_4,Medicamentos,44541.23,2023-08-19,-1015,0.1793949776087037,Baixa,prazo próximo do vencimento,Acompanhamento da OF 997 - prioridade Baixa,"Prezado fornecedor Fornecedor_4,

A Ordem de Fornecimento 997 apresenta prioridade Baixa no acompanhamento de entrega. O prazo registrado é 2023-08-19 00:00:00 e o escore de risco calculado é 0.18.

Solicitamos confirmação do status da entrega e previsão atualizada, quando aplicável.

Esta mensagem foi gerada pelo protótipo de monitoramento de compras públicas.",simulado
998,Fornecedor_5,Insumos,24742.7,2023-03-15,-1172,0.2295189902170887,Baixa,prazo próximo do vencimento,Acompanhamento da OF 998 - prioridade Baixa,"Prezado fornecedor Fornecedor_5,

A Ordem de Fornecimento 998 apresenta prioridade Baixa no acompanhamento de entrega. O prazo registrado é 2023-03-15 00:00:00 e o escore de risco calculado é 0.23.

Solicitamos confirmação do status da entrega e previsão atualizada, quando aplicável.

Esta mensagem foi gerada pelo protótipo de monitoramento de compras públicas.",simulado
999,Fornecedor_3,Equipamentos,45415.37,2023-07-04,-1061,0.7875069835906947,Alta,risco preditivo elevado; prazo próximo do vencimento,Acompanhamento da OF 999 - prioridade Alta,"Prezado fornecedor Fornecedor_3,

A Ordem de Fornecimento 999 apresenta prioridade Alta no acompanhamento de entrega. O prazo registrado é 2023-07-04 00:00:00 e o escore de risco calculado é 0.79.

Solicitamos confirmação do status da entrega e previsão atualizada, quando aplicável.

Esta mensagem foi gerada pelo protótipo de monitoramento de compras públicas.",simulado
1000,Fornecedor_10,Tecnologia,35808.03,2023-05-27,-1099,0.4695106343771476,Média,prazo próximo do vencimento,Acompanhamento da OF 1000 - prioridade Média,"Prezado fornecedor Fornecedor_10,

A Ordem de Fornecimento 1000 apresenta prioridade Média no acompanhamento de entrega. O prazo registrado é 2023-05-27 00:00:00 e o escore de risco calculado é 0.47.

Solicitamos confirmação do status da entrega e previsão atualizada, quando aplicável.

Esta mensagem foi gerada pelo protótipo de monitoramento de compras públicas.",simulado
